No game binary has been provided, please press PLAY in the Godot editor
waiting for remote GODOT connection on port 11008
connection established
action space [{'movement': {'size': 2, 'action_type': 'continuous'}, 'combat': {'size': 3, 'action_type': 'continuous'}}, {'movement': {'size': 2, 'action_type': 'continuous'}, 'combat': {'size': 3, 'action_type': 'continuous'}}, {'movement': {'size': 2, 'action_type': 'continuous'}, 'combat': {'size': 3, 'action_type': 'continuous'}}, {'movement': {'size': 2, 'action_type': 'continuous'}, 'combat': {'size': 3, 'action_type': 'continuous'}}, {'movement': {'size': 2, 'action_type': 'continuous'}, 'combat': {'size': 3, 'action_type': 'continuous'}}, {'movement': {'size': 2, 'action_type': 'continuous'}, 'combat': {'size': 3, 'action_type': 'continuous'}}, {'movement': {'size': 2, 'action_type': 'continuous'}, 'combat': {'size': 3, 'action_type': 'continuous'}}, {'movement': {'size': 2, 'action_type': 'continuous'}, 'combat': {'size': 3, 'action_type': 'continuous'}}, {'movement': {'size': 2, 'action_type': 'continuous'}, 'combat': {'size': 3, 'action_type': 'continuous'}}, {'movement': {'size': 2, 'action_type': 'continuous'}, 'combat': {'size': 3, 'action_type': 'continuous'}}, {'movement': {'size': 2, 'action_type': 'continuous'}, 'combat': {'size': 3, 'action_type': 'continuous'}}, {'movement': {'size': 2, 'action_type': 'continuous'}, 'combat': {'size': 3, 'action_type': 'continuous'}}, {'movement': {'size': 2, 'action_type': 'continuous'}, 'combat': {'size': 3, 'action_type': 'continuous'}}, {'movement': {'size': 2, 'action_type': 'continuous'}, 'combat': {'size': 3, 'action_type': 'continuous'}}, {'movement': {'size': 2, 'action_type': 'continuous'}, 'combat': {'size': 3, 'action_type': 'continuous'}}, {'movement': {'size': 2, 'action_type': 'continuous'}, 'combat': {'size': 3, 'action_type': 'continuous'}}, {'movement': {'size': 2, 'action_type': 'continuous'}, 'combat': {'size': 3, 'action_type': 'continuous'}}, {'movement': {'size': 2, 'action_type': 'continuous'}, 'combat': {'size': 3, 'action_type': 'continuous'}}, {'movement': {'size': 2, 'action_type': 'continuous'}, 'combat': {'size': 3, 'action_type': 'continuous'}}, {'movement': {'size': 2, 'action_type': 'continuous'}, 'combat': {'size': 3, 'action_type': 'continuous'}}, {'movement': {'size': 2, 'action_type': 'continuous'}, 'combat': {'size': 3, 'action_type': 'continuous'}}, {'movement': {'size': 2, 'action_type': 'continuous'}, 'combat': {'size': 3, 'action_type': 'continuous'}}, {'movement': {'size': 2, 'action_type': 'continuous'}, 'combat': {'size': 3, 'action_type': 'continuous'}}, {'movement': {'size': 2, 'action_type': 'continuous'}, 'combat': {'size': 3, 'action_type': 'continuous'}}, {'movement': {'size': 2, 'action_type': 'continuous'}, 'combat': {'size': 3, 'action_type': 'continuous'}}, {'movement': {'size': 2, 'action_type': 'continuous'}, 'combat': {'size': 3, 'action_type': 'continuous'}}, {'movement': {'size': 2, 'action_type': 'continuous'}, 'combat': {'size': 3, 'action_type': 'continuous'}}, {'movement': {'size': 2, 'action_type': 'continuous'}, 'combat': {'size': 3, 'action_type': 'continuous'}}, {'movement': {'size': 2, 'action_type': 'continuous'}, 'combat': {'size': 3, 'action_type': 'continuous'}}, {'movement': {'size': 2, 'action_type': 'continuous'}, 'combat': {'size': 3, 'action_type': 'continuous'}}, {'movement': {'size': 2, 'action_type': 'continuous'}, 'combat': {'size': 3, 'action_type': 'continuous'}}, {'movement': {'size': 2, 'action_type': 'continuous'}, 'combat': {'size': 3, 'action_type': 'continuous'}}]
observation space [{'obs': {'size': [57], 'space': 'box'}}, {'obs': {'size': [57], 'space': 'box'}}, {'obs': {'size': [57], 'space': 'box'}}, {'obs': {'size': [57], 'space': 'box'}}, {'obs': {'size': [57], 'space': 'box'}}, {'obs': {'size': [57], 'space': 'box'}}, {'obs': {'size': [57], 'space': 'box'}}, {'obs': {'size': [57], 'space': 'box'}}, {'obs': {'size': [57], 'space': 'box'}}, {'obs': {'size': [57], 'space': 'box'}}, {'obs': {'size': [57], 'space': 'box'}}, {'obs': {'size': [57], 'space': 'box'}}, {'obs': {'size': [57], 'space': 'box'}}, {'obs': {'size': [57], 'space': 'box'}}, {'obs': {'size': [57], 'space': 'box'}}, {'obs': {'size': [57], 'space': 'box'}}, {'obs': {'size': [57], 'space': 'box'}}, {'obs': {'size': [57], 'space': 'box'}}, {'obs': {'size': [57], 'space': 'box'}}, {'obs': {'size': [57], 'space': 'box'}}, {'obs': {'size': [57], 'space': 'box'}}, {'obs': {'size': [57], 'space': 'box'}}, {'obs': {'size': [57], 'space': 'box'}}, {'obs': {'size': [57], 'space': 'box'}}, {'obs': {'size': [57], 'space': 'box'}}, {'obs': {'size': [57], 'space': 'box'}}, {'obs': {'size': [57], 'space': 'box'}}, {'obs': {'size': [57], 'space': 'box'}}, {'obs': {'size': [57], 'space': 'box'}}, {'obs': {'size': [57], 'space': 'box'}}, {'obs': {'size': [57], 'space': 'box'}}, {'obs': {'size': [57], 'space': 'box'}}]
Using cpu device
Logging to D:\AIfight\training\runs\gladiator_team_v5\ppo_1
---------------------------------
| rollout/           |          |
|    ep_len_mean     | 7.39     |
|    ep_rew_mean     | -1.08    |
| time/              |          |
|    fps             | 508      |
|    iterations      | 1        |
|    time_elapsed    | 4        |
|    total_timesteps | 2048     |
---------------------------------
-----------------------------------------
| rollout/                |             |
|    ep_len_mean          | 29.9        |
|    ep_rew_mean          | -2.45       |
| time/                   |             |
|    fps                  | 464         |
|    iterations           | 2           |
|    time_elapsed         | 8           |
|    total_timesteps      | 4096        |
| train/                  |             |
|    approx_kl            | 0.012420114 |
|    clip_fraction        | 0.111       |
|    clip_range           | 0.2         |
|    entropy_loss         | -7.09       |
|    explained_variance   | 0.00693     |
|    learning_rate        | 0.0003      |
|    loss                 | 1.77        |
|    n_updates            | 10          |
|    policy_gradient_loss | -0.018      |
|    std                  | 0.997       |
|    value_loss           | 3.04        |
-----------------------------------------
-----------------------------------------
| rollout/                |             |
|    ep_len_mean          | 57.7        |
|    ep_rew_mean          | -2.06       |
| time/                   |             |
|    fps                  | 434         |
|    iterations           | 3           |
|    time_elapsed         | 14          |
|    total_timesteps      | 6144        |
| train/                  |             |
|    approx_kl            | 0.014970604 |
|    clip_fraction        | 0.149       |
|    clip_range           | 0.2         |
|    entropy_loss         | -7.08       |
|    explained_variance   | 0.15        |
|    learning_rate        | 0.0003      |
|    loss                 | 0.179       |
|    n_updates            | 20          |
|    policy_gradient_loss | -0.0224     |
|    std                  | 0.999       |
|    value_loss           | 0.57        |
-----------------------------------------
-----------------------------------------
| rollout/                |             |
|    ep_len_mean          | 69.8        |
|    ep_rew_mean          | -1.55       |
| time/                   |             |
|    fps                  | 416         |
|    iterations           | 4           |
|    time_elapsed         | 19          |
|    total_timesteps      | 8192        |
| train/                  |             |
|    approx_kl            | 0.015077552 |
|    clip_fraction        | 0.163       |
|    clip_range           | 0.2         |
|    entropy_loss         | -7.1        |
|    explained_variance   | 0.427       |
|    learning_rate        | 0.0003      |
|    loss                 | 0.192       |
|    n_updates            | 30          |
|    policy_gradient_loss | -0.0247     |
|    std                  | 1           |
|    value_loss           | 0.458       |
-----------------------------------------
-----------------------------------------
| rollout/                |             |
|    ep_len_mean          | 76.5        |
|    ep_rew_mean          | -0.609      |
| time/                   |             |
|    fps                  | 410         |
|    iterations           | 5           |
|    time_elapsed         | 24          |
|    total_timesteps      | 10240       |
| train/                  |             |
|    approx_kl            | 0.016445935 |
|    clip_fraction        | 0.179       |
|    clip_range           | 0.2         |
|    entropy_loss         | -7.1        |
|    explained_variance   | 0.585       |
|    learning_rate        | 0.0003      |
|    loss                 | 0.0329      |
|    n_updates            | 40          |
|    policy_gradient_loss | -0.0288     |
|    std                  | 1           |
|    value_loss           | 0.212       |
-----------------------------------------
-----------------------------------------
| rollout/                |             |
|    ep_len_mean          | 103         |
|    ep_rew_mean          | 2.84        |
| time/                   |             |
|    fps                  | 403         |
|    iterations           | 6           |
|    time_elapsed         | 30          |
|    total_timesteps      | 12288       |
| train/                  |             |
|    approx_kl            | 0.013555687 |
|    clip_fraction        | 0.11        |
|    clip_range           | 0.2         |
|    entropy_loss         | -7.09       |
|    explained_variance   | 0.576       |
|    learning_rate        | 0.0003      |
|    loss                 | 0.0514      |
|    n_updates            | 50          |
|    policy_gradient_loss | -0.02       |
|    std                  | 0.997       |
|    value_loss           | 0.273       |
-----------------------------------------
-----------------------------------------
| rollout/                |             |
|    ep_len_mean          | 116         |
|    ep_rew_mean          | 4.32        |
| time/                   |             |
|    fps                  | 398         |
|    iterations           | 7           |
|    time_elapsed         | 35          |
|    total_timesteps      | 14336       |
| train/                  |             |
|    approx_kl            | 0.013664389 |
|    clip_fraction        | 0.145       |
|    clip_range           | 0.2         |
|    entropy_loss         | -7.08       |
|    explained_variance   | 0.517       |
|    learning_rate        | 0.0003      |
|    loss                 | 0.0396      |
|    n_updates            | 60          |
|    policy_gradient_loss | -0.0234     |
|    std                  | 0.997       |
|    value_loss           | 0.221       |
-----------------------------------------
-----------------------------------------
| rollout/                |             |
|    ep_len_mean          | 139         |
|    ep_rew_mean          | 6.37        |
| time/                   |             |
|    fps                  | 395         |
|    iterations           | 8           |
|    time_elapsed         | 41          |
|    total_timesteps      | 16384       |
| train/                  |             |
|    approx_kl            | 0.013254387 |
|    clip_fraction        | 0.145       |
|    clip_range           | 0.2         |
|    entropy_loss         | -7.08       |
|    explained_variance   | 0.717       |
|    learning_rate        | 0.0003      |
|    loss                 | -0.0127     |
|    n_updates            | 70          |
|    policy_gradient_loss | -0.0222     |
|    std                  | 0.995       |
|    value_loss           | 0.116       |
-----------------------------------------
------------------------------------------
| rollout/                |              |
|    ep_len_mean          | 155          |
|    ep_rew_mean          | 9.28         |
| time/                   |              |
|    fps                  | 397          |
|    iterations           | 9            |
|    time_elapsed         | 46           |
|    total_timesteps      | 18432        |
| train/                  |              |
|    approx_kl            | 0.0147376675 |
|    clip_fraction        | 0.144        |
|    clip_range           | 0.2          |
|    entropy_loss         | -7.06        |
|    explained_variance   | 0.553        |
|    learning_rate        | 0.0003       |
|    loss                 | 0.0227       |
|    n_updates            | 80           |
|    policy_gradient_loss | -0.0222      |
|    std                  | 0.993        |
|    value_loss           | 0.22         |
------------------------------------------
-----------------------------------------
| rollout/                |             |
|    ep_len_mean          | 164         |
|    ep_rew_mean          | 12.1        |
| time/                   |             |
|    fps                  | 398         |
|    iterations           | 10          |
|    time_elapsed         | 51          |
|    total_timesteps      | 20480       |
| train/                  |             |
|    approx_kl            | 0.012916364 |
|    clip_fraction        | 0.141       |
|    clip_range           | 0.2         |
|    entropy_loss         | -7.06       |
|    explained_variance   | 0.701       |
|    learning_rate        | 0.0003      |
|    loss                 | -0.0116     |
|    n_updates            | 90          |
|    policy_gradient_loss | -0.0213     |
|    std                  | 0.993       |
|    value_loss           | 0.111       |
-----------------------------------------
----------------------------------------
| rollout/                |            |
|    ep_len_mean          | 168        |
|    ep_rew_mean          | 15.1       |
| time/                   |            |
|    fps                  | 396        |
|    iterations           | 11         |
|    time_elapsed         | 56         |
|    total_timesteps      | 22528      |
| train/                  |            |
|    approx_kl            | 0.01719103 |
|    clip_fraction        | 0.165      |
|    clip_range           | 0.2        |
|    entropy_loss         | -7.06      |
|    explained_variance   | 0.695      |
|    learning_rate        | 0.0003     |
|    loss                 | -0.0145    |
|    n_updates            | 100        |
|    policy_gradient_loss | -0.0258    |
|    std                  | 0.995      |
|    value_loss           | 0.143      |
----------------------------------------
-----------------------------------------
| rollout/                |             |
|    ep_len_mean          | 171         |
|    ep_rew_mean          | 16.4        |
| time/                   |             |
|    fps                  | 397         |
|    iterations           | 12          |
|    time_elapsed         | 61          |
|    total_timesteps      | 24576       |
| train/                  |             |
|    approx_kl            | 0.015584249 |
|    clip_fraction        | 0.171       |
|    clip_range           | 0.2         |
|    entropy_loss         | -7.07       |
|    explained_variance   | 0.717       |
|    learning_rate        | 0.0003      |
|    loss                 | 0.00553     |
|    n_updates            | 110         |
|    policy_gradient_loss | -0.0233     |
|    std                  | 0.993       |
|    value_loss           | 0.171       |
-----------------------------------------
-----------------------------------------
| rollout/                |             |
|    ep_len_mean          | 178         |
|    ep_rew_mean          | 21.5        |
| time/                   |             |
|    fps                  | 399         |
|    iterations           | 13          |
|    time_elapsed         | 66          |
|    total_timesteps      | 26624       |
| train/                  |             |
|    approx_kl            | 0.016135933 |
|    clip_fraction        | 0.151       |
|    clip_range           | 0.2         |
|    entropy_loss         | -7.06       |
|    explained_variance   | 0.564       |
|    learning_rate        | 0.0003      |
|    loss                 | 0.0332      |
|    n_updates            | 120         |
|    policy_gradient_loss | -0.0192     |
|    std                  | 0.993       |
|    value_loss           | 0.162       |
-----------------------------------------
-----------------------------------------
| rollout/                |             |
|    ep_len_mean          | 180         |
|    ep_rew_mean          | 22.4        |
| time/                   |             |
|    fps                  | 397         |
|    iterations           | 14          |
|    time_elapsed         | 72          |
|    total_timesteps      | 28672       |
| train/                  |             |
|    approx_kl            | 0.015468195 |
|    clip_fraction        | 0.16        |
|    clip_range           | 0.2         |
|    entropy_loss         | -7.06       |
|    explained_variance   | 0.609       |
|    learning_rate        | 0.0003      |
|    loss                 | 0.0313      |
|    n_updates            | 130         |
|    policy_gradient_loss | -0.0214     |
|    std                  | 0.993       |
|    value_loss           | 0.206       |
-----------------------------------------
----------------------------------------
| rollout/                |            |
|    ep_len_mean          | 179        |
|    ep_rew_mean          | 24.2       |
| time/                   |            |
|    fps                  | 398        |
|    iterations           | 15         |
|    time_elapsed         | 77         |
|    total_timesteps      | 30720      |
| train/                  |            |
|    approx_kl            | 0.01438657 |
|    clip_fraction        | 0.146      |
|    clip_range           | 0.2        |
|    entropy_loss         | -7.06      |
|    explained_variance   | 0.589      |
|    learning_rate        | 0.0003     |
|    loss                 | -0.00809   |
|    n_updates            | 140        |
|    policy_gradient_loss | -0.0209    |
|    std                  | 0.995      |
|    value_loss           | 0.125      |
----------------------------------------
-----------------------------------------
| rollout/                |             |
|    ep_len_mean          | 183         |
|    ep_rew_mean          | 24.4        |
| time/                   |             |
|    fps                  | 398         |
|    iterations           | 16          |
|    time_elapsed         | 82          |
|    total_timesteps      | 32768       |
| train/                  |             |
|    approx_kl            | 0.013611844 |
|    clip_fraction        | 0.159       |
|    clip_range           | 0.2         |
|    entropy_loss         | -7.06       |
|    explained_variance   | 0.697       |
|    learning_rate        | 0.0003      |
|    loss                 | -0.0171     |
|    n_updates            | 150         |
|    policy_gradient_loss | -0.0225     |
|    std                  | 0.989       |
|    value_loss           | 0.138       |
-----------------------------------------
-----------------------------------------
| rollout/                |             |
|    ep_len_mean          | 188         |
|    ep_rew_mean          | 27.4        |
| time/                   |             |
|    fps                  | 397         |
|    iterations           | 17          |
|    time_elapsed         | 87          |
|    total_timesteps      | 34816       |
| train/                  |             |
|    approx_kl            | 0.018451476 |
|    clip_fraction        | 0.185       |
|    clip_range           | 0.2         |
|    entropy_loss         | -7.04       |
|    explained_variance   | 0.476       |
|    learning_rate        | 0.0003      |
|    loss                 | 0.0053      |
|    n_updates            | 160         |
|    policy_gradient_loss | -0.0227     |
|    std                  | 0.989       |
|    value_loss           | 0.164       |
-----------------------------------------
-----------------------------------------
| rollout/                |             |
|    ep_len_mean          | 196         |
|    ep_rew_mean          | 30.1        |
| time/                   |             |
|    fps                  | 396         |
|    iterations           | 18          |
|    time_elapsed         | 93          |
|    total_timesteps      | 36864       |
| train/                  |             |
|    approx_kl            | 0.014796041 |
|    clip_fraction        | 0.143       |
|    clip_range           | 0.2         |
|    entropy_loss         | -7.04       |
|    explained_variance   | 0.536       |
|    learning_rate        | 0.0003      |
|    loss                 | -0.00994    |
|    n_updates            | 170         |
|    policy_gradient_loss | -0.0211     |
|    std                  | 0.989       |
|    value_loss           | 0.166       |
-----------------------------------------
----------------------------------------
| rollout/                |            |
|    ep_len_mean          | 198        |
|    ep_rew_mean          | 31.3       |
| time/                   |            |
|    fps                  | 395        |
|    iterations           | 19         |
|    time_elapsed         | 98         |
|    total_timesteps      | 38912      |
| train/                  |            |
|    approx_kl            | 0.01738061 |
|    clip_fraction        | 0.172      |
|    clip_range           | 0.2        |
|    entropy_loss         | -7.05      |
|    explained_variance   | 0.654      |
|    learning_rate        | 0.0003     |
|    loss                 | -0.00426   |
|    n_updates            | 180        |
|    policy_gradient_loss | -0.0243    |
|    std                  | 0.991      |
|    value_loss           | 0.15       |
----------------------------------------
----------------------------------------
| rollout/                |            |
|    ep_len_mean          | 201        |
|    ep_rew_mean          | 32.3       |
| time/                   |            |
|    fps                  | 405        |
|    iterations           | 20         |
|    time_elapsed         | 100        |
|    total_timesteps      | 40960      |
| train/                  |            |
|    approx_kl            | 0.02109516 |
|    clip_fraction        | 0.188      |
|    clip_range           | 0.2        |
|    entropy_loss         | -7.05      |
|    explained_variance   | 0.658      |
|    learning_rate        | 0.0003     |
|    loss                 | -0.00889   |
|    n_updates            | 190        |
|    policy_gradient_loss | -0.0263    |
|    std                  | 0.99       |
|    value_loss           | 0.158      |
----------------------------------------
----------------------------------------
| rollout/                |            |
|    ep_len_mean          | 201        |
|    ep_rew_mean          | 32.8       |
| time/                   |            |
|    fps                  | 416        |
|    iterations           | 21         |
|    time_elapsed         | 103        |
|    total_timesteps      | 43008      |
| train/                  |            |
|    approx_kl            | 0.01806364 |
|    clip_fraction        | 0.176      |
|    clip_range           | 0.2        |
|    entropy_loss         | -7.04      |
|    explained_variance   | 0.588      |
|    learning_rate        | 0.0003     |
|    loss                 | -0.0139    |
|    n_updates            | 200        |
|    policy_gradient_loss | -0.0242    |
|    std                  | 0.988      |
|    value_loss           | 0.185      |
----------------------------------------
-----------------------------------------
| rollout/                |             |
|    ep_len_mean          | 204         |
|    ep_rew_mean          | 34.5        |
| time/                   |             |
|    fps                  | 426         |
|    iterations           | 22          |
|    time_elapsed         | 105         |
|    total_timesteps      | 45056       |
| train/                  |             |
|    approx_kl            | 0.019072987 |
|    clip_fraction        | 0.183       |
|    clip_range           | 0.2         |
|    entropy_loss         | -7.04       |
|    explained_variance   | 0.665       |
|    learning_rate        | 0.0003      |
|    loss                 | 0.0155      |
|    n_updates            | 210         |
|    policy_gradient_loss | -0.0254     |
|    std                  | 0.99        |
|    value_loss           | 0.163       |
-----------------------------------------
-----------------------------------------
| rollout/                |             |
|    ep_len_mean          | 211         |
|    ep_rew_mean          | 37          |
| time/                   |             |
|    fps                  | 434         |
|    iterations           | 23          |
|    time_elapsed         | 108         |
|    total_timesteps      | 47104       |
| train/                  |             |
|    approx_kl            | 0.017089609 |
|    clip_fraction        | 0.176       |
|    clip_range           | 0.2         |
|    entropy_loss         | -7.04       |
|    explained_variance   | 0.645       |
|    learning_rate        | 0.0003      |
|    loss                 | 0.00229     |
|    n_updates            | 220         |
|    policy_gradient_loss | -0.0232     |
|    std                  | 0.989       |
|    value_loss           | 0.16        |
-----------------------------------------
-----------------------------------------
| rollout/                |             |
|    ep_len_mean          | 211         |
|    ep_rew_mean          | 37          |
| time/                   |             |
|    fps                  | 443         |
|    iterations           | 24          |
|    time_elapsed         | 110         |
|    total_timesteps      | 49152       |
| train/                  |             |
|    approx_kl            | 0.017320799 |
|    clip_fraction        | 0.171       |
|    clip_range           | 0.2         |
|    entropy_loss         | -7.03       |
|    explained_variance   | 0.695       |
|    learning_rate        | 0.0003      |
|    loss                 | -0.00606    |
|    n_updates            | 230         |
|    policy_gradient_loss | -0.0272     |
|    std                  | 0.987       |
|    value_loss           | 0.135       |
-----------------------------------------
-----------------------------------------
| rollout/                |             |
|    ep_len_mean          | 211         |
|    ep_rew_mean          | 37.1        |
| time/                   |             |
|    fps                  | 452         |
|    iterations           | 25          |
|    time_elapsed         | 113         |
|    total_timesteps      | 51200       |
| train/                  |             |
|    approx_kl            | 0.015278552 |
|    clip_fraction        | 0.139       |
|    clip_range           | 0.2         |
|    entropy_loss         | -7.02       |
|    explained_variance   | 0.694       |
|    learning_rate        | 0.0003      |
|    loss                 | 0.0058      |
|    n_updates            | 240         |
|    policy_gradient_loss | -0.0227     |
|    std                  | 0.985       |
|    value_loss           | 0.177       |
-----------------------------------------
-----------------------------------------
| rollout/                |             |
|    ep_len_mean          | 208         |
|    ep_rew_mean          | 36.8        |
| time/                   |             |
|    fps                  | 461         |
|    iterations           | 26          |
|    time_elapsed         | 115         |
|    total_timesteps      | 53248       |
| train/                  |             |
|    approx_kl            | 0.014621189 |
|    clip_fraction        | 0.15        |
|    clip_range           | 0.2         |
|    entropy_loss         | -7.01       |
|    explained_variance   | 0.749       |
|    learning_rate        | 0.0003      |
|    loss                 | -0.00717    |
|    n_updates            | 250         |
|    policy_gradient_loss | -0.0221     |
|    std                  | 0.984       |
|    value_loss           | 0.0883      |
-----------------------------------------
-----------------------------------------
| rollout/                |             |
|    ep_len_mean          | 207         |
|    ep_rew_mean          | 38.6        |
| time/                   |             |
|    fps                  | 468         |
|    iterations           | 27          |
|    time_elapsed         | 118         |
|    total_timesteps      | 55296       |
| train/                  |             |
|    approx_kl            | 0.019267749 |
|    clip_fraction        | 0.186       |
|    clip_range           | 0.2         |
|    entropy_loss         | -7.01       |
|    explained_variance   | 0.673       |
|    learning_rate        | 0.0003      |
|    loss                 | -0.00697    |
|    n_updates            | 260         |
|    policy_gradient_loss | -0.0246     |
|    std                  | 0.983       |
|    value_loss           | 0.125       |
-----------------------------------------
-----------------------------------------
| rollout/                |             |
|    ep_len_mean          | 208         |
|    ep_rew_mean          | 39.1        |
| time/                   |             |
|    fps                  | 475         |
|    iterations           | 28          |
|    time_elapsed         | 120         |
|    total_timesteps      | 57344       |
| train/                  |             |
|    approx_kl            | 0.017527588 |
|    clip_fraction        | 0.169       |
|    clip_range           | 0.2         |
|    entropy_loss         | -7.01       |
|    explained_variance   | 0.673       |
|    learning_rate        | 0.0003      |
|    loss                 | -0.00307    |
|    n_updates            | 270         |
|    policy_gradient_loss | -0.0247     |
|    std                  | 0.984       |
|    value_loss           | 0.186       |
-----------------------------------------
-----------------------------------------
| rollout/                |             |
|    ep_len_mean          | 206         |
|    ep_rew_mean          | 38.3        |
| time/                   |             |
|    fps                  | 482         |
|    iterations           | 29          |
|    time_elapsed         | 123         |
|    total_timesteps      | 59392       |
| train/                  |             |
|    approx_kl            | 0.014976665 |
|    clip_fraction        | 0.145       |
|    clip_range           | 0.2         |
|    entropy_loss         | -7.01       |
|    explained_variance   | 0.673       |
|    learning_rate        | 0.0003      |
|    loss                 | -0.0285     |
|    n_updates            | 280         |
|    policy_gradient_loss | -0.0237     |
|    std                  | 0.983       |
|    value_loss           | 0.102       |
-----------------------------------------
-----------------------------------------
| rollout/                |             |
|    ep_len_mean          | 213         |
|    ep_rew_mean          | 39.7        |
| time/                   |             |
|    fps                  | 489         |
|    iterations           | 30          |
|    time_elapsed         | 125         |
|    total_timesteps      | 61440       |
| train/                  |             |
|    approx_kl            | 0.016279973 |
|    clip_fraction        | 0.157       |
|    clip_range           | 0.2         |
|    entropy_loss         | -7.02       |
|    explained_variance   | 0.664       |
|    learning_rate        | 0.0003      |
|    loss                 | -0.0133     |
|    n_updates            | 290         |
|    policy_gradient_loss | -0.0241     |
|    std                  | 0.989       |
|    value_loss           | 0.117       |
-----------------------------------------
-----------------------------------------
| rollout/                |             |
|    ep_len_mean          | 215         |
|    ep_rew_mean          | 40.5        |
| time/                   |             |
|    fps                  | 495         |
|    iterations           | 31          |
|    time_elapsed         | 128         |
|    total_timesteps      | 63488       |
| train/                  |             |
|    approx_kl            | 0.017475877 |
|    clip_fraction        | 0.171       |
|    clip_range           | 0.2         |
|    entropy_loss         | -7.04       |
|    explained_variance   | 0.624       |
|    learning_rate        | 0.0003      |
|    loss                 | 0.0151      |
|    n_updates            | 300         |
|    policy_gradient_loss | -0.0259     |
|    std                  | 0.989       |
|    value_loss           | 0.203       |
-----------------------------------------
-----------------------------------------
| rollout/                |             |
|    ep_len_mean          | 217         |
|    ep_rew_mean          | 41.5        |
| time/                   |             |
|    fps                  | 501         |
|    iterations           | 32          |
|    time_elapsed         | 130         |
|    total_timesteps      | 65536       |
| train/                  |             |
|    approx_kl            | 0.015274949 |
|    clip_fraction        | 0.171       |
|    clip_range           | 0.2         |
|    entropy_loss         | -7.04       |
|    explained_variance   | 0.594       |
|    learning_rate        | 0.0003      |
|    loss                 | -0.0356     |
|    n_updates            | 310         |
|    policy_gradient_loss | -0.0212     |
|    std                  | 0.993       |
|    value_loss           | 0.0778      |
-----------------------------------------
-----------------------------------------
| rollout/                |             |
|    ep_len_mean          | 217         |
|    ep_rew_mean          | 41.9        |
| time/                   |             |
|    fps                  | 506         |
|    iterations           | 33          |
|    time_elapsed         | 133         |
|    total_timesteps      | 67584       |
| train/                  |             |
|    approx_kl            | 0.016540254 |
|    clip_fraction        | 0.169       |
|    clip_range           | 0.2         |
|    entropy_loss         | -7.06       |
|    explained_variance   | 0.588       |
|    learning_rate        | 0.0003      |
|    loss                 | -0.0179     |
|    n_updates            | 320         |
|    policy_gradient_loss | -0.0225     |
|    std                  | 0.996       |
|    value_loss           | 0.0972      |
-----------------------------------------
-----------------------------------------
| rollout/                |             |
|    ep_len_mean          | 221         |
|    ep_rew_mean          | 43.8        |
| time/                   |             |
|    fps                  | 512         |
|    iterations           | 34          |
|    time_elapsed         | 135         |
|    total_timesteps      | 69632       |
| train/                  |             |
|    approx_kl            | 0.016662888 |
|    clip_fraction        | 0.156       |
|    clip_range           | 0.2         |
|    entropy_loss         | -7.07       |
|    explained_variance   | 0.599       |
|    learning_rate        | 0.0003      |
|    loss                 | 0.0342      |
|    n_updates            | 330         |
|    policy_gradient_loss | -0.0219     |
|    std                  | 0.996       |
|    value_loss           | 0.181       |
-----------------------------------------
-----------------------------------------
| rollout/                |             |
|    ep_len_mean          | 218         |
|    ep_rew_mean          | 43.3        |
| time/                   |             |
|    fps                  | 518         |
|    iterations           | 35          |
|    time_elapsed         | 138         |
|    total_timesteps      | 71680       |
| train/                  |             |
|    approx_kl            | 0.015730381 |
|    clip_fraction        | 0.165       |
|    clip_range           | 0.2         |
|    entropy_loss         | -7.07       |
|    explained_variance   | 0.76        |
|    learning_rate        | 0.0003      |
|    loss                 | 0.00602     |
|    n_updates            | 340         |
|    policy_gradient_loss | -0.0241     |
|    std                  | 0.997       |
|    value_loss           | 0.105       |
-----------------------------------------
-----------------------------------------
| rollout/                |             |
|    ep_len_mean          | 217         |
|    ep_rew_mean          | 42.9        |
| time/                   |             |
|    fps                  | 523         |
|    iterations           | 36          |
|    time_elapsed         | 140         |
|    total_timesteps      | 73728       |
| train/                  |             |
|    approx_kl            | 0.015345164 |
|    clip_fraction        | 0.168       |
|    clip_range           | 0.2         |
|    entropy_loss         | -7.07       |
|    explained_variance   | 0.55        |
|    learning_rate        | 0.0003      |
|    loss                 | 0.00259     |
|    n_updates            | 350         |
|    policy_gradient_loss | -0.0231     |
|    std                  | 0.997       |
|    value_loss           | 0.14        |
-----------------------------------------
-----------------------------------------
| rollout/                |             |
|    ep_len_mean          | 223         |
|    ep_rew_mean          | 43.2        |
| time/                   |             |
|    fps                  | 529         |
|    iterations           | 37          |
|    time_elapsed         | 143         |
|    total_timesteps      | 75776       |
| train/                  |             |
|    approx_kl            | 0.015497428 |
|    clip_fraction        | 0.157       |
|    clip_range           | 0.2         |
|    entropy_loss         | -7.07       |
|    explained_variance   | 0.669       |
|    learning_rate        | 0.0003      |
|    loss                 | -0.0102     |
|    n_updates            | 360         |
|    policy_gradient_loss | -0.0222     |
|    std                  | 0.994       |
|    value_loss           | 0.12        |
-----------------------------------------
-----------------------------------------
| rollout/                |             |
|    ep_len_mean          | 222         |
|    ep_rew_mean          | 43          |
| time/                   |             |
|    fps                  | 534         |
|    iterations           | 38          |
|    time_elapsed         | 145         |
|    total_timesteps      | 77824       |
| train/                  |             |
|    approx_kl            | 0.019495614 |
|    clip_fraction        | 0.183       |
|    clip_range           | 0.2         |
|    entropy_loss         | -7.06       |
|    explained_variance   | 0.651       |
|    learning_rate        | 0.0003      |
|    loss                 | -0.00289    |
|    n_updates            | 370         |
|    policy_gradient_loss | -0.0248     |
|    std                  | 0.995       |
|    value_loss           | 0.159       |
-----------------------------------------
-----------------------------------------
| rollout/                |             |
|    ep_len_mean          | 224         |
|    ep_rew_mean          | 44.3        |
| time/                   |             |
|    fps                  | 538         |
|    iterations           | 39          |
|    time_elapsed         | 148         |
|    total_timesteps      | 79872       |
| train/                  |             |
|    approx_kl            | 0.016969927 |
|    clip_fraction        | 0.189       |
|    clip_range           | 0.2         |
|    entropy_loss         | -7.06       |
|    explained_variance   | 0.642       |
|    learning_rate        | 0.0003      |
|    loss                 | -0.0188     |
|    n_updates            | 380         |
|    policy_gradient_loss | -0.0259     |
|    std                  | 0.995       |
|    value_loss           | 0.105       |
-----------------------------------------
----------------------------------------
| rollout/                |            |
|    ep_len_mean          | 221        |
|    ep_rew_mean          | 46.6       |
| time/                   |            |
|    fps                  | 542        |
|    iterations           | 40         |
|    time_elapsed         | 150        |
|    total_timesteps      | 81920      |
| train/                  |            |
|    approx_kl            | 0.01985078 |
|    clip_fraction        | 0.166      |
|    clip_range           | 0.2        |
|    entropy_loss         | -7.06      |
|    explained_variance   | 0.673      |
|    learning_rate        | 0.0003     |
|    loss                 | -0.00888   |
|    n_updates            | 390        |
|    policy_gradient_loss | -0.0235    |
|    std                  | 0.994      |
|    value_loss           | 0.136      |
----------------------------------------
-----------------------------------------
| rollout/                |             |
|    ep_len_mean          | 221         |
|    ep_rew_mean          | 47.1        |
| time/                   |             |
|    fps                  | 547         |
|    iterations           | 41          |
|    time_elapsed         | 153         |
|    total_timesteps      | 83968       |
| train/                  |             |
|    approx_kl            | 0.017550427 |
|    clip_fraction        | 0.165       |
|    clip_range           | 0.2         |
|    entropy_loss         | -7.06       |
|    explained_variance   | 0.538       |
|    learning_rate        | 0.0003      |
|    loss                 | -0.00604    |
|    n_updates            | 400         |
|    policy_gradient_loss | -0.0241     |
|    std                  | 0.993       |
|    value_loss           | 0.172       |
-----------------------------------------
-----------------------------------------
| rollout/                |             |
|    ep_len_mean          | 218         |
|    ep_rew_mean          | 46.6        |
| time/                   |             |
|    fps                  | 551         |
|    iterations           | 42          |
|    time_elapsed         | 155         |
|    total_timesteps      | 86016       |
| train/                  |             |
|    approx_kl            | 0.017140195 |
|    clip_fraction        | 0.196       |
|    clip_range           | 0.2         |
|    entropy_loss         | -7.05       |
|    explained_variance   | 0.598       |
|    learning_rate        | 0.0003      |
|    loss                 | -0.0315     |
|    n_updates            | 410         |
|    policy_gradient_loss | -0.0246     |
|    std                  | 0.993       |
|    value_loss           | 0.0916      |
-----------------------------------------
-----------------------------------------
| rollout/                |             |
|    ep_len_mean          | 219         |
|    ep_rew_mean          | 47.1        |
| time/                   |             |
|    fps                  | 556         |
|    iterations           | 43          |
|    time_elapsed         | 158         |
|    total_timesteps      | 88064       |
| train/                  |             |
|    approx_kl            | 0.017721888 |
|    clip_fraction        | 0.163       |
|    clip_range           | 0.2         |
|    entropy_loss         | -7.07       |
|    explained_variance   | 0.58        |
|    learning_rate        | 0.0003      |
|    loss                 | 0.0288      |
|    n_updates            | 420         |
|    policy_gradient_loss | -0.0224     |
|    std                  | 1           |
|    value_loss           | 0.194       |
-----------------------------------------
-----------------------------------------
| rollout/                |             |
|    ep_len_mean          | 225         |
|    ep_rew_mean          | 49          |
| time/                   |             |
|    fps                  | 560         |
|    iterations           | 44          |
|    time_elapsed         | 160         |
|    total_timesteps      | 90112       |
| train/                  |             |
|    approx_kl            | 0.016665842 |
|    clip_fraction        | 0.163       |
|    clip_range           | 0.2         |
|    entropy_loss         | -7.09       |
|    explained_variance   | 0.642       |
|    learning_rate        | 0.0003      |
|    loss                 | 0.011       |
|    n_updates            | 430         |
|    policy_gradient_loss | -0.0233     |
|    std                  | 1           |
|    value_loss           | 0.14        |
-----------------------------------------
-----------------------------------------
| rollout/                |             |
|    ep_len_mean          | 223         |
|    ep_rew_mean          | 48.9        |
| time/                   |             |
|    fps                  | 565         |
|    iterations           | 45          |
|    time_elapsed         | 162         |
|    total_timesteps      | 92160       |
| train/                  |             |
|    approx_kl            | 0.018332148 |
|    clip_fraction        | 0.177       |
|    clip_range           | 0.2         |
|    entropy_loss         | -7.08       |
|    explained_variance   | 0.71        |
|    learning_rate        | 0.0003      |
|    loss                 | -0.0151     |
|    n_updates            | 440         |
|    policy_gradient_loss | -0.0252     |
|    std                  | 0.998       |
|    value_loss           | 0.102       |
-----------------------------------------
-----------------------------------------
| rollout/                |             |
|    ep_len_mean          | 227         |
|    ep_rew_mean          | 50.6        |
| time/                   |             |
|    fps                  | 570         |
|    iterations           | 46          |
|    time_elapsed         | 165         |
|    total_timesteps      | 94208       |
| train/                  |             |
|    approx_kl            | 0.019354947 |
|    clip_fraction        | 0.21        |
|    clip_range           | 0.2         |
|    entropy_loss         | -7.08       |
|    explained_variance   | 0.689       |
|    learning_rate        | 0.0003      |
|    loss                 | -0.00461    |
|    n_updates            | 450         |
|    policy_gradient_loss | -0.0264     |
|    std                  | 1           |
|    value_loss           | 0.147       |
-----------------------------------------
-----------------------------------------
| rollout/                |             |
|    ep_len_mean          | 226         |
|    ep_rew_mean          | 53          |
| time/                   |             |
|    fps                  | 574         |
|    iterations           | 47          |
|    time_elapsed         | 167         |
|    total_timesteps      | 96256       |
| train/                  |             |
|    approx_kl            | 0.019174267 |
|    clip_fraction        | 0.204       |
|    clip_range           | 0.2         |
|    entropy_loss         | -7.09       |
|    explained_variance   | 0.629       |
|    learning_rate        | 0.0003      |
|    loss                 | -0.0162     |
|    n_updates            | 460         |
|    policy_gradient_loss | -0.0255     |
|    std                  | 0.999       |
|    value_loss           | 0.131       |
-----------------------------------------
-----------------------------------------
| rollout/                |             |
|    ep_len_mean          | 228         |
|    ep_rew_mean          | 53.7        |
| time/                   |             |
|    fps                  | 578         |
|    iterations           | 48          |
|    time_elapsed         | 170         |
|    total_timesteps      | 98304       |
| train/                  |             |
|    approx_kl            | 0.019109324 |
|    clip_fraction        | 0.194       |
|    clip_range           | 0.2         |
|    entropy_loss         | -7.09       |
|    explained_variance   | 0.667       |
|    learning_rate        | 0.0003      |
|    loss                 | -0.00727    |
|    n_updates            | 470         |
|    policy_gradient_loss | -0.0228     |
|    std                  | 1           |
|    value_loss           | 0.127       |
-----------------------------------------
-----------------------------------------
| rollout/                |             |
|    ep_len_mean          | 231         |
|    ep_rew_mean          | 55.6        |
| time/                   |             |
|    fps                  | 581         |
|    iterations           | 49          |
|    time_elapsed         | 172         |
|    total_timesteps      | 100352      |
| train/                  |             |
|    approx_kl            | 0.017028626 |
|    clip_fraction        | 0.185       |
|    clip_range           | 0.2         |
|    entropy_loss         | -7.09       |
|    explained_variance   | 0.665       |
|    learning_rate        | 0.0003      |
|    loss                 | 0.0122      |
|    n_updates            | 480         |
|    policy_gradient_loss | -0.0249     |
|    std                  | 1           |
|    value_loss           | 0.132       |
-----------------------------------------
-----------------------------------------
| rollout/                |             |
|    ep_len_mean          | 230         |
|    ep_rew_mean          | 55.6        |
| time/                   |             |
|    fps                  | 585         |
|    iterations           | 50          |
|    time_elapsed         | 174         |
|    total_timesteps      | 102400      |
| train/                  |             |
|    approx_kl            | 0.020537775 |
|    clip_fraction        | 0.196       |
|    clip_range           | 0.2         |
|    entropy_loss         | -7.1        |
|    explained_variance   | 0.556       |
|    learning_rate        | 0.0003      |
|    loss                 | 0.0204      |
|    n_updates            | 490         |
|    policy_gradient_loss | -0.027      |
|    std                  | 1.01        |
|    value_loss           | 0.19        |
-----------------------------------------
-----------------------------------------
| rollout/                |             |
|    ep_len_mean          | 231         |
|    ep_rew_mean          | 55.9        |
| time/                   |             |
|    fps                  | 588         |
|    iterations           | 51          |
|    time_elapsed         | 177         |
|    total_timesteps      | 104448      |
| train/                  |             |
|    approx_kl            | 0.017067509 |
|    clip_fraction        | 0.165       |
|    clip_range           | 0.2         |
|    entropy_loss         | -7.12       |
|    explained_variance   | 0.584       |
|    learning_rate        | 0.0003      |
|    loss                 | -0.0173     |
|    n_updates            | 500         |
|    policy_gradient_loss | -0.0236     |
|    std                  | 1           |
|    value_loss           | 0.0907      |
-----------------------------------------
-----------------------------------------
| rollout/                |             |
|    ep_len_mean          | 240         |
|    ep_rew_mean          | 58.5        |
| time/                   |             |
|    fps                  | 591         |
|    iterations           | 52          |
|    time_elapsed         | 180         |
|    total_timesteps      | 106496      |
| train/                  |             |
|    approx_kl            | 0.017677236 |
|    clip_fraction        | 0.174       |
|    clip_range           | 0.2         |
|    entropy_loss         | -7.09       |
|    explained_variance   | 0.712       |
|    learning_rate        | 0.0003      |
|    loss                 | -0.0296     |
|    n_updates            | 510         |
|    policy_gradient_loss | -0.0245     |
|    std                  | 0.998       |
|    value_loss           | 0.0992      |
-----------------------------------------
-----------------------------------------
| rollout/                |             |
|    ep_len_mean          | 244         |
|    ep_rew_mean          | 59.9        |
| time/                   |             |
|    fps                  | 594         |
|    iterations           | 53          |
|    time_elapsed         | 182         |
|    total_timesteps      | 108544      |
| train/                  |             |
|    approx_kl            | 0.019799858 |
|    clip_fraction        | 0.199       |
|    clip_range           | 0.2         |
|    entropy_loss         | -7.08       |
|    explained_variance   | 0.628       |
|    learning_rate        | 0.0003      |
|    loss                 | 0.0386      |
|    n_updates            | 520         |
|    policy_gradient_loss | -0.024      |
|    std                  | 0.999       |
|    value_loss           | 0.241       |
-----------------------------------------
-----------------------------------------
| rollout/                |             |
|    ep_len_mean          | 247         |
|    ep_rew_mean          | 61.4        |
| time/                   |             |
|    fps                  | 596         |
|    iterations           | 54          |
|    time_elapsed         | 185         |
|    total_timesteps      | 110592      |
| train/                  |             |
|    approx_kl            | 0.014151201 |
|    clip_fraction        | 0.156       |
|    clip_range           | 0.2         |
|    entropy_loss         | -7.08       |
|    explained_variance   | 0.657       |
|    learning_rate        | 0.0003      |
|    loss                 | -0.0129     |
|    n_updates            | 530         |
|    policy_gradient_loss | -0.0242     |
|    std                  | 0.996       |
|    value_loss           | 0.121       |
-----------------------------------------
----------------------------------------
| rollout/                |            |
|    ep_len_mean          | 251        |
|    ep_rew_mean          | 62.7       |
| time/                   |            |
|    fps                  | 599        |
|    iterations           | 55         |
|    time_elapsed         | 187        |
|    total_timesteps      | 112640     |
| train/                  |            |
|    approx_kl            | 0.01887122 |
|    clip_fraction        | 0.196      |
|    clip_range           | 0.2        |
|    entropy_loss         | -7.07      |
|    explained_variance   | 0.724      |
|    learning_rate        | 0.0003     |
|    loss                 | -0.0209    |
|    n_updates            | 540        |
|    policy_gradient_loss | -0.0262    |
|    std                  | 0.997      |
|    value_loss           | 0.0754     |
----------------------------------------
-----------------------------------------
| rollout/                |             |
|    ep_len_mean          | 253         |
|    ep_rew_mean          | 63.6        |
| time/                   |             |
|    fps                  | 600         |
|    iterations           | 56          |
|    time_elapsed         | 191         |
|    total_timesteps      | 114688      |
| train/                  |             |
|    approx_kl            | 0.015774008 |
|    clip_fraction        | 0.176       |
|    clip_range           | 0.2         |
|    entropy_loss         | -7.07       |
|    explained_variance   | 0.757       |
|    learning_rate        | 0.0003      |
|    loss                 | -0.0169     |
|    n_updates            | 550         |
|    policy_gradient_loss | -0.0231     |
|    std                  | 0.995       |
|    value_loss           | 0.087       |
-----------------------------------------
-----------------------------------------
| rollout/                |             |
|    ep_len_mean          | 255         |
|    ep_rew_mean          | 65.3        |
| time/                   |             |
|    fps                  | 602         |
|    iterations           | 57          |
|    time_elapsed         | 193         |
|    total_timesteps      | 116736      |
| train/                  |             |
|    approx_kl            | 0.018749515 |
|    clip_fraction        | 0.189       |
|    clip_range           | 0.2         |
|    entropy_loss         | -7.06       |
|    explained_variance   | 0.533       |
|    learning_rate        | 0.0003      |
|    loss                 | 0.0426      |
|    n_updates            | 560         |
|    policy_gradient_loss | -0.0227     |
|    std                  | 0.996       |
|    value_loss           | 0.159       |
-----------------------------------------
-----------------------------------------
| rollout/                |             |
|    ep_len_mean          | 258         |
|    ep_rew_mean          | 66.3        |
| time/                   |             |
|    fps                  | 605         |
|    iterations           | 58          |
|    time_elapsed         | 196         |
|    total_timesteps      | 118784      |
| train/                  |             |
|    approx_kl            | 0.018787913 |
|    clip_fraction        | 0.181       |
|    clip_range           | 0.2         |
|    entropy_loss         | -7.07       |
|    explained_variance   | 0.604       |
|    learning_rate        | 0.0003      |
|    loss                 | -0.00938    |
|    n_updates            | 570         |
|    policy_gradient_loss | -0.0266     |
|    std                  | 0.994       |
|    value_loss           | 0.158       |
-----------------------------------------
-----------------------------------------
| rollout/                |             |
|    ep_len_mean          | 266         |
|    ep_rew_mean          | 69.1        |
| time/                   |             |
|    fps                  | 607         |
|    iterations           | 59          |
|    time_elapsed         | 198         |
|    total_timesteps      | 120832      |
| train/                  |             |
|    approx_kl            | 0.017271299 |
|    clip_fraction        | 0.18        |
|    clip_range           | 0.2         |
|    entropy_loss         | -7.06       |
|    explained_variance   | 0.727       |
|    learning_rate        | 0.0003      |
|    loss                 | -0.0299     |
|    n_updates            | 580         |
|    policy_gradient_loss | -0.0243     |
|    std                  | 0.996       |
|    value_loss           | 0.0968      |
-----------------------------------------
-----------------------------------------
| rollout/                |             |
|    ep_len_mean          | 269         |
|    ep_rew_mean          | 69.9        |
| time/                   |             |
|    fps                  | 610         |
|    iterations           | 60          |
|    time_elapsed         | 201         |
|    total_timesteps      | 122880      |
| train/                  |             |
|    approx_kl            | 0.020475684 |
|    clip_fraction        | 0.193       |
|    clip_range           | 0.2         |
|    entropy_loss         | -7.07       |
|    explained_variance   | 0.526       |
|    learning_rate        | 0.0003      |
|    loss                 | 0.0836      |
|    n_updates            | 590         |
|    policy_gradient_loss | -0.0242     |
|    std                  | 0.995       |
|    value_loss           | 0.254       |
-----------------------------------------
-----------------------------------------
| rollout/                |             |
|    ep_len_mean          | 269         |
|    ep_rew_mean          | 70          |
| time/                   |             |
|    fps                  | 612         |
|    iterations           | 61          |
|    time_elapsed         | 203         |
|    total_timesteps      | 124928      |
| train/                  |             |
|    approx_kl            | 0.018175915 |
|    clip_fraction        | 0.202       |
|    clip_range           | 0.2         |
|    entropy_loss         | -7.07       |
|    explained_variance   | 0.613       |
|    learning_rate        | 0.0003      |
|    loss                 | -0.0296     |
|    n_updates            | 600         |
|    policy_gradient_loss | -0.0237     |
|    std                  | 0.995       |
|    value_loss           | 0.0921      |
-----------------------------------------
-----------------------------------------
| rollout/                |             |
|    ep_len_mean          | 272         |
|    ep_rew_mean          | 70.8        |
| time/                   |             |
|    fps                  | 614         |
|    iterations           | 62          |
|    time_elapsed         | 206         |
|    total_timesteps      | 126976      |
| train/                  |             |
|    approx_kl            | 0.018382113 |
|    clip_fraction        | 0.165       |
|    clip_range           | 0.2         |
|    entropy_loss         | -7.07       |
|    explained_variance   | 0.541       |
|    learning_rate        | 0.0003      |
|    loss                 | -0.0358     |
|    n_updates            | 610         |
|    policy_gradient_loss | -0.0228     |
|    std                  | 0.996       |
|    value_loss           | 0.085       |
-----------------------------------------
-----------------------------------------
| rollout/                |             |
|    ep_len_mean          | 276         |
|    ep_rew_mean          | 71.6        |
| time/                   |             |
|    fps                  | 616         |
|    iterations           | 63          |
|    time_elapsed         | 209         |
|    total_timesteps      | 129024      |
| train/                  |             |
|    approx_kl            | 0.021447714 |
|    clip_fraction        | 0.235       |
|    clip_range           | 0.2         |
|    entropy_loss         | -7.06       |
|    explained_variance   | 0.73        |
|    learning_rate        | 0.0003      |
|    loss                 | -0.0515     |
|    n_updates            | 620         |
|    policy_gradient_loss | -0.0297     |
|    std                  | 0.993       |
|    value_loss           | 0.0576      |
-----------------------------------------
-----------------------------------------
| rollout/                |             |
|    ep_len_mean          | 280         |
|    ep_rew_mean          | 72.8        |
| time/                   |             |
|    fps                  | 618         |
|    iterations           | 64          |
|    time_elapsed         | 212         |
|    total_timesteps      | 131072      |
| train/                  |             |
|    approx_kl            | 0.018299311 |
|    clip_fraction        | 0.187       |
|    clip_range           | 0.2         |
|    entropy_loss         | -7.05       |
|    explained_variance   | 0.48        |
|    learning_rate        | 0.0003      |
|    loss                 | 0.0355      |
|    n_updates            | 630         |
|    policy_gradient_loss | -0.0246     |
|    std                  | 0.992       |
|    value_loss           | 0.211       |
-----------------------------------------
----------------------------------------
| rollout/                |            |
|    ep_len_mean          | 291        |
|    ep_rew_mean          | 76.1       |
| time/                   |            |
|    fps                  | 620        |
|    iterations           | 65         |
|    time_elapsed         | 214        |
|    total_timesteps      | 133120     |
| train/                  |            |
|    approx_kl            | 0.01864505 |
|    clip_fraction        | 0.188      |
|    clip_range           | 0.2        |
|    entropy_loss         | -7.06      |
|    explained_variance   | 0.593      |
|    learning_rate        | 0.0003     |
|    loss                 | -0.022     |
|    n_updates            | 640        |
|    policy_gradient_loss | -0.0243    |
|    std                  | 0.997      |
|    value_loss           | 0.109      |
----------------------------------------
-----------------------------------------
| rollout/                |             |
|    ep_len_mean          | 288         |
|    ep_rew_mean          | 74.9        |
| time/                   |             |
|    fps                  | 622         |
|    iterations           | 66          |
|    time_elapsed         | 217         |
|    total_timesteps      | 135168      |
| train/                  |             |
|    approx_kl            | 0.019496452 |
|    clip_fraction        | 0.2         |
|    clip_range           | 0.2         |
|    entropy_loss         | -7.07       |
|    explained_variance   | 0.61        |
|    learning_rate        | 0.0003      |
|    loss                 | 0.00865     |
|    n_updates            | 650         |
|    policy_gradient_loss | -0.0233     |
|    std                  | 0.998       |
|    value_loss           | 0.158       |
-----------------------------------------
-----------------------------------------
| rollout/                |             |
|    ep_len_mean          | 290         |
|    ep_rew_mean          | 75.9        |
| time/                   |             |
|    fps                  | 624         |
|    iterations           | 67          |
|    time_elapsed         | 219         |
|    total_timesteps      | 137216      |
| train/                  |             |
|    approx_kl            | 0.017435305 |
|    clip_fraction        | 0.181       |
|    clip_range           | 0.2         |
|    entropy_loss         | -7.08       |
|    explained_variance   | 0.445       |
|    learning_rate        | 0.0003      |
|    loss                 | 0.0228      |
|    n_updates            | 660         |
|    policy_gradient_loss | -0.0242     |
|    std                  | 0.998       |
|    value_loss           | 0.15        |
-----------------------------------------
-----------------------------------------
| rollout/                |             |
|    ep_len_mean          | 291         |
|    ep_rew_mean          | 76.8        |
| time/                   |             |
|    fps                  | 626         |
|    iterations           | 68          |
|    time_elapsed         | 222         |
|    total_timesteps      | 139264      |
| train/                  |             |
|    approx_kl            | 0.019142032 |
|    clip_fraction        | 0.179       |
|    clip_range           | 0.2         |
|    entropy_loss         | -7.08       |
|    explained_variance   | 0.656       |
|    learning_rate        | 0.0003      |
|    loss                 | -0.037      |
|    n_updates            | 670         |
|    policy_gradient_loss | -0.0246     |
|    std                  | 0.999       |
|    value_loss           | 0.0768      |
-----------------------------------------
-----------------------------------------
| rollout/                |             |
|    ep_len_mean          | 286         |
|    ep_rew_mean          | 72.3        |
| time/                   |             |
|    fps                  | 627         |
|    iterations           | 69          |
|    time_elapsed         | 225         |
|    total_timesteps      | 141312      |
| train/                  |             |
|    approx_kl            | 0.014020499 |
|    clip_fraction        | 0.139       |
|    clip_range           | 0.2         |
|    entropy_loss         | -7.07       |
|    explained_variance   | 0.645       |
|    learning_rate        | 0.0003      |
|    loss                 | -0.0361     |
|    n_updates            | 680         |
|    policy_gradient_loss | -0.0207     |
|    std                  | 0.997       |
|    value_loss           | 0.068       |
-----------------------------------------
-----------------------------------------
| rollout/                |             |
|    ep_len_mean          | 293         |
|    ep_rew_mean          | 75.4        |
| time/                   |             |
|    fps                  | 629         |
|    iterations           | 70          |
|    time_elapsed         | 227         |
|    total_timesteps      | 143360      |
| train/                  |             |
|    approx_kl            | 0.019123722 |
|    clip_fraction        | 0.198       |
|    clip_range           | 0.2         |
|    entropy_loss         | -7.06       |
|    explained_variance   | 0.504       |
|    learning_rate        | 0.0003      |
|    loss                 | 0.00799     |
|    n_updates            | 690         |
|    policy_gradient_loss | -0.0256     |
|    std                  | 0.996       |
|    value_loss           | 0.211       |
-----------------------------------------
-----------------------------------------
| rollout/                |             |
|    ep_len_mean          | 298         |
|    ep_rew_mean          | 76.3        |
| time/                   |             |
|    fps                  | 631         |
|    iterations           | 71          |
|    time_elapsed         | 230         |
|    total_timesteps      | 145408      |
| train/                  |             |
|    approx_kl            | 0.017947167 |
|    clip_fraction        | 0.198       |
|    clip_range           | 0.2         |
|    entropy_loss         | -7.07       |
|    explained_variance   | 0.622       |
|    learning_rate        | 0.0003      |
|    loss                 | -0.0202     |
|    n_updates            | 700         |
|    policy_gradient_loss | -0.0258     |
|    std                  | 0.998       |
|    value_loss           | 0.0926      |
-----------------------------------------
-----------------------------------------
| rollout/                |             |
|    ep_len_mean          | 298         |
|    ep_rew_mean          | 76.2        |
| time/                   |             |
|    fps                  | 633         |
|    iterations           | 72          |
|    time_elapsed         | 232         |
|    total_timesteps      | 147456      |
| train/                  |             |
|    approx_kl            | 0.018384578 |
|    clip_fraction        | 0.194       |
|    clip_range           | 0.2         |
|    entropy_loss         | -7.07       |
|    explained_variance   | 0.659       |
|    learning_rate        | 0.0003      |
|    loss                 | -0.0217     |
|    n_updates            | 710         |
|    policy_gradient_loss | -0.0261     |
|    std                  | 0.994       |
|    value_loss           | 0.0968      |
-----------------------------------------
-----------------------------------------
| rollout/                |             |
|    ep_len_mean          | 294         |
|    ep_rew_mean          | 74.9        |
| time/                   |             |
|    fps                  | 634         |
|    iterations           | 73          |
|    time_elapsed         | 235         |
|    total_timesteps      | 149504      |
| train/                  |             |
|    approx_kl            | 0.019585969 |
|    clip_fraction        | 0.208       |
|    clip_range           | 0.2         |
|    entropy_loss         | -7.05       |
|    explained_variance   | 0.619       |
|    learning_rate        | 0.0003      |
|    loss                 | -0.0285     |
|    n_updates            | 720         |
|    policy_gradient_loss | -0.026      |
|    std                  | 0.991       |
|    value_loss           | 0.0709      |
-----------------------------------------
-----------------------------------------
| rollout/                |             |
|    ep_len_mean          | 299         |
|    ep_rew_mean          | 76.7        |
| time/                   |             |
|    fps                  | 635         |
|    iterations           | 74          |
|    time_elapsed         | 238         |
|    total_timesteps      | 151552      |
| train/                  |             |
|    approx_kl            | 0.021995794 |
|    clip_fraction        | 0.22        |
|    clip_range           | 0.2         |
|    entropy_loss         | -7.04       |
|    explained_variance   | 0.439       |
|    learning_rate        | 0.0003      |
|    loss                 | -0.00748    |
|    n_updates            | 730         |
|    policy_gradient_loss | -0.0301     |
|    std                  | 0.99        |
|    value_loss           | 0.185       |
-----------------------------------------
-----------------------------------------
| rollout/                |             |
|    ep_len_mean          | 306         |
|    ep_rew_mean          | 79.7        |
| time/                   |             |
|    fps                  | 636         |
|    iterations           | 75          |
|    time_elapsed         | 241         |
|    total_timesteps      | 153600      |
| train/                  |             |
|    approx_kl            | 0.017845547 |
|    clip_fraction        | 0.191       |
|    clip_range           | 0.2         |
|    entropy_loss         | -7.04       |
|    explained_variance   | 0.692       |
|    learning_rate        | 0.0003      |
|    loss                 | -0.0485     |
|    n_updates            | 740         |
|    policy_gradient_loss | -0.0255     |
|    std                  | 0.991       |
|    value_loss           | 0.066       |
-----------------------------------------
-----------------------------------------
| rollout/                |             |
|    ep_len_mean          | 315         |
|    ep_rew_mean          | 82.7        |
| time/                   |             |
|    fps                  | 638         |
|    iterations           | 76          |
|    time_elapsed         | 243         |
|    total_timesteps      | 155648      |
| train/                  |             |
|    approx_kl            | 0.019895105 |
|    clip_fraction        | 0.21        |
|    clip_range           | 0.2         |
|    entropy_loss         | -7.04       |
|    explained_variance   | 0.655       |
|    learning_rate        | 0.0003      |
|    loss                 | -0.0175     |
|    n_updates            | 750         |
|    policy_gradient_loss | -0.0241     |
|    std                  | 0.99        |
|    value_loss           | 0.126       |
-----------------------------------------
----------------------------------------
| rollout/                |            |
|    ep_len_mean          | 319        |
|    ep_rew_mean          | 84.4       |
| time/                   |            |
|    fps                  | 635        |
|    iterations           | 77         |
|    time_elapsed         | 248        |
|    total_timesteps      | 157696     |
| train/                  |            |
|    approx_kl            | 0.01768731 |
|    clip_fraction        | 0.188      |
|    clip_range           | 0.2        |
|    entropy_loss         | -7.04      |
|    explained_variance   | 0.568      |
|    learning_rate        | 0.0003     |
|    loss                 | -0.0196    |
|    n_updates            | 760        |
|    policy_gradient_loss | -0.0253    |
|    std                  | 0.991      |
|    value_loss           | 0.113      |
----------------------------------------
-----------------------------------------
| rollout/                |             |
|    ep_len_mean          | 326         |
|    ep_rew_mean          | 87.1        |
| time/                   |             |
|    fps                  | 630         |
|    iterations           | 78          |
|    time_elapsed         | 253         |
|    total_timesteps      | 159744      |
| train/                  |             |
|    approx_kl            | 0.021145675 |
|    clip_fraction        | 0.214       |
|    clip_range           | 0.2         |
|    entropy_loss         | -7.03       |
|    explained_variance   | 0.503       |
|    learning_rate        | 0.0003      |
|    loss                 | -0.0121     |
|    n_updates            | 770         |
|    policy_gradient_loss | -0.0243     |
|    std                  | 0.987       |
|    value_loss           | 0.102       |
-----------------------------------------
----------------------------------------
| rollout/                |            |
|    ep_len_mean          | 329        |
|    ep_rew_mean          | 88.8       |
| time/                   |            |
|    fps                  | 624        |
|    iterations           | 79         |
|    time_elapsed         | 259        |
|    total_timesteps      | 161792     |
| train/                  |            |
|    approx_kl            | 0.02073578 |
|    clip_fraction        | 0.198      |
|    clip_range           | 0.2        |
|    entropy_loss         | -7.02      |
|    explained_variance   | 0.702      |
|    learning_rate        | 0.0003     |
|    loss                 | -0.0176    |
|    n_updates            | 780        |
|    policy_gradient_loss | -0.0253    |
|    std                  | 0.987      |
|    value_loss           | 0.111      |
----------------------------------------
-----------------------------------------
| rollout/                |             |
|    ep_len_mean          | 326         |
|    ep_rew_mean          | 87.9        |
| time/                   |             |
|    fps                  | 619         |
|    iterations           | 80          |
|    time_elapsed         | 264         |
|    total_timesteps      | 163840      |
| train/                  |             |
|    approx_kl            | 0.016491301 |
|    clip_fraction        | 0.185       |
|    clip_range           | 0.2         |
|    entropy_loss         | -7.01       |
|    explained_variance   | 0.563       |
|    learning_rate        | 0.0003      |
|    loss                 | -0.0132     |
|    n_updates            | 790         |
|    policy_gradient_loss | -0.0223     |
|    std                  | 0.985       |
|    value_loss           | 0.0925      |
-----------------------------------------
-----------------------------------------
| rollout/                |             |
|    ep_len_mean          | 321         |
|    ep_rew_mean          | 86.2        |
| time/                   |             |
|    fps                  | 614         |
|    iterations           | 81          |
|    time_elapsed         | 269         |
|    total_timesteps      | 165888      |
| train/                  |             |
|    approx_kl            | 0.018608473 |
|    clip_fraction        | 0.169       |
|    clip_range           | 0.2         |
|    entropy_loss         | -7.01       |
|    explained_variance   | 0.628       |
|    learning_rate        | 0.0003      |
|    loss                 | -0.0128     |
|    n_updates            | 800         |
|    policy_gradient_loss | -0.0248     |
|    std                  | 0.985       |
|    value_loss           | 0.141       |
-----------------------------------------
-----------------------------------------
| rollout/                |             |
|    ep_len_mean          | 325         |
|    ep_rew_mean          | 87.7        |
| time/                   |             |
|    fps                  | 610         |
|    iterations           | 82          |
|    time_elapsed         | 275         |
|    total_timesteps      | 167936      |
| train/                  |             |
|    approx_kl            | 0.021169262 |
|    clip_fraction        | 0.205       |
|    clip_range           | 0.2         |
|    entropy_loss         | -7.01       |
|    explained_variance   | 0.66        |
|    learning_rate        | 0.0003      |
|    loss                 | -0.0017     |
|    n_updates            | 810         |
|    policy_gradient_loss | -0.0279     |
|    std                  | 0.988       |
|    value_loss           | 0.158       |
-----------------------------------------
-----------------------------------------
| rollout/                |             |
|    ep_len_mean          | 327         |
|    ep_rew_mean          | 88.7        |
| time/                   |             |
|    fps                  | 605         |
|    iterations           | 83          |
|    time_elapsed         | 280         |
|    total_timesteps      | 169984      |
| train/                  |             |
|    approx_kl            | 0.015757462 |
|    clip_fraction        | 0.189       |
|    clip_range           | 0.2         |
|    entropy_loss         | -7          |
|    explained_variance   | 0.735       |
|    learning_rate        | 0.0003      |
|    loss                 | -0.0231     |
|    n_updates            | 820         |
|    policy_gradient_loss | -0.0246     |
|    std                  | 0.982       |
|    value_loss           | 0.0686      |
-----------------------------------------
----------------------------------------
| rollout/                |            |
|    ep_len_mean          | 329        |
|    ep_rew_mean          | 89         |
| time/                   |            |
|    fps                  | 601        |
|    iterations           | 84         |
|    time_elapsed         | 285        |
|    total_timesteps      | 172032     |
| train/                  |            |
|    approx_kl            | 0.01902163 |
|    clip_fraction        | 0.184      |
|    clip_range           | 0.2        |
|    entropy_loss         | -6.98      |
|    explained_variance   | 0.625      |
|    learning_rate        | 0.0003     |
|    loss                 | 0.00739    |
|    n_updates            | 830        |
|    policy_gradient_loss | -0.0247    |
|    std                  | 0.981      |
|    value_loss           | 0.137      |
----------------------------------------
-----------------------------------------
| rollout/                |             |
|    ep_len_mean          | 336         |
|    ep_rew_mean          | 94          |
| time/                   |             |
|    fps                  | 597         |
|    iterations           | 85          |
|    time_elapsed         | 291         |
|    total_timesteps      | 174080      |
| train/                  |             |
|    approx_kl            | 0.017702267 |
|    clip_fraction        | 0.189       |
|    clip_range           | 0.2         |
|    entropy_loss         | -6.99       |
|    explained_variance   | 0.638       |
|    learning_rate        | 0.0003      |
|    loss                 | -0.0322     |
|    n_updates            | 840         |
|    policy_gradient_loss | -0.0254     |
|    std                  | 0.982       |
|    value_loss           | 0.101       |
-----------------------------------------
----------------------------------------
| rollout/                |            |
|    ep_len_mean          | 332        |
|    ep_rew_mean          | 92.1       |
| time/                   |            |
|    fps                  | 594        |
|    iterations           | 86         |
|    time_elapsed         | 296        |
|    total_timesteps      | 176128     |
| train/                  |            |
|    approx_kl            | 0.01927862 |
|    clip_fraction        | 0.192      |
|    clip_range           | 0.2        |
|    entropy_loss         | -6.99      |
|    explained_variance   | 0.568      |
|    learning_rate        | 0.0003     |
|    loss                 | 0.00761    |
|    n_updates            | 850        |
|    policy_gradient_loss | -0.0261    |
|    std                  | 0.983      |
|    value_loss           | 0.197      |
----------------------------------------
-----------------------------------------
| rollout/                |             |
|    ep_len_mean          | 329         |
|    ep_rew_mean          | 91          |
| time/                   |             |
|    fps                  | 591         |
|    iterations           | 87          |
|    time_elapsed         | 301         |
|    total_timesteps      | 178176      |
| train/                  |             |
|    approx_kl            | 0.018108003 |
|    clip_fraction        | 0.18        |
|    clip_range           | 0.2         |
|    entropy_loss         | -7          |
|    explained_variance   | 0.532       |
|    learning_rate        | 0.0003      |
|    loss                 | -0.0265     |
|    n_updates            | 860         |
|    policy_gradient_loss | -0.026      |
|    std                  | 0.985       |
|    value_loss           | 0.085       |
-----------------------------------------
-----------------------------------------
| rollout/                |             |
|    ep_len_mean          | 325         |
|    ep_rew_mean          | 89.7        |
| time/                   |             |
|    fps                  | 587         |
|    iterations           | 88          |
|    time_elapsed         | 306         |
|    total_timesteps      | 180224      |
| train/                  |             |
|    approx_kl            | 0.017975114 |
|    clip_fraction        | 0.206       |
|    clip_range           | 0.2         |
|    entropy_loss         | -7          |
|    explained_variance   | 0.702       |
|    learning_rate        | 0.0003      |
|    loss                 | -0.0176     |
|    n_updates            | 870         |
|    policy_gradient_loss | -0.0255     |
|    std                  | 0.984       |
|    value_loss           | 0.121       |
-----------------------------------------
--------------------------------------
| rollout/                |          |
|    ep_len_mean          | 328      |
|    ep_rew_mean          | 90.9     |
| time/                   |          |
|    fps                  | 585      |
|    iterations           | 89       |
|    time_elapsed         | 311      |
|    total_timesteps      | 182272   |
| train/                  |          |
|    approx_kl            | 0.016795 |
|    clip_fraction        | 0.182    |
|    clip_range           | 0.2      |
|    entropy_loss         | -6.99    |
|    explained_variance   | 0.618    |
|    learning_rate        | 0.0003   |
|    loss                 | -0.0114  |
|    n_updates            | 880      |
|    policy_gradient_loss | -0.0254  |
|    std                  | 0.979    |
|    value_loss           | 0.103    |
--------------------------------------
-----------------------------------------
| rollout/                |             |
|    ep_len_mean          | 328         |
|    ep_rew_mean          | 91.3        |
| time/                   |             |
|    fps                  | 581         |
|    iterations           | 90          |
|    time_elapsed         | 316         |
|    total_timesteps      | 184320      |
| train/                  |             |
|    approx_kl            | 0.020810595 |
|    clip_fraction        | 0.203       |
|    clip_range           | 0.2         |
|    entropy_loss         | -6.96       |
|    explained_variance   | 0.684       |
|    learning_rate        | 0.0003      |
|    loss                 | 0.00184     |
|    n_updates            | 890         |
|    policy_gradient_loss | -0.0261     |
|    std                  | 0.975       |
|    value_loss           | 0.108       |
-----------------------------------------
-----------------------------------------
| rollout/                |             |
|    ep_len_mean          | 328         |
|    ep_rew_mean          | 88.5        |
| time/                   |             |
|    fps                  | 578         |
|    iterations           | 91          |
|    time_elapsed         | 322         |
|    total_timesteps      | 186368      |
| train/                  |             |
|    approx_kl            | 0.016322043 |
|    clip_fraction        | 0.201       |
|    clip_range           | 0.2         |
|    entropy_loss         | -6.96       |
|    explained_variance   | 0.628       |
|    learning_rate        | 0.0003      |
|    loss                 | -0.012      |
|    n_updates            | 900         |
|    policy_gradient_loss | -0.0238     |
|    std                  | 0.977       |
|    value_loss           | 0.114       |
-----------------------------------------
-----------------------------------------
| rollout/                |             |
|    ep_len_mean          | 324         |
|    ep_rew_mean          | 87.4        |
| time/                   |             |
|    fps                  | 575         |
|    iterations           | 92          |
|    time_elapsed         | 327         |
|    total_timesteps      | 188416      |
| train/                  |             |
|    approx_kl            | 0.018105347 |
|    clip_fraction        | 0.203       |
|    clip_range           | 0.2         |
|    entropy_loss         | -6.96       |
|    explained_variance   | 0.62        |
|    learning_rate        | 0.0003      |
|    loss                 | -0.0316     |
|    n_updates            | 910         |
|    policy_gradient_loss | -0.0235     |
|    std                  | 0.976       |
|    value_loss           | 0.115       |
-----------------------------------------
-----------------------------------------
| rollout/                |             |
|    ep_len_mean          | 323         |
|    ep_rew_mean          | 86.5        |
| time/                   |             |
|    fps                  | 572         |
|    iterations           | 93          |
|    time_elapsed         | 332         |
|    total_timesteps      | 190464      |
| train/                  |             |
|    approx_kl            | 0.018215831 |
|    clip_fraction        | 0.219       |
|    clip_range           | 0.2         |
|    entropy_loss         | -6.96       |
|    explained_variance   | 0.572       |
|    learning_rate        | 0.0003      |
|    loss                 | -0.019      |
|    n_updates            | 920         |
|    policy_gradient_loss | -0.0269     |
|    std                  | 0.975       |
|    value_loss           | 0.111       |
-----------------------------------------
-----------------------------------------
| rollout/                |             |
|    ep_len_mean          | 322         |
|    ep_rew_mean          | 86.4        |
| time/                   |             |
|    fps                  | 569         |
|    iterations           | 94          |
|    time_elapsed         | 338         |
|    total_timesteps      | 192512      |
| train/                  |             |
|    approx_kl            | 0.017983422 |
|    clip_fraction        | 0.193       |
|    clip_range           | 0.2         |
|    entropy_loss         | -6.95       |
|    explained_variance   | 0.665       |
|    learning_rate        | 0.0003      |
|    loss                 | -0.0231     |
|    n_updates            | 930         |
|    policy_gradient_loss | -0.0258     |
|    std                  | 0.973       |
|    value_loss           | 0.103       |
-----------------------------------------
-----------------------------------------
| rollout/                |             |
|    ep_len_mean          | 321         |
|    ep_rew_mean          | 86.7        |
| time/                   |             |
|    fps                  | 566         |
|    iterations           | 95          |
|    time_elapsed         | 343         |
|    total_timesteps      | 194560      |
| train/                  |             |
|    approx_kl            | 0.026564337 |
|    clip_fraction        | 0.244       |
|    clip_range           | 0.2         |
|    entropy_loss         | -6.94       |
|    explained_variance   | 0.626       |
|    learning_rate        | 0.0003      |
|    loss                 | -0.0169     |
|    n_updates            | 940         |
|    policy_gradient_loss | -0.0284     |
|    std                  | 0.97        |
|    value_loss           | 0.136       |
-----------------------------------------
-----------------------------------------
| rollout/                |             |
|    ep_len_mean          | 323         |
|    ep_rew_mean          | 87.2        |
| time/                   |             |
|    fps                  | 563         |
|    iterations           | 96          |
|    time_elapsed         | 348         |
|    total_timesteps      | 196608      |
| train/                  |             |
|    approx_kl            | 0.021136072 |
|    clip_fraction        | 0.22        |
|    clip_range           | 0.2         |
|    entropy_loss         | -6.93       |
|    explained_variance   | 0.72        |
|    learning_rate        | 0.0003      |
|    loss                 | -0.03       |
|    n_updates            | 950         |
|    policy_gradient_loss | -0.0265     |
|    std                  | 0.97        |
|    value_loss           | 0.105       |
-----------------------------------------
-----------------------------------------
| rollout/                |             |
|    ep_len_mean          | 327         |
|    ep_rew_mean          | 89.8        |
| time/                   |             |
|    fps                  | 560         |
|    iterations           | 97          |
|    time_elapsed         | 354         |
|    total_timesteps      | 198656      |
| train/                  |             |
|    approx_kl            | 0.017949969 |
|    clip_fraction        | 0.185       |
|    clip_range           | 0.2         |
|    entropy_loss         | -6.93       |
|    explained_variance   | 0.498       |
|    learning_rate        | 0.0003      |
|    loss                 | -0.0239     |
|    n_updates            | 960         |
|    policy_gradient_loss | -0.025      |
|    std                  | 0.97        |
|    value_loss           | 0.08        |
-----------------------------------------
-----------------------------------------
| rollout/                |             |
|    ep_len_mean          | 327         |
|    ep_rew_mean          | 89.7        |
| time/                   |             |
|    fps                  | 557         |
|    iterations           | 98          |
|    time_elapsed         | 360         |
|    total_timesteps      | 200704      |
| train/                  |             |
|    approx_kl            | 0.019769825 |
|    clip_fraction        | 0.201       |
|    clip_range           | 0.2         |
|    entropy_loss         | -6.93       |
|    explained_variance   | 0.57        |
|    learning_rate        | 0.0003      |
|    loss                 | -0.0387     |
|    n_updates            | 970         |
|    policy_gradient_loss | -0.0265     |
|    std                  | 0.97        |
|    value_loss           | 0.11        |
-----------------------------------------
-----------------------------------------
| rollout/                |             |
|    ep_len_mean          | 332         |
|    ep_rew_mean          | 91.4        |
| time/                   |             |
|    fps                  | 554         |
|    iterations           | 99          |
|    time_elapsed         | 365         |
|    total_timesteps      | 202752      |
| train/                  |             |
|    approx_kl            | 0.018414907 |
|    clip_fraction        | 0.197       |
|    clip_range           | 0.2         |
|    entropy_loss         | -6.93       |
|    explained_variance   | 0.47        |
|    learning_rate        | 0.0003      |
|    loss                 | -0.00947    |
|    n_updates            | 980         |
|    policy_gradient_loss | -0.0234     |
|    std                  | 0.97        |
|    value_loss           | 0.1         |
-----------------------------------------
-----------------------------------------
| rollout/                |             |
|    ep_len_mean          | 332         |
|    ep_rew_mean          | 91.8        |
| time/                   |             |
|    fps                  | 552         |
|    iterations           | 100         |
|    time_elapsed         | 370         |
|    total_timesteps      | 204800      |
| train/                  |             |
|    approx_kl            | 0.017902337 |
|    clip_fraction        | 0.185       |
|    clip_range           | 0.2         |
|    entropy_loss         | -6.92       |
|    explained_variance   | 0.619       |
|    learning_rate        | 0.0003      |
|    loss                 | -0.0314     |
|    n_updates            | 990         |
|    policy_gradient_loss | -0.0235     |
|    std                  | 0.967       |
|    value_loss           | 0.0896      |
-----------------------------------------
-----------------------------------------
| rollout/                |             |
|    ep_len_mean          | 333         |
|    ep_rew_mean          | 91.7        |
| time/                   |             |
|    fps                  | 549         |
|    iterations           | 101         |
|    time_elapsed         | 376         |
|    total_timesteps      | 206848      |
| train/                  |             |
|    approx_kl            | 0.019469537 |
|    clip_fraction        | 0.215       |
|    clip_range           | 0.2         |
|    entropy_loss         | -6.91       |
|    explained_variance   | 0.724       |
|    learning_rate        | 0.0003      |
|    loss                 | -0.0501     |
|    n_updates            | 1000        |
|    policy_gradient_loss | -0.0259     |
|    std                  | 0.967       |
|    value_loss           | 0.0489      |
-----------------------------------------
-----------------------------------------
| rollout/                |             |
|    ep_len_mean          | 335         |
|    ep_rew_mean          | 92.2        |
| time/                   |             |
|    fps                  | 546         |
|    iterations           | 102         |
|    time_elapsed         | 382         |
|    total_timesteps      | 208896      |
| train/                  |             |
|    approx_kl            | 0.022189036 |
|    clip_fraction        | 0.237       |
|    clip_range           | 0.2         |
|    entropy_loss         | -6.91       |
|    explained_variance   | 0.606       |
|    learning_rate        | 0.0003      |
|    loss                 | -0.0444     |
|    n_updates            | 1010        |
|    policy_gradient_loss | -0.0237     |
|    std                  | 0.968       |
|    value_loss           | 0.0959      |
-----------------------------------------
-----------------------------------------
| rollout/                |             |
|    ep_len_mean          | 338         |
|    ep_rew_mean          | 93.4        |
| time/                   |             |
|    fps                  | 544         |
|    iterations           | 103         |
|    time_elapsed         | 387         |
|    total_timesteps      | 210944      |
| train/                  |             |
|    approx_kl            | 0.020747647 |
|    clip_fraction        | 0.223       |
|    clip_range           | 0.2         |
|    entropy_loss         | -6.92       |
|    explained_variance   | 0.514       |
|    learning_rate        | 0.0003      |
|    loss                 | -0.0062     |
|    n_updates            | 1020        |
|    policy_gradient_loss | -0.0276     |
|    std                  | 0.97        |
|    value_loss           | 0.139       |
-----------------------------------------
-----------------------------------------
| rollout/                |             |
|    ep_len_mean          | 344         |
|    ep_rew_mean          | 96.6        |
| time/                   |             |
|    fps                  | 541         |
|    iterations           | 104         |
|    time_elapsed         | 393         |
|    total_timesteps      | 212992      |
| train/                  |             |
|    approx_kl            | 0.019121334 |
|    clip_fraction        | 0.208       |
|    clip_range           | 0.2         |
|    entropy_loss         | -6.92       |
|    explained_variance   | 0.484       |
|    learning_rate        | 0.0003      |
|    loss                 | -0.0188     |
|    n_updates            | 1030        |
|    policy_gradient_loss | -0.0257     |
|    std                  | 0.969       |
|    value_loss           | 0.113       |
-----------------------------------------
-----------------------------------------
| rollout/                |             |
|    ep_len_mean          | 344         |
|    ep_rew_mean          | 96.7        |
| time/                   |             |
|    fps                  | 539         |
|    iterations           | 105         |
|    time_elapsed         | 398         |
|    total_timesteps      | 215040      |
| train/                  |             |
|    approx_kl            | 0.021650579 |
|    clip_fraction        | 0.198       |
|    clip_range           | 0.2         |
|    entropy_loss         | -6.92       |
|    explained_variance   | 0.598       |
|    learning_rate        | 0.0003      |
|    loss                 | -0.018      |
|    n_updates            | 1040        |
|    policy_gradient_loss | -0.0248     |
|    std                  | 0.969       |
|    value_loss           | 0.099       |
-----------------------------------------
-----------------------------------------
| rollout/                |             |
|    ep_len_mean          | 340         |
|    ep_rew_mean          | 95.3        |
| time/                   |             |
|    fps                  | 537         |
|    iterations           | 106         |
|    time_elapsed         | 404         |
|    total_timesteps      | 217088      |
| train/                  |             |
|    approx_kl            | 0.020154314 |
|    clip_fraction        | 0.202       |
|    clip_range           | 0.2         |
|    entropy_loss         | -6.92       |
|    explained_variance   | 0.721       |
|    learning_rate        | 0.0003      |
|    loss                 | -0.0384     |
|    n_updates            | 1050        |
|    policy_gradient_loss | -0.0271     |
|    std                  | 0.966       |
|    value_loss           | 0.0864      |
-----------------------------------------
-----------------------------------------
| rollout/                |             |
|    ep_len_mean          | 340         |
|    ep_rew_mean          | 95.1        |
| time/                   |             |
|    fps                  | 534         |
|    iterations           | 107         |
|    time_elapsed         | 409         |
|    total_timesteps      | 219136      |
| train/                  |             |
|    approx_kl            | 0.021464642 |
|    clip_fraction        | 0.215       |
|    clip_range           | 0.2         |
|    entropy_loss         | -6.92       |
|    explained_variance   | 0.503       |
|    learning_rate        | 0.0003      |
|    loss                 | -0.0045     |
|    n_updates            | 1060        |
|    policy_gradient_loss | -0.0256     |
|    std                  | 0.971       |
|    value_loss           | 0.188       |
-----------------------------------------
-----------------------------------------
| rollout/                |             |
|    ep_len_mean          | 338         |
|    ep_rew_mean          | 97          |
| time/                   |             |
|    fps                  | 532         |
|    iterations           | 108         |
|    time_elapsed         | 415         |
|    total_timesteps      | 221184      |
| train/                  |             |
|    approx_kl            | 0.020496752 |
|    clip_fraction        | 0.201       |
|    clip_range           | 0.2         |
|    entropy_loss         | -6.93       |
|    explained_variance   | 0.661       |
|    learning_rate        | 0.0003      |
|    loss                 | -0.0369     |
|    n_updates            | 1070        |
|    policy_gradient_loss | -0.0261     |
|    std                  | 0.97        |
|    value_loss           | 0.0581      |
-----------------------------------------
-----------------------------------------
| rollout/                |             |
|    ep_len_mean          | 342         |
|    ep_rew_mean          | 99.3        |
| time/                   |             |
|    fps                  | 530         |
|    iterations           | 109         |
|    time_elapsed         | 421         |
|    total_timesteps      | 223232      |
| train/                  |             |
|    approx_kl            | 0.020503432 |
|    clip_fraction        | 0.228       |
|    clip_range           | 0.2         |
|    entropy_loss         | -6.93       |
|    explained_variance   | 0.656       |
|    learning_rate        | 0.0003      |
|    loss                 | -0.0267     |
|    n_updates            | 1080        |
|    policy_gradient_loss | -0.0271     |
|    std                  | 0.973       |
|    value_loss           | 0.113       |
-----------------------------------------
-----------------------------------------
| rollout/                |             |
|    ep_len_mean          | 340         |
|    ep_rew_mean          | 98.9        |
| time/                   |             |
|    fps                  | 527         |
|    iterations           | 110         |
|    time_elapsed         | 426         |
|    total_timesteps      | 225280      |
| train/                  |             |
|    approx_kl            | 0.019885007 |
|    clip_fraction        | 0.206       |
|    clip_range           | 0.2         |
|    entropy_loss         | -6.95       |
|    explained_variance   | 0.649       |
|    learning_rate        | 0.0003      |
|    loss                 | -0.026      |
|    n_updates            | 1090        |
|    policy_gradient_loss | -0.0259     |
|    std                  | 0.974       |
|    value_loss           | 0.106       |
-----------------------------------------
-----------------------------------------
| rollout/                |             |
|    ep_len_mean          | 340         |
|    ep_rew_mean          | 99.4        |
| time/                   |             |
|    fps                  | 525         |
|    iterations           | 111         |
|    time_elapsed         | 432         |
|    total_timesteps      | 227328      |
| train/                  |             |
|    approx_kl            | 0.023559984 |
|    clip_fraction        | 0.211       |
|    clip_range           | 0.2         |
|    entropy_loss         | -6.96       |
|    explained_variance   | 0.769       |
|    learning_rate        | 0.0003      |
|    loss                 | -0.0261     |
|    n_updates            | 1100        |
|    policy_gradient_loss | -0.0276     |
|    std                  | 0.976       |
|    value_loss           | 0.0919      |
-----------------------------------------
-----------------------------------------
| rollout/                |             |
|    ep_len_mean          | 342         |
|    ep_rew_mean          | 99.2        |
| time/                   |             |
|    fps                  | 523         |
|    iterations           | 112         |
|    time_elapsed         | 437         |
|    total_timesteps      | 229376      |
| train/                  |             |
|    approx_kl            | 0.019587845 |
|    clip_fraction        | 0.232       |
|    clip_range           | 0.2         |
|    entropy_loss         | -6.96       |
|    explained_variance   | 0.684       |
|    learning_rate        | 0.0003      |
|    loss                 | -0.0327     |
|    n_updates            | 1110        |
|    policy_gradient_loss | -0.0277     |
|    std                  | 0.974       |
|    value_loss           | 0.116       |
-----------------------------------------
-----------------------------------------
| rollout/                |             |
|    ep_len_mean          | 342         |
|    ep_rew_mean          | 99.2        |
| time/                   |             |
|    fps                  | 521         |
|    iterations           | 113         |
|    time_elapsed         | 443         |
|    total_timesteps      | 231424      |
| train/                  |             |
|    approx_kl            | 0.021936135 |
|    clip_fraction        | 0.225       |
|    clip_range           | 0.2         |
|    entropy_loss         | -6.95       |
|    explained_variance   | 0.602       |
|    learning_rate        | 0.0003      |
|    loss                 | -0.00513    |
|    n_updates            | 1120        |
|    policy_gradient_loss | -0.0256     |
|    std                  | 0.976       |
|    value_loss           | 0.15        |
-----------------------------------------
----------------------------------------
| rollout/                |            |
|    ep_len_mean          | 339        |
|    ep_rew_mean          | 97.5       |
| time/                   |            |
|    fps                  | 519        |
|    iterations           | 114        |
|    time_elapsed         | 448        |
|    total_timesteps      | 233472     |
| train/                  |            |
|    approx_kl            | 0.01984026 |
|    clip_fraction        | 0.205      |
|    clip_range           | 0.2        |
|    entropy_loss         | -6.96      |
|    explained_variance   | 0.749      |
|    learning_rate        | 0.0003     |
|    loss                 | -0.0591    |
|    n_updates            | 1130       |
|    policy_gradient_loss | -0.0265    |
|    std                  | 0.975      |
|    value_loss           | 0.0444     |
----------------------------------------
-----------------------------------------
| rollout/                |             |
|    ep_len_mean          | 337         |
|    ep_rew_mean          | 97.7        |
| time/                   |             |
|    fps                  | 517         |
|    iterations           | 115         |
|    time_elapsed         | 454         |
|    total_timesteps      | 235520      |
| train/                  |             |
|    approx_kl            | 0.020618666 |
|    clip_fraction        | 0.222       |
|    clip_range           | 0.2         |
|    entropy_loss         | -6.96       |
|    explained_variance   | 0.472       |
|    learning_rate        | 0.0003      |
|    loss                 | 0.0282      |
|    n_updates            | 1140        |
|    policy_gradient_loss | -0.0231     |
|    std                  | 0.976       |
|    value_loss           | 0.155       |
-----------------------------------------
-----------------------------------------
| rollout/                |             |
|    ep_len_mean          | 336         |
|    ep_rew_mean          | 97.2        |
| time/                   |             |
|    fps                  | 516         |
|    iterations           | 116         |
|    time_elapsed         | 460         |
|    total_timesteps      | 237568      |
| train/                  |             |
|    approx_kl            | 0.020041056 |
|    clip_fraction        | 0.206       |
|    clip_range           | 0.2         |
|    entropy_loss         | -6.96       |
|    explained_variance   | 0.54        |
|    learning_rate        | 0.0003      |
|    loss                 | -0.037      |
|    n_updates            | 1150        |
|    policy_gradient_loss | -0.0251     |
|    std                  | 0.975       |
|    value_loss           | 0.11        |
-----------------------------------------
----------------------------------------
| rollout/                |            |
|    ep_len_mean          | 335        |
|    ep_rew_mean          | 97.5       |
| time/                   |            |
|    fps                  | 514        |
|    iterations           | 117        |
|    time_elapsed         | 465        |
|    total_timesteps      | 239616     |
| train/                  |            |
|    approx_kl            | 0.01870958 |
|    clip_fraction        | 0.192      |
|    clip_range           | 0.2        |
|    entropy_loss         | -6.95      |
|    explained_variance   | 0.603      |
|    learning_rate        | 0.0003     |
|    loss                 | -0.0473    |
|    n_updates            | 1160       |
|    policy_gradient_loss | -0.0246    |
|    std                  | 0.973      |
|    value_loss           | 0.0809     |
----------------------------------------
-----------------------------------------
| rollout/                |             |
|    ep_len_mean          | 336         |
|    ep_rew_mean          | 98          |
| time/                   |             |
|    fps                  | 512         |
|    iterations           | 118         |
|    time_elapsed         | 471         |
|    total_timesteps      | 241664      |
| train/                  |             |
|    approx_kl            | 0.021322915 |
|    clip_fraction        | 0.222       |
|    clip_range           | 0.2         |
|    entropy_loss         | -6.94       |
|    explained_variance   | 0.582       |
|    learning_rate        | 0.0003      |
|    loss                 | -0.0205     |
|    n_updates            | 1170        |
|    policy_gradient_loss | -0.0241     |
|    std                  | 0.972       |
|    value_loss           | 0.108       |
-----------------------------------------
----------------------------------------
| rollout/                |            |
|    ep_len_mean          | 334        |
|    ep_rew_mean          | 97.6       |
| time/                   |            |
|    fps                  | 511        |
|    iterations           | 119        |
|    time_elapsed         | 476        |
|    total_timesteps      | 243712     |
| train/                  |            |
|    approx_kl            | 0.02272141 |
|    clip_fraction        | 0.211      |
|    clip_range           | 0.2        |
|    entropy_loss         | -6.94      |
|    explained_variance   | 0.561      |
|    learning_rate        | 0.0003     |
|    loss                 | -0.0321    |
|    n_updates            | 1180       |
|    policy_gradient_loss | -0.0272    |
|    std                  | 0.971      |
|    value_loss           | 0.0855     |
----------------------------------------
-----------------------------------------
| rollout/                |             |
|    ep_len_mean          | 337         |
|    ep_rew_mean          | 98.9        |
| time/                   |             |
|    fps                  | 509         |
|    iterations           | 120         |
|    time_elapsed         | 482         |
|    total_timesteps      | 245760      |
| train/                  |             |
|    approx_kl            | 0.020283997 |
|    clip_fraction        | 0.209       |
|    clip_range           | 0.2         |
|    entropy_loss         | -6.93       |
|    explained_variance   | 0.699       |
|    learning_rate        | 0.0003      |
|    loss                 | -0.02       |
|    n_updates            | 1190        |
|    policy_gradient_loss | -0.0241     |
|    std                  | 0.969       |
|    value_loss           | 0.0711      |
-----------------------------------------
-----------------------------------------
| rollout/                |             |
|    ep_len_mean          | 339         |
|    ep_rew_mean          | 100         |
| time/                   |             |
|    fps                  | 508         |
|    iterations           | 121         |
|    time_elapsed         | 487         |
|    total_timesteps      | 247808      |
| train/                  |             |
|    approx_kl            | 0.018545136 |
|    clip_fraction        | 0.2         |
|    clip_range           | 0.2         |
|    entropy_loss         | -6.93       |
|    explained_variance   | 0.721       |
|    learning_rate        | 0.0003      |
|    loss                 | -0.0549     |
|    n_updates            | 1200        |
|    policy_gradient_loss | -0.025      |
|    std                  | 0.969       |
|    value_loss           | 0.0593      |
-----------------------------------------
-----------------------------------------
| rollout/                |             |
|    ep_len_mean          | 340         |
|    ep_rew_mean          | 100         |
| time/                   |             |
|    fps                  | 506         |
|    iterations           | 122         |
|    time_elapsed         | 493         |
|    total_timesteps      | 249856      |
| train/                  |             |
|    approx_kl            | 0.023614444 |
|    clip_fraction        | 0.241       |
|    clip_range           | 0.2         |
|    entropy_loss         | -6.92       |
|    explained_variance   | 0.551       |
|    learning_rate        | 0.0003      |
|    loss                 | -0.0272     |
|    n_updates            | 1210        |
|    policy_gradient_loss | -0.0247     |
|    std                  | 0.964       |
|    value_loss           | 0.137       |
-----------------------------------------
-----------------------------------------
| rollout/                |             |
|    ep_len_mean          | 344         |
|    ep_rew_mean          | 102         |
| time/                   |             |
|    fps                  | 504         |
|    iterations           | 123         |
|    time_elapsed         | 499         |
|    total_timesteps      | 251904      |
| train/                  |             |
|    approx_kl            | 0.017654732 |
|    clip_fraction        | 0.213       |
|    clip_range           | 0.2         |
|    entropy_loss         | -6.91       |
|    explained_variance   | 0.661       |
|    learning_rate        | 0.0003      |
|    loss                 | -0.0145     |
|    n_updates            | 1220        |
|    policy_gradient_loss | -0.0238     |
|    std                  | 0.968       |
|    value_loss           | 0.0869      |
-----------------------------------------
-----------------------------------------
| rollout/                |             |
|    ep_len_mean          | 343         |
|    ep_rew_mean          | 102         |
| time/                   |             |
|    fps                  | 502         |
|    iterations           | 124         |
|    time_elapsed         | 505         |
|    total_timesteps      | 253952      |
| train/                  |             |
|    approx_kl            | 0.022158805 |
|    clip_fraction        | 0.224       |
|    clip_range           | 0.2         |
|    entropy_loss         | -6.92       |
|    explained_variance   | 0.553       |
|    learning_rate        | 0.0003      |
|    loss                 | -0.0183     |
|    n_updates            | 1230        |
|    policy_gradient_loss | -0.0272     |
|    std                  | 0.967       |
|    value_loss           | 0.0995      |
-----------------------------------------
-----------------------------------------
| rollout/                |             |
|    ep_len_mean          | 343         |
|    ep_rew_mean          | 103         |
| time/                   |             |
|    fps                  | 500         |
|    iterations           | 125         |
|    time_elapsed         | 511         |
|    total_timesteps      | 256000      |
| train/                  |             |
|    approx_kl            | 0.016603237 |
|    clip_fraction        | 0.207       |
|    clip_range           | 0.2         |
|    entropy_loss         | -6.91       |
|    explained_variance   | 0.612       |
|    learning_rate        | 0.0003      |
|    loss                 | -0.0291     |
|    n_updates            | 1240        |
|    policy_gradient_loss | -0.0274     |
|    std                  | 0.964       |
|    value_loss           | 0.107       |
-----------------------------------------
-----------------------------------------
| rollout/                |             |
|    ep_len_mean          | 343         |
|    ep_rew_mean          | 102         |
| time/                   |             |
|    fps                  | 498         |
|    iterations           | 126         |
|    time_elapsed         | 517         |
|    total_timesteps      | 258048      |
| train/                  |             |
|    approx_kl            | 0.021709956 |
|    clip_fraction        | 0.223       |
|    clip_range           | 0.2         |
|    entropy_loss         | -6.9        |
|    explained_variance   | 0.511       |
|    learning_rate        | 0.0003      |
|    loss                 | 0.00285     |
|    n_updates            | 1250        |
|    policy_gradient_loss | -0.0254     |
|    std                  | 0.964       |
|    value_loss           | 0.115       |
-----------------------------------------
-----------------------------------------
| rollout/                |             |
|    ep_len_mean          | 345         |
|    ep_rew_mean          | 103         |
| time/                   |             |
|    fps                  | 497         |
|    iterations           | 127         |
|    time_elapsed         | 522         |
|    total_timesteps      | 260096      |
| train/                  |             |
|    approx_kl            | 0.020386476 |
|    clip_fraction        | 0.218       |
|    clip_range           | 0.2         |
|    entropy_loss         | -6.9        |
|    explained_variance   | 0.572       |
|    learning_rate        | 0.0003      |
|    loss                 | -0.0332     |
|    n_updates            | 1260        |
|    policy_gradient_loss | -0.0263     |
|    std                  | 0.963       |
|    value_loss           | 0.0854      |
-----------------------------------------
----------------------------------------
| rollout/                |            |
|    ep_len_mean          | 341        |
|    ep_rew_mean          | 102        |
| time/                   |            |
|    fps                  | 496        |
|    iterations           | 128        |
|    time_elapsed         | 528        |
|    total_timesteps      | 262144     |
| train/                  |            |
|    approx_kl            | 0.02043911 |
|    clip_fraction        | 0.21       |
|    clip_range           | 0.2        |
|    entropy_loss         | -6.89      |
|    explained_variance   | 0.454      |
|    learning_rate        | 0.0003     |
|    loss                 | 0.0417     |
|    n_updates            | 1270       |
|    policy_gradient_loss | -0.0236    |
|    std                  | 0.962      |
|    value_loss           | 0.195      |
----------------------------------------
-----------------------------------------
| rollout/                |             |
|    ep_len_mean          | 341         |
|    ep_rew_mean          | 103         |
| time/                   |             |
|    fps                  | 495         |
|    iterations           | 129         |
|    time_elapsed         | 533         |
|    total_timesteps      | 264192      |
| train/                  |             |
|    approx_kl            | 0.023033943 |
|    clip_fraction        | 0.235       |
|    clip_range           | 0.2         |
|    entropy_loss         | -6.88       |
|    explained_variance   | 0.403       |
|    learning_rate        | 0.0003      |
|    loss                 | -0.0224     |
|    n_updates            | 1280        |
|    policy_gradient_loss | -0.0273     |
|    std                  | 0.957       |
|    value_loss           | 0.132       |
-----------------------------------------
-----------------------------------------
| rollout/                |             |
|    ep_len_mean          | 346         |
|    ep_rew_mean          | 105         |
| time/                   |             |
|    fps                  | 493         |
|    iterations           | 130         |
|    time_elapsed         | 539         |
|    total_timesteps      | 266240      |
| train/                  |             |
|    approx_kl            | 0.016137267 |
|    clip_fraction        | 0.182       |
|    clip_range           | 0.2         |
|    entropy_loss         | -6.87       |
|    explained_variance   | 0.651       |
|    learning_rate        | 0.0003      |
|    loss                 | -0.0395     |
|    n_updates            | 1290        |
|    policy_gradient_loss | -0.0228     |
|    std                  | 0.961       |
|    value_loss           | 0.0869      |
-----------------------------------------
-----------------------------------------
| rollout/                |             |
|    ep_len_mean          | 346         |
|    ep_rew_mean          | 105         |
| time/                   |             |
|    fps                  | 492         |
|    iterations           | 131         |
|    time_elapsed         | 544         |
|    total_timesteps      | 268288      |
| train/                  |             |
|    approx_kl            | 0.020919476 |
|    clip_fraction        | 0.224       |
|    clip_range           | 0.2         |
|    entropy_loss         | -6.88       |
|    explained_variance   | 0.56        |
|    learning_rate        | 0.0003      |
|    loss                 | -0.0255     |
|    n_updates            | 1300        |
|    policy_gradient_loss | -0.0281     |
|    std                  | 0.959       |
|    value_loss           | 0.102       |
-----------------------------------------
-----------------------------------------
| rollout/                |             |
|    ep_len_mean          | 347         |
|    ep_rew_mean          | 106         |
| time/                   |             |
|    fps                  | 491         |
|    iterations           | 132         |
|    time_elapsed         | 550         |
|    total_timesteps      | 270336      |
| train/                  |             |
|    approx_kl            | 0.018892791 |
|    clip_fraction        | 0.205       |
|    clip_range           | 0.2         |
|    entropy_loss         | -6.87       |
|    explained_variance   | 0.497       |
|    learning_rate        | 0.0003      |
|    loss                 | -0.0358     |
|    n_updates            | 1310        |
|    policy_gradient_loss | -0.0257     |
|    std                  | 0.96        |
|    value_loss           | 0.0863      |
-----------------------------------------
-----------------------------------------
| rollout/                |             |
|    ep_len_mean          | 349         |
|    ep_rew_mean          | 107         |
| time/                   |             |
|    fps                  | 490         |
|    iterations           | 133         |
|    time_elapsed         | 555         |
|    total_timesteps      | 272384      |
| train/                  |             |
|    approx_kl            | 0.023966445 |
|    clip_fraction        | 0.258       |
|    clip_range           | 0.2         |
|    entropy_loss         | -6.89       |
|    explained_variance   | 0.686       |
|    learning_rate        | 0.0003      |
|    loss                 | -0.0535     |
|    n_updates            | 1320        |
|    policy_gradient_loss | -0.0292     |
|    std                  | 0.964       |
|    value_loss           | 0.0643      |
-----------------------------------------
-----------------------------------------
| rollout/                |             |
|    ep_len_mean          | 348         |
|    ep_rew_mean          | 108         |
| time/                   |             |
|    fps                  | 489         |
|    iterations           | 134         |
|    time_elapsed         | 560         |
|    total_timesteps      | 274432      |
| train/                  |             |
|    approx_kl            | 0.020301014 |
|    clip_fraction        | 0.235       |
|    clip_range           | 0.2         |
|    entropy_loss         | -6.9        |
|    explained_variance   | 0.535       |
|    learning_rate        | 0.0003      |
|    loss                 | 0.0041      |
|    n_updates            | 1330        |
|    policy_gradient_loss | -0.0262     |
|    std                  | 0.965       |
|    value_loss           | 0.172       |
-----------------------------------------
-----------------------------------------
| rollout/                |             |
|    ep_len_mean          | 349         |
|    ep_rew_mean          | 109         |
| time/                   |             |
|    fps                  | 488         |
|    iterations           | 135         |
|    time_elapsed         | 566         |
|    total_timesteps      | 276480      |
| train/                  |             |
|    approx_kl            | 0.018617593 |
|    clip_fraction        | 0.216       |
|    clip_range           | 0.2         |
|    entropy_loss         | -6.91       |
|    explained_variance   | 0.3         |
|    learning_rate        | 0.0003      |
|    loss                 | -0.041      |
|    n_updates            | 1340        |
|    policy_gradient_loss | -0.0222     |
|    std                  | 0.966       |
|    value_loss           | 0.0729      |
-----------------------------------------
-----------------------------------------
| rollout/                |             |
|    ep_len_mean          | 353         |
|    ep_rew_mean          | 111         |
| time/                   |             |
|    fps                  | 487         |
|    iterations           | 136         |
|    time_elapsed         | 571         |
|    total_timesteps      | 278528      |
| train/                  |             |
|    approx_kl            | 0.021444382 |
|    clip_fraction        | 0.194       |
|    clip_range           | 0.2         |
|    entropy_loss         | -6.92       |
|    explained_variance   | 0.553       |
|    learning_rate        | 0.0003      |
|    loss                 | -0.0441     |
|    n_updates            | 1350        |
|    policy_gradient_loss | -0.0265     |
|    std                  | 0.969       |
|    value_loss           | 0.0553      |
-----------------------------------------
-----------------------------------------
| rollout/                |             |
|    ep_len_mean          | 353         |
|    ep_rew_mean          | 112         |
| time/                   |             |
|    fps                  | 486         |
|    iterations           | 137         |
|    time_elapsed         | 577         |
|    total_timesteps      | 280576      |
| train/                  |             |
|    approx_kl            | 0.021840516 |
|    clip_fraction        | 0.232       |
|    clip_range           | 0.2         |
|    entropy_loss         | -6.93       |
|    explained_variance   | 0.243       |
|    learning_rate        | 0.0003      |
|    loss                 | -0.0278     |
|    n_updates            | 1360        |
|    policy_gradient_loss | -0.0268     |
|    std                  | 0.971       |
|    value_loss           | 0.104       |
-----------------------------------------
-----------------------------------------
| rollout/                |             |
|    ep_len_mean          | 353         |
|    ep_rew_mean          | 112         |
| time/                   |             |
|    fps                  | 485         |
|    iterations           | 138         |
|    time_elapsed         | 582         |
|    total_timesteps      | 282624      |
| train/                  |             |
|    approx_kl            | 0.022242725 |
|    clip_fraction        | 0.215       |
|    clip_range           | 0.2         |
|    entropy_loss         | -6.94       |
|    explained_variance   | 0.412       |
|    learning_rate        | 0.0003      |
|    loss                 | 0.00574     |
|    n_updates            | 1370        |
|    policy_gradient_loss | -0.0248     |
|    std                  | 0.973       |
|    value_loss           | 0.175       |
-----------------------------------------
-----------------------------------------
| rollout/                |             |
|    ep_len_mean          | 354         |
|    ep_rew_mean          | 112         |
| time/                   |             |
|    fps                  | 483         |
|    iterations           | 139         |
|    time_elapsed         | 588         |
|    total_timesteps      | 284672      |
| train/                  |             |
|    approx_kl            | 0.022523869 |
|    clip_fraction        | 0.246       |
|    clip_range           | 0.2         |
|    entropy_loss         | -6.93       |
|    explained_variance   | 0.544       |
|    learning_rate        | 0.0003      |
|    loss                 | -0.0462     |
|    n_updates            | 1380        |
|    policy_gradient_loss | -0.0273     |
|    std                  | 0.97        |
|    value_loss           | 0.0873      |
-----------------------------------------
-----------------------------------------
| rollout/                |             |
|    ep_len_mean          | 352         |
|    ep_rew_mean          | 111         |
| time/                   |             |
|    fps                  | 482         |
|    iterations           | 140         |
|    time_elapsed         | 593         |
|    total_timesteps      | 286720      |
| train/                  |             |
|    approx_kl            | 0.021963742 |
|    clip_fraction        | 0.233       |
|    clip_range           | 0.2         |
|    entropy_loss         | -6.93       |
|    explained_variance   | 0.532       |
|    learning_rate        | 0.0003      |
|    loss                 | -0.0198     |
|    n_updates            | 1390        |
|    policy_gradient_loss | -0.0267     |
|    std                  | 0.971       |
|    value_loss           | 0.144       |
-----------------------------------------
-----------------------------------------
| rollout/                |             |
|    ep_len_mean          | 348         |
|    ep_rew_mean          | 109         |
| time/                   |             |
|    fps                  | 481         |
|    iterations           | 141         |
|    time_elapsed         | 599         |
|    total_timesteps      | 288768      |
| train/                  |             |
|    approx_kl            | 0.018792387 |
|    clip_fraction        | 0.221       |
|    clip_range           | 0.2         |
|    entropy_loss         | -6.93       |
|    explained_variance   | 0.55        |
|    learning_rate        | 0.0003      |
|    loss                 | -0.0376     |
|    n_updates            | 1400        |
|    policy_gradient_loss | -0.0231     |
|    std                  | 0.969       |
|    value_loss           | 0.0747      |
-----------------------------------------
-----------------------------------------
| rollout/                |             |
|    ep_len_mean          | 347         |
|    ep_rew_mean          | 109         |
| time/                   |             |
|    fps                  | 480         |
|    iterations           | 142         |
|    time_elapsed         | 604         |
|    total_timesteps      | 290816      |
| train/                  |             |
|    approx_kl            | 0.016324423 |
|    clip_fraction        | 0.201       |
|    clip_range           | 0.2         |
|    entropy_loss         | -6.92       |
|    explained_variance   | 0.489       |
|    learning_rate        | 0.0003      |
|    loss                 | -0.0427     |
|    n_updates            | 1410        |
|    policy_gradient_loss | -0.0246     |
|    std                  | 0.967       |
|    value_loss           | 0.0829      |
-----------------------------------------
----------------------------------------
| rollout/                |            |
|    ep_len_mean          | 347        |
|    ep_rew_mean          | 110        |
| time/                   |            |
|    fps                  | 479        |
|    iterations           | 143        |
|    time_elapsed         | 610        |
|    total_timesteps      | 292864     |
| train/                  |            |
|    approx_kl            | 0.02078585 |
|    clip_fraction        | 0.229      |
|    clip_range           | 0.2        |
|    entropy_loss         | -6.91      |
|    explained_variance   | 0.542      |
|    learning_rate        | 0.0003     |
|    loss                 | -0.0359    |
|    n_updates            | 1420       |
|    policy_gradient_loss | -0.0241    |
|    std                  | 0.967      |
|    value_loss           | 0.0888     |
----------------------------------------
-----------------------------------------
| rollout/                |             |
|    ep_len_mean          | 346         |
|    ep_rew_mean          | 109         |
| time/                   |             |
|    fps                  | 479         |
|    iterations           | 144         |
|    time_elapsed         | 615         |
|    total_timesteps      | 294912      |
| train/                  |             |
|    approx_kl            | 0.023303606 |
|    clip_fraction        | 0.238       |
|    clip_range           | 0.2         |
|    entropy_loss         | -6.92       |
|    explained_variance   | 0.584       |
|    learning_rate        | 0.0003      |
|    loss                 | -0.0484     |
|    n_updates            | 1430        |
|    policy_gradient_loss | -0.0284     |
|    std                  | 0.97        |
|    value_loss           | 0.15        |
-----------------------------------------
-----------------------------------------
| rollout/                |             |
|    ep_len_mean          | 346         |
|    ep_rew_mean          | 106         |
| time/                   |             |
|    fps                  | 480         |
|    iterations           | 145         |
|    time_elapsed         | 617         |
|    total_timesteps      | 296960      |
| train/                  |             |
|    approx_kl            | 0.021356337 |
|    clip_fraction        | 0.24        |
|    clip_range           | 0.2         |
|    entropy_loss         | -6.92       |
|    explained_variance   | 0.551       |
|    learning_rate        | 0.0003      |
|    loss                 | -0.0386     |
|    n_updates            | 1440        |
|    policy_gradient_loss | -0.0288     |
|    std                  | 0.967       |
|    value_loss           | 0.0922      |
-----------------------------------------
-----------------------------------------
| rollout/                |             |
|    ep_len_mean          | 348         |
|    ep_rew_mean          | 108         |
| time/                   |             |
|    fps                  | 481         |
|    iterations           | 146         |
|    time_elapsed         | 620         |
|    total_timesteps      | 299008      |
| train/                  |             |
|    approx_kl            | 0.018502548 |
|    clip_fraction        | 0.211       |
|    clip_range           | 0.2         |
|    entropy_loss         | -6.92       |
|    explained_variance   | 0.393       |
|    learning_rate        | 0.0003      |
|    loss                 | -0.032      |
|    n_updates            | 1450        |
|    policy_gradient_loss | -0.0232     |
|    std                  | 0.97        |
|    value_loss           | 0.0928      |
-----------------------------------------
-----------------------------------------
| rollout/                |             |
|    ep_len_mean          | 349         |
|    ep_rew_mean          | 108         |
| time/                   |             |
|    fps                  | 481         |
|    iterations           | 147         |
|    time_elapsed         | 625         |
|    total_timesteps      | 301056      |
| train/                  |             |
|    approx_kl            | 0.023018153 |
|    clip_fraction        | 0.236       |
|    clip_range           | 0.2         |
|    entropy_loss         | -6.93       |
|    explained_variance   | 0.268       |
|    learning_rate        | 0.0003      |
|    loss                 | -0.0226     |
|    n_updates            | 1460        |
|    policy_gradient_loss | -0.0271     |
|    std                  | 0.969       |
|    value_loss           | 0.107       |
-----------------------------------------
-----------------------------------------
| rollout/                |             |
|    ep_len_mean          | 346         |
|    ep_rew_mean          | 107         |
| time/                   |             |
|    fps                  | 482         |
|    iterations           | 148         |
|    time_elapsed         | 628         |
|    total_timesteps      | 303104      |
| train/                  |             |
|    approx_kl            | 0.018866915 |
|    clip_fraction        | 0.2         |
|    clip_range           | 0.2         |
|    entropy_loss         | -6.94       |
|    explained_variance   | 0.354       |
|    learning_rate        | 0.0003      |
|    loss                 | -0.0327     |
|    n_updates            | 1470        |
|    policy_gradient_loss | -0.0257     |
|    std                  | 0.974       |
|    value_loss           | 0.0917      |
-----------------------------------------
-----------------------------------------
| rollout/                |             |
|    ep_len_mean          | 348         |
|    ep_rew_mean          | 107         |
| time/                   |             |
|    fps                  | 483         |
|    iterations           | 149         |
|    time_elapsed         | 631         |
|    total_timesteps      | 305152      |
| train/                  |             |
|    approx_kl            | 0.016636921 |
|    clip_fraction        | 0.191       |
|    clip_range           | 0.2         |
|    entropy_loss         | -6.95       |
|    explained_variance   | 0.434       |
|    learning_rate        | 0.0003      |
|    loss                 | -0.0444     |
|    n_updates            | 1480        |
|    policy_gradient_loss | -0.0248     |
|    std                  | 0.975       |
|    value_loss           | 0.0664      |
-----------------------------------------
----------------------------------------
| rollout/                |            |
|    ep_len_mean          | 349        |
|    ep_rew_mean          | 107        |
| time/                   |            |
|    fps                  | 483        |
|    iterations           | 150        |
|    time_elapsed         | 635        |
|    total_timesteps      | 307200     |
| train/                  |            |
|    approx_kl            | 0.02209301 |
|    clip_fraction        | 0.22       |
|    clip_range           | 0.2        |
|    entropy_loss         | -6.96      |
|    explained_variance   | 0.465      |
|    learning_rate        | 0.0003     |
|    loss                 | 0.0033     |
|    n_updates            | 1490       |
|    policy_gradient_loss | -0.0259    |
|    std                  | 0.976      |
|    value_loss           | 0.166      |
----------------------------------------
-----------------------------------------
| rollout/                |             |
|    ep_len_mean          | 349         |
|    ep_rew_mean          | 107         |
| time/                   |             |
|    fps                  | 484         |
|    iterations           | 151         |
|    time_elapsed         | 638         |
|    total_timesteps      | 309248      |
| train/                  |             |
|    approx_kl            | 0.021837156 |
|    clip_fraction        | 0.207       |
|    clip_range           | 0.2         |
|    entropy_loss         | -6.96       |
|    explained_variance   | 0.332       |
|    learning_rate        | 0.0003      |
|    loss                 | -0.00872    |
|    n_updates            | 1500        |
|    policy_gradient_loss | -0.0267     |
|    std                  | 0.975       |
|    value_loss           | 0.117       |
-----------------------------------------
-----------------------------------------
| rollout/                |             |
|    ep_len_mean          | 347         |
|    ep_rew_mean          | 105         |
| time/                   |             |
|    fps                  | 485         |
|    iterations           | 152         |
|    time_elapsed         | 641         |
|    total_timesteps      | 311296      |
| train/                  |             |
|    approx_kl            | 0.021839824 |
|    clip_fraction        | 0.207       |
|    clip_range           | 0.2         |
|    entropy_loss         | -6.95       |
|    explained_variance   | 0.67        |
|    learning_rate        | 0.0003      |
|    loss                 | -0.0461     |
|    n_updates            | 1510        |
|    policy_gradient_loss | -0.0254     |
|    std                  | 0.974       |
|    value_loss           | 0.067       |
-----------------------------------------
-----------------------------------------
| rollout/                |             |
|    ep_len_mean          | 347         |
|    ep_rew_mean          | 105         |
| time/                   |             |
|    fps                  | 486         |
|    iterations           | 153         |
|    time_elapsed         | 643         |
|    total_timesteps      | 313344      |
| train/                  |             |
|    approx_kl            | 0.020955175 |
|    clip_fraction        | 0.236       |
|    clip_range           | 0.2         |
|    entropy_loss         | -6.96       |
|    explained_variance   | 0.532       |
|    learning_rate        | 0.0003      |
|    loss                 | -0.0292     |
|    n_updates            | 1520        |
|    policy_gradient_loss | -0.0254     |
|    std                  | 0.975       |
|    value_loss           | 0.121       |
-----------------------------------------
-----------------------------------------
| rollout/                |             |
|    ep_len_mean          | 347         |
|    ep_rew_mean          | 105         |
| time/                   |             |
|    fps                  | 488         |
|    iterations           | 154         |
|    time_elapsed         | 646         |
|    total_timesteps      | 315392      |
| train/                  |             |
|    approx_kl            | 0.019026017 |
|    clip_fraction        | 0.21        |
|    clip_range           | 0.2         |
|    entropy_loss         | -6.96       |
|    explained_variance   | 0.465       |
|    learning_rate        | 0.0003      |
|    loss                 | -0.0362     |
|    n_updates            | 1530        |
|    policy_gradient_loss | -0.0228     |
|    std                  | 0.977       |
|    value_loss           | 0.0915      |
-----------------------------------------
-----------------------------------------
| rollout/                |             |
|    ep_len_mean          | 348         |
|    ep_rew_mean          | 105         |
| time/                   |             |
|    fps                  | 488         |
|    iterations           | 155         |
|    time_elapsed         | 650         |
|    total_timesteps      | 317440      |
| train/                  |             |
|    approx_kl            | 0.023070611 |
|    clip_fraction        | 0.23        |
|    clip_range           | 0.2         |
|    entropy_loss         | -6.96       |
|    explained_variance   | 0.698       |
|    learning_rate        | 0.0003      |
|    loss                 | -0.059      |
|    n_updates            | 1540        |
|    policy_gradient_loss | -0.0252     |
|    std                  | 0.973       |
|    value_loss           | 0.0643      |
-----------------------------------------
-----------------------------------------
| rollout/                |             |
|    ep_len_mean          | 347         |
|    ep_rew_mean          | 105         |
| time/                   |             |
|    fps                  | 487         |
|    iterations           | 156         |
|    time_elapsed         | 655         |
|    total_timesteps      | 319488      |
| train/                  |             |
|    approx_kl            | 0.022011893 |
|    clip_fraction        | 0.221       |
|    clip_range           | 0.2         |
|    entropy_loss         | -6.95       |
|    explained_variance   | 0.378       |
|    learning_rate        | 0.0003      |
|    loss                 | 0.0163      |
|    n_updates            | 1550        |
|    policy_gradient_loss | -0.0267     |
|    std                  | 0.974       |
|    value_loss           | 0.19        |
-----------------------------------------
-----------------------------------------
| rollout/                |             |
|    ep_len_mean          | 349         |
|    ep_rew_mean          | 106         |
| time/                   |             |
|    fps                  | 486         |
|    iterations           | 157         |
|    time_elapsed         | 660         |
|    total_timesteps      | 321536      |
| train/                  |             |
|    approx_kl            | 0.022584558 |
|    clip_fraction        | 0.249       |
|    clip_range           | 0.2         |
|    entropy_loss         | -6.96       |
|    explained_variance   | 0.479       |
|    learning_rate        | 0.0003      |
|    loss                 | -0.00727    |
|    n_updates            | 1560        |
|    policy_gradient_loss | -0.0273     |
|    std                  | 0.978       |
|    value_loss           | 0.129       |
-----------------------------------------
-----------------------------------------
| rollout/                |             |
|    ep_len_mean          | 351         |
|    ep_rew_mean          | 107         |
| time/                   |             |
|    fps                  | 485         |
|    iterations           | 158         |
|    time_elapsed         | 666         |
|    total_timesteps      | 323584      |
| train/                  |             |
|    approx_kl            | 0.017827336 |
|    clip_fraction        | 0.215       |
|    clip_range           | 0.2         |
|    entropy_loss         | -6.97       |
|    explained_variance   | 0.468       |
|    learning_rate        | 0.0003      |
|    loss                 | 0.026       |
|    n_updates            | 1570        |
|    policy_gradient_loss | -0.0184     |
|    std                  | 0.976       |
|    value_loss           | 0.091       |
-----------------------------------------
-----------------------------------------
| rollout/                |             |
|    ep_len_mean          | 354         |
|    ep_rew_mean          | 108         |
| time/                   |             |
|    fps                  | 485         |
|    iterations           | 159         |
|    time_elapsed         | 670         |
|    total_timesteps      | 325632      |
| train/                  |             |
|    approx_kl            | 0.019356001 |
|    clip_fraction        | 0.211       |
|    clip_range           | 0.2         |
|    entropy_loss         | -6.97       |
|    explained_variance   | 0.392       |
|    learning_rate        | 0.0003      |
|    loss                 | -0.0256     |
|    n_updates            | 1580        |
|    policy_gradient_loss | -0.024      |
|    std                  | 0.976       |
|    value_loss           | 0.0836      |
-----------------------------------------
-----------------------------------------
| rollout/                |             |
|    ep_len_mean          | 356         |
|    ep_rew_mean          | 109         |
| time/                   |             |
|    fps                  | 484         |
|    iterations           | 160         |
|    time_elapsed         | 676         |
|    total_timesteps      | 327680      |
| train/                  |             |
|    approx_kl            | 0.019319266 |
|    clip_fraction        | 0.203       |
|    clip_range           | 0.2         |
|    entropy_loss         | -6.95       |
|    explained_variance   | 0.467       |
|    learning_rate        | 0.0003      |
|    loss                 | -0.0508     |
|    n_updates            | 1590        |
|    policy_gradient_loss | -0.0236     |
|    std                  | 0.972       |
|    value_loss           | 0.0549      |
-----------------------------------------
-----------------------------------------
| rollout/                |             |
|    ep_len_mean          | 360         |
|    ep_rew_mean          | 110         |
| time/                   |             |
|    fps                  | 483         |
|    iterations           | 161         |
|    time_elapsed         | 681         |
|    total_timesteps      | 329728      |
| train/                  |             |
|    approx_kl            | 0.019095441 |
|    clip_fraction        | 0.224       |
|    clip_range           | 0.2         |
|    entropy_loss         | -6.95       |
|    explained_variance   | 0.535       |
|    learning_rate        | 0.0003      |
|    loss                 | -0.034      |
|    n_updates            | 1600        |
|    policy_gradient_loss | -0.0274     |
|    std                  | 0.974       |
|    value_loss           | 0.0532      |
-----------------------------------------
-----------------------------------------
| rollout/                |             |
|    ep_len_mean          | 362         |
|    ep_rew_mean          | 111         |
| time/                   |             |
|    fps                  | 482         |
|    iterations           | 162         |
|    time_elapsed         | 687         |
|    total_timesteps      | 331776      |
| train/                  |             |
|    approx_kl            | 0.016639566 |
|    clip_fraction        | 0.196       |
|    clip_range           | 0.2         |
|    entropy_loss         | -6.96       |
|    explained_variance   | 0.125       |
|    learning_rate        | 0.0003      |
|    loss                 | 0.00696     |
|    n_updates            | 1610        |
|    policy_gradient_loss | -0.0224     |
|    std                  | 0.978       |
|    value_loss           | 0.209       |
-----------------------------------------
-----------------------------------------
| rollout/                |             |
|    ep_len_mean          | 363         |
|    ep_rew_mean          | 114         |
| time/                   |             |
|    fps                  | 482         |
|    iterations           | 163         |
|    time_elapsed         | 692         |
|    total_timesteps      | 333824      |
| train/                  |             |
|    approx_kl            | 0.018788073 |
|    clip_fraction        | 0.205       |
|    clip_range           | 0.2         |
|    entropy_loss         | -6.98       |
|    explained_variance   | 0.218       |
|    learning_rate        | 0.0003      |
|    loss                 | -0.0158     |
|    n_updates            | 1620        |
|    policy_gradient_loss | -0.0286     |
|    std                  | 0.979       |
|    value_loss           | 0.126       |
-----------------------------------------
-----------------------------------------
| rollout/                |             |
|    ep_len_mean          | 363         |
|    ep_rew_mean          | 113         |
| time/                   |             |
|    fps                  | 481         |
|    iterations           | 164         |
|    time_elapsed         | 697         |
|    total_timesteps      | 335872      |
| train/                  |             |
|    approx_kl            | 0.018309841 |
|    clip_fraction        | 0.2         |
|    clip_range           | 0.2         |
|    entropy_loss         | -6.98       |
|    explained_variance   | 0.413       |
|    learning_rate        | 0.0003      |
|    loss                 | -0.0238     |
|    n_updates            | 1630        |
|    policy_gradient_loss | -0.0223     |
|    std                  | 0.98        |
|    value_loss           | 0.12        |
-----------------------------------------
-----------------------------------------
| rollout/                |             |
|    ep_len_mean          | 362         |
|    ep_rew_mean          | 112         |
| time/                   |             |
|    fps                  | 480         |
|    iterations           | 165         |
|    time_elapsed         | 703         |
|    total_timesteps      | 337920      |
| train/                  |             |
|    approx_kl            | 0.019501783 |
|    clip_fraction        | 0.198       |
|    clip_range           | 0.2         |
|    entropy_loss         | -6.97       |
|    explained_variance   | 0.625       |
|    learning_rate        | 0.0003      |
|    loss                 | -0.0584     |
|    n_updates            | 1640        |
|    policy_gradient_loss | -0.0266     |
|    std                  | 0.972       |
|    value_loss           | 0.0477      |
-----------------------------------------
-----------------------------------------
| rollout/                |             |
|    ep_len_mean          | 359         |
|    ep_rew_mean          | 112         |
| time/                   |             |
|    fps                  | 480         |
|    iterations           | 166         |
|    time_elapsed         | 708         |
|    total_timesteps      | 339968      |
| train/                  |             |
|    approx_kl            | 0.020971531 |
|    clip_fraction        | 0.228       |
|    clip_range           | 0.2         |
|    entropy_loss         | -6.94       |
|    explained_variance   | 0.676       |
|    learning_rate        | 0.0003      |
|    loss                 | 0.00293     |
|    n_updates            | 1650        |
|    policy_gradient_loss | -0.0277     |
|    std                  | 0.971       |
|    value_loss           | 0.121       |
-----------------------------------------
-----------------------------------------
| rollout/                |             |
|    ep_len_mean          | 359         |
|    ep_rew_mean          | 113         |
| time/                   |             |
|    fps                  | 479         |
|    iterations           | 167         |
|    time_elapsed         | 713         |
|    total_timesteps      | 342016      |
| train/                  |             |
|    approx_kl            | 0.019951586 |
|    clip_fraction        | 0.215       |
|    clip_range           | 0.2         |
|    entropy_loss         | -6.94       |
|    explained_variance   | 0.739       |
|    learning_rate        | 0.0003      |
|    loss                 | -0.0256     |
|    n_updates            | 1660        |
|    policy_gradient_loss | -0.0255     |
|    std                  | 0.972       |
|    value_loss           | 0.0986      |
-----------------------------------------
-----------------------------------------
| rollout/                |             |
|    ep_len_mean          | 358         |
|    ep_rew_mean          | 112         |
| time/                   |             |
|    fps                  | 478         |
|    iterations           | 168         |
|    time_elapsed         | 718         |
|    total_timesteps      | 344064      |
| train/                  |             |
|    approx_kl            | 0.021674085 |
|    clip_fraction        | 0.233       |
|    clip_range           | 0.2         |
|    entropy_loss         | -6.94       |
|    explained_variance   | 0.669       |
|    learning_rate        | 0.0003      |
|    loss                 | -0.0227     |
|    n_updates            | 1670        |
|    policy_gradient_loss | -0.0265     |
|    std                  | 0.974       |
|    value_loss           | 0.0976      |
-----------------------------------------
-----------------------------------------
| rollout/                |             |
|    ep_len_mean          | 358         |
|    ep_rew_mean          | 112         |
| time/                   |             |
|    fps                  | 478         |
|    iterations           | 169         |
|    time_elapsed         | 723         |
|    total_timesteps      | 346112      |
| train/                  |             |
|    approx_kl            | 0.022408988 |
|    clip_fraction        | 0.228       |
|    clip_range           | 0.2         |
|    entropy_loss         | -6.95       |
|    explained_variance   | 0.532       |
|    learning_rate        | 0.0003      |
|    loss                 | -0.0244     |
|    n_updates            | 1680        |
|    policy_gradient_loss | -0.0249     |
|    std                  | 0.973       |
|    value_loss           | 0.118       |
-----------------------------------------
-----------------------------------------
| rollout/                |             |
|    ep_len_mean          | 358         |
|    ep_rew_mean          | 112         |
| time/                   |             |
|    fps                  | 477         |
|    iterations           | 170         |
|    time_elapsed         | 729         |
|    total_timesteps      | 348160      |
| train/                  |             |
|    approx_kl            | 0.021779668 |
|    clip_fraction        | 0.227       |
|    clip_range           | 0.2         |
|    entropy_loss         | -6.94       |
|    explained_variance   | 0.808       |
|    learning_rate        | 0.0003      |
|    loss                 | -0.0489     |
|    n_updates            | 1690        |
|    policy_gradient_loss | -0.0253     |
|    std                  | 0.972       |
|    value_loss           | 0.0742      |
-----------------------------------------
----------------------------------------
| rollout/                |            |
|    ep_len_mean          | 355        |
|    ep_rew_mean          | 111        |
| time/                   |            |
|    fps                  | 476        |
|    iterations           | 171        |
|    time_elapsed         | 734        |
|    total_timesteps      | 350208     |
| train/                  |            |
|    approx_kl            | 0.02218217 |
|    clip_fraction        | 0.251      |
|    clip_range           | 0.2        |
|    entropy_loss         | -6.95      |
|    explained_variance   | 0.697      |
|    learning_rate        | 0.0003     |
|    loss                 | -0.041     |
|    n_updates            | 1700       |
|    policy_gradient_loss | -0.0295    |
|    std                  | 0.974      |
|    value_loss           | 0.0716     |
----------------------------------------
-----------------------------------------
| rollout/                |             |
|    ep_len_mean          | 355         |
|    ep_rew_mean          | 111         |
| time/                   |             |
|    fps                  | 476         |
|    iterations           | 172         |
|    time_elapsed         | 739         |
|    total_timesteps      | 352256      |
| train/                  |             |
|    approx_kl            | 0.021994187 |
|    clip_fraction        | 0.213       |
|    clip_range           | 0.2         |
|    entropy_loss         | -6.95       |
|    explained_variance   | 0.562       |
|    learning_rate        | 0.0003      |
|    loss                 | -0.0189     |
|    n_updates            | 1710        |
|    policy_gradient_loss | -0.0283     |
|    std                  | 0.973       |
|    value_loss           | 0.122       |
-----------------------------------------
-----------------------------------------
| rollout/                |             |
|    ep_len_mean          | 352         |
|    ep_rew_mean          | 110         |
| time/                   |             |
|    fps                  | 475         |
|    iterations           | 173         |
|    time_elapsed         | 745         |
|    total_timesteps      | 354304      |
| train/                  |             |
|    approx_kl            | 0.018365992 |
|    clip_fraction        | 0.212       |
|    clip_range           | 0.2         |
|    entropy_loss         | -6.93       |
|    explained_variance   | 0.66        |
|    learning_rate        | 0.0003      |
|    loss                 | -0.04       |
|    n_updates            | 1720        |
|    policy_gradient_loss | -0.0278     |
|    std                  | 0.968       |
|    value_loss           | 0.0549      |
-----------------------------------------
-----------------------------------------
| rollout/                |             |
|    ep_len_mean          | 354         |
|    ep_rew_mean          | 108         |
| time/                   |             |
|    fps                  | 474         |
|    iterations           | 174         |
|    time_elapsed         | 750         |
|    total_timesteps      | 356352      |
| train/                  |             |
|    approx_kl            | 0.019691117 |
|    clip_fraction        | 0.228       |
|    clip_range           | 0.2         |
|    entropy_loss         | -6.92       |
|    explained_variance   | 0.583       |
|    learning_rate        | 0.0003      |
|    loss                 | -0.0358     |
|    n_updates            | 1730        |
|    policy_gradient_loss | -0.029      |
|    std                  | 0.969       |
|    value_loss           | 0.115       |
-----------------------------------------
-----------------------------------------
| rollout/                |             |
|    ep_len_mean          | 352         |
|    ep_rew_mean          | 108         |
| time/                   |             |
|    fps                  | 474         |
|    iterations           | 175         |
|    time_elapsed         | 755         |
|    total_timesteps      | 358400      |
| train/                  |             |
|    approx_kl            | 0.018859409 |
|    clip_fraction        | 0.231       |
|    clip_range           | 0.2         |
|    entropy_loss         | -6.93       |
|    explained_variance   | 0.399       |
|    learning_rate        | 0.0003      |
|    loss                 | -0.00289    |
|    n_updates            | 1740        |
|    policy_gradient_loss | -0.0229     |
|    std                  | 0.968       |
|    value_loss           | 0.0985      |
-----------------------------------------
-----------------------------------------
| rollout/                |             |
|    ep_len_mean          | 352         |
|    ep_rew_mean          | 108         |
| time/                   |             |
|    fps                  | 473         |
|    iterations           | 176         |
|    time_elapsed         | 761         |
|    total_timesteps      | 360448      |
| train/                  |             |
|    approx_kl            | 0.018407013 |
|    clip_fraction        | 0.214       |
|    clip_range           | 0.2         |
|    entropy_loss         | -6.91       |
|    explained_variance   | 0.527       |
|    learning_rate        | 0.0003      |
|    loss                 | -0.00921    |
|    n_updates            | 1750        |
|    policy_gradient_loss | -0.0247     |
|    std                  | 0.964       |
|    value_loss           | 0.104       |
-----------------------------------------
-----------------------------------------
| rollout/                |             |
|    ep_len_mean          | 352         |
|    ep_rew_mean          | 108         |
| time/                   |             |
|    fps                  | 472         |
|    iterations           | 177         |
|    time_elapsed         | 767         |
|    total_timesteps      | 362496      |
| train/                  |             |
|    approx_kl            | 0.020417841 |
|    clip_fraction        | 0.206       |
|    clip_range           | 0.2         |
|    entropy_loss         | -6.9        |
|    explained_variance   | 0.51        |
|    learning_rate        | 0.0003      |
|    loss                 | -0.0494     |
|    n_updates            | 1760        |
|    policy_gradient_loss | -0.0262     |
|    std                  | 0.964       |
|    value_loss           | 0.0584      |
-----------------------------------------
-----------------------------------------
| rollout/                |             |
|    ep_len_mean          | 349         |
|    ep_rew_mean          | 107         |
| time/                   |             |
|    fps                  | 471         |
|    iterations           | 178         |
|    time_elapsed         | 772         |
|    total_timesteps      | 364544      |
| train/                  |             |
|    approx_kl            | 0.021146495 |
|    clip_fraction        | 0.225       |
|    clip_range           | 0.2         |
|    entropy_loss         | -6.9        |
|    explained_variance   | 0.298       |
|    learning_rate        | 0.0003      |
|    loss                 | -0.0123     |
|    n_updates            | 1770        |
|    policy_gradient_loss | -0.026      |
|    std                  | 0.964       |
|    value_loss           | 0.146       |
-----------------------------------------
----------------------------------------
| rollout/                |            |
|    ep_len_mean          | 349        |
|    ep_rew_mean          | 107        |
| time/                   |            |
|    fps                  | 471        |
|    iterations           | 179        |
|    time_elapsed         | 777        |
|    total_timesteps      | 366592     |
| train/                  |            |
|    approx_kl            | 0.02001394 |
|    clip_fraction        | 0.221      |
|    clip_range           | 0.2        |
|    entropy_loss         | -6.91      |
|    explained_variance   | 0.524      |
|    learning_rate        | 0.0003     |
|    loss                 | -0.0373    |
|    n_updates            | 1780       |
|    policy_gradient_loss | -0.0276    |
|    std                  | 0.968      |
|    value_loss           | 0.107      |
----------------------------------------
----------------------------------------
| rollout/                |            |
|    ep_len_mean          | 348        |
|    ep_rew_mean          | 107        |
| time/                   |            |
|    fps                  | 470        |
|    iterations           | 180        |
|    time_elapsed         | 782        |
|    total_timesteps      | 368640     |
| train/                  |            |
|    approx_kl            | 0.02227788 |
|    clip_fraction        | 0.221      |
|    clip_range           | 0.2        |
|    entropy_loss         | -6.92      |
|    explained_variance   | 0.446      |
|    learning_rate        | 0.0003     |
|    loss                 | -0.0364    |
|    n_updates            | 1790       |
|    policy_gradient_loss | -0.0229    |
|    std                  | 0.966      |
|    value_loss           | 0.0733     |
----------------------------------------
----------------------------------------
| rollout/                |            |
|    ep_len_mean          | 347        |
|    ep_rew_mean          | 107        |
| time/                   |            |
|    fps                  | 470        |
|    iterations           | 181        |
|    time_elapsed         | 787        |
|    total_timesteps      | 370688     |
| train/                  |            |
|    approx_kl            | 0.02034344 |
|    clip_fraction        | 0.227      |
|    clip_range           | 0.2        |
|    entropy_loss         | -6.91      |
|    explained_variance   | 0.586      |
|    learning_rate        | 0.0003     |
|    loss                 | -0.0339    |
|    n_updates            | 1800       |
|    policy_gradient_loss | -0.0228    |
|    std                  | 0.964      |
|    value_loss           | 0.104      |
----------------------------------------
----------------------------------------
| rollout/                |            |
|    ep_len_mean          | 349        |
|    ep_rew_mean          | 108        |
| time/                   |            |
|    fps                  | 469        |
|    iterations           | 182        |
|    time_elapsed         | 793        |
|    total_timesteps      | 372736     |
| train/                  |            |
|    approx_kl            | 0.02172063 |
|    clip_fraction        | 0.223      |
|    clip_range           | 0.2        |
|    entropy_loss         | -6.91      |
|    explained_variance   | 0.583      |
|    learning_rate        | 0.0003     |
|    loss                 | -0.0269    |
|    n_updates            | 1810       |
|    policy_gradient_loss | -0.025     |
|    std                  | 0.968      |
|    value_loss           | 0.0913     |
----------------------------------------
-----------------------------------------
| rollout/                |             |
|    ep_len_mean          | 351         |
|    ep_rew_mean          | 108         |
| time/                   |             |
|    fps                  | 469         |
|    iterations           | 183         |
|    time_elapsed         | 798         |
|    total_timesteps      | 374784      |
| train/                  |             |
|    approx_kl            | 0.024502747 |
|    clip_fraction        | 0.243       |
|    clip_range           | 0.2         |
|    entropy_loss         | -6.93       |
|    explained_variance   | 0.452       |
|    learning_rate        | 0.0003      |
|    loss                 | -0.011      |
|    n_updates            | 1820        |
|    policy_gradient_loss | -0.0266     |
|    std                  | 0.969       |
|    value_loss           | 0.105       |
-----------------------------------------
-----------------------------------------
| rollout/                |             |
|    ep_len_mean          | 350         |
|    ep_rew_mean          | 108         |
| time/                   |             |
|    fps                  | 468         |
|    iterations           | 184         |
|    time_elapsed         | 804         |
|    total_timesteps      | 376832      |
| train/                  |             |
|    approx_kl            | 0.021994071 |
|    clip_fraction        | 0.24        |
|    clip_range           | 0.2         |
|    entropy_loss         | -6.92       |
|    explained_variance   | 0.576       |
|    learning_rate        | 0.0003      |
|    loss                 | -0.0417     |
|    n_updates            | 1830        |
|    policy_gradient_loss | -0.031      |
|    std                  | 0.967       |
|    value_loss           | 0.0619      |
-----------------------------------------
-----------------------------------------
| rollout/                |             |
|    ep_len_mean          | 353         |
|    ep_rew_mean          | 109         |
| time/                   |             |
|    fps                  | 468         |
|    iterations           | 185         |
|    time_elapsed         | 809         |
|    total_timesteps      | 378880      |
| train/                  |             |
|    approx_kl            | 0.023125503 |
|    clip_fraction        | 0.253       |
|    clip_range           | 0.2         |
|    entropy_loss         | -6.92       |
|    explained_variance   | 0.472       |
|    learning_rate        | 0.0003      |
|    loss                 | -0.000715   |
|    n_updates            | 1840        |
|    policy_gradient_loss | -0.027      |
|    std                  | 0.97        |
|    value_loss           | 0.125       |
-----------------------------------------
-----------------------------------------
| rollout/                |             |
|    ep_len_mean          | 353         |
|    ep_rew_mean          | 109         |
| time/                   |             |
|    fps                  | 467         |
|    iterations           | 186         |
|    time_elapsed         | 814         |
|    total_timesteps      | 380928      |
| train/                  |             |
|    approx_kl            | 0.021869626 |
|    clip_fraction        | 0.228       |
|    clip_range           | 0.2         |
|    entropy_loss         | -6.94       |
|    explained_variance   | 0.437       |
|    learning_rate        | 0.0003      |
|    loss                 | -0.0162     |
|    n_updates            | 1850        |
|    policy_gradient_loss | -0.0238     |
|    std                  | 0.971       |
|    value_loss           | 0.0761      |
-----------------------------------------
-----------------------------------------
| rollout/                |             |
|    ep_len_mean          | 355         |
|    ep_rew_mean          | 111         |
| time/                   |             |
|    fps                  | 466         |
|    iterations           | 187         |
|    time_elapsed         | 820         |
|    total_timesteps      | 382976      |
| train/                  |             |
|    approx_kl            | 0.020296935 |
|    clip_fraction        | 0.213       |
|    clip_range           | 0.2         |
|    entropy_loss         | -6.93       |
|    explained_variance   | 0.597       |
|    learning_rate        | 0.0003      |
|    loss                 | -0.0394     |
|    n_updates            | 1860        |
|    policy_gradient_loss | -0.026      |
|    std                  | 0.969       |
|    value_loss           | 0.0723      |
-----------------------------------------
-----------------------------------------
| rollout/                |             |
|    ep_len_mean          | 353         |
|    ep_rew_mean          | 109         |
| time/                   |             |
|    fps                  | 466         |
|    iterations           | 188         |
|    time_elapsed         | 825         |
|    total_timesteps      | 385024      |
| train/                  |             |
|    approx_kl            | 0.023008604 |
|    clip_fraction        | 0.239       |
|    clip_range           | 0.2         |
|    entropy_loss         | -6.93       |
|    explained_variance   | 0.437       |
|    learning_rate        | 0.0003      |
|    loss                 | -0.0118     |
|    n_updates            | 1870        |
|    policy_gradient_loss | -0.0254     |
|    std                  | 0.969       |
|    value_loss           | 0.112       |
-----------------------------------------
-----------------------------------------
| rollout/                |             |
|    ep_len_mean          | 353         |
|    ep_rew_mean          | 109         |
| time/                   |             |
|    fps                  | 465         |
|    iterations           | 189         |
|    time_elapsed         | 830         |
|    total_timesteps      | 387072      |
| train/                  |             |
|    approx_kl            | 0.023491941 |
|    clip_fraction        | 0.238       |
|    clip_range           | 0.2         |
|    entropy_loss         | -6.94       |
|    explained_variance   | 0.434       |
|    learning_rate        | 0.0003      |
|    loss                 | -0.0283     |
|    n_updates            | 1880        |
|    policy_gradient_loss | -0.0253     |
|    std                  | 0.974       |
|    value_loss           | 0.113       |
-----------------------------------------
----------------------------------------
| rollout/                |            |
|    ep_len_mean          | 353        |
|    ep_rew_mean          | 109        |
| time/                   |            |
|    fps                  | 465        |
|    iterations           | 190        |
|    time_elapsed         | 836        |
|    total_timesteps      | 389120     |
| train/                  |            |
|    approx_kl            | 0.02309025 |
|    clip_fraction        | 0.246      |
|    clip_range           | 0.2        |
|    entropy_loss         | -6.97      |
|    explained_variance   | 0.37       |
|    learning_rate        | 0.0003     |
|    loss                 | -0.0195    |
|    n_updates            | 1890       |
|    policy_gradient_loss | -0.0268    |
|    std                  | 0.981      |
|    value_loss           | 0.141      |
----------------------------------------
-----------------------------------------
| rollout/                |             |
|    ep_len_mean          | 353         |
|    ep_rew_mean          | 109         |
| time/                   |             |
|    fps                  | 464         |
|    iterations           | 191         |
|    time_elapsed         | 841         |
|    total_timesteps      | 391168      |
| train/                  |             |
|    approx_kl            | 0.025706094 |
|    clip_fraction        | 0.262       |
|    clip_range           | 0.2         |
|    entropy_loss         | -6.99       |
|    explained_variance   | 0.492       |
|    learning_rate        | 0.0003      |
|    loss                 | -0.0284     |
|    n_updates            | 1900        |
|    policy_gradient_loss | -0.0325     |
|    std                  | 0.981       |
|    value_loss           | 0.0822      |
-----------------------------------------
-----------------------------------------
| rollout/                |             |
|    ep_len_mean          | 350         |
|    ep_rew_mean          | 111         |
| time/                   |             |
|    fps                  | 464         |
|    iterations           | 192         |
|    time_elapsed         | 847         |
|    total_timesteps      | 393216      |
| train/                  |             |
|    approx_kl            | 0.022209961 |
|    clip_fraction        | 0.263       |
|    clip_range           | 0.2         |
|    entropy_loss         | -6.99       |
|    explained_variance   | 0.417       |
|    learning_rate        | 0.0003      |
|    loss                 | -0.0594     |
|    n_updates            | 1910        |
|    policy_gradient_loss | -0.0319     |
|    std                  | 0.983       |
|    value_loss           | 0.0729      |
-----------------------------------------
-----------------------------------------
| rollout/                |             |
|    ep_len_mean          | 351         |
|    ep_rew_mean          | 111         |
| time/                   |             |
|    fps                  | 463         |
|    iterations           | 193         |
|    time_elapsed         | 852         |
|    total_timesteps      | 395264      |
| train/                  |             |
|    approx_kl            | 0.021583263 |
|    clip_fraction        | 0.222       |
|    clip_range           | 0.2         |
|    entropy_loss         | -7          |
|    explained_variance   | 0.501       |
|    learning_rate        | 0.0003      |
|    loss                 | -0.0397     |
|    n_updates            | 1920        |
|    policy_gradient_loss | -0.0259     |
|    std                  | 0.985       |
|    value_loss           | 0.116       |
-----------------------------------------
-----------------------------------------
| rollout/                |             |
|    ep_len_mean          | 350         |
|    ep_rew_mean          | 111         |
| time/                   |             |
|    fps                  | 462         |
|    iterations           | 194         |
|    time_elapsed         | 858         |
|    total_timesteps      | 397312      |
| train/                  |             |
|    approx_kl            | 0.023862919 |
|    clip_fraction        | 0.272       |
|    clip_range           | 0.2         |
|    entropy_loss         | -7.02       |
|    explained_variance   | 0.364       |
|    learning_rate        | 0.0003      |
|    loss                 | -0.0179     |
|    n_updates            | 1930        |
|    policy_gradient_loss | -0.0307     |
|    std                  | 0.987       |
|    value_loss           | 0.135       |
-----------------------------------------
-----------------------------------------
| rollout/                |             |
|    ep_len_mean          | 351         |
|    ep_rew_mean          | 112         |
| time/                   |             |
|    fps                  | 462         |
|    iterations           | 195         |
|    time_elapsed         | 863         |
|    total_timesteps      | 399360      |
| train/                  |             |
|    approx_kl            | 0.020040387 |
|    clip_fraction        | 0.202       |
|    clip_range           | 0.2         |
|    entropy_loss         | -7.03       |
|    explained_variance   | 0.359       |
|    learning_rate        | 0.0003      |
|    loss                 | -0.0291     |
|    n_updates            | 1940        |
|    policy_gradient_loss | -0.027      |
|    std                  | 0.991       |
|    value_loss           | 0.115       |
-----------------------------------------
-----------------------------------------
| rollout/                |             |
|    ep_len_mean          | 353         |
|    ep_rew_mean          | 113         |
| time/                   |             |
|    fps                  | 461         |
|    iterations           | 196         |
|    time_elapsed         | 869         |
|    total_timesteps      | 401408      |
| train/                  |             |
|    approx_kl            | 0.021730522 |
|    clip_fraction        | 0.228       |
|    clip_range           | 0.2         |
|    entropy_loss         | -7.04       |
|    explained_variance   | 0.515       |
|    learning_rate        | 0.0003      |
|    loss                 | -0.0384     |
|    n_updates            | 1950        |
|    policy_gradient_loss | -0.0228     |
|    std                  | 0.993       |
|    value_loss           | 0.0708      |
-----------------------------------------
----------------------------------------
| rollout/                |            |
|    ep_len_mean          | 348        |
|    ep_rew_mean          | 111        |
| time/                   |            |
|    fps                  | 461        |
|    iterations           | 197        |
|    time_elapsed         | 874        |
|    total_timesteps      | 403456     |
| train/                  |            |
|    approx_kl            | 0.02216088 |
|    clip_fraction        | 0.233      |
|    clip_range           | 0.2        |
|    entropy_loss         | -7.05      |
|    explained_variance   | 0.672      |
|    learning_rate        | 0.0003     |
|    loss                 | -0.0363    |
|    n_updates            | 1960       |
|    policy_gradient_loss | -0.0245    |
|    std                  | 0.995      |
|    value_loss           | 0.0608     |
----------------------------------------
-----------------------------------------
| rollout/                |             |
|    ep_len_mean          | 352         |
|    ep_rew_mean          | 112         |
| time/                   |             |
|    fps                  | 460         |
|    iterations           | 198         |
|    time_elapsed         | 880         |
|    total_timesteps      | 405504      |
| train/                  |             |
|    approx_kl            | 0.022500694 |
|    clip_fraction        | 0.246       |
|    clip_range           | 0.2         |
|    entropy_loss         | -7.06       |
|    explained_variance   | 0.378       |
|    learning_rate        | 0.0003      |
|    loss                 | -0.0287     |
|    n_updates            | 1970        |
|    policy_gradient_loss | -0.0295     |
|    std                  | 0.996       |
|    value_loss           | 0.113       |
-----------------------------------------
-----------------------------------------
| rollout/                |             |
|    ep_len_mean          | 353         |
|    ep_rew_mean          | 112         |
| time/                   |             |
|    fps                  | 460         |
|    iterations           | 199         |
|    time_elapsed         | 885         |
|    total_timesteps      | 407552      |
| train/                  |             |
|    approx_kl            | 0.016917346 |
|    clip_fraction        | 0.197       |
|    clip_range           | 0.2         |
|    entropy_loss         | -7.07       |
|    explained_variance   | 0.458       |
|    learning_rate        | 0.0003      |
|    loss                 | -0.0288     |
|    n_updates            | 1980        |
|    policy_gradient_loss | -0.0228     |
|    std                  | 0.996       |
|    value_loss           | 0.0735      |
-----------------------------------------
-----------------------------------------
| rollout/                |             |
|    ep_len_mean          | 352         |
|    ep_rew_mean          | 112         |
| time/                   |             |
|    fps                  | 459         |
|    iterations           | 200         |
|    time_elapsed         | 890         |
|    total_timesteps      | 409600      |
| train/                  |             |
|    approx_kl            | 0.024135241 |
|    clip_fraction        | 0.233       |
|    clip_range           | 0.2         |
|    entropy_loss         | -7.06       |
|    explained_variance   | 0.498       |
|    learning_rate        | 0.0003      |
|    loss                 | -0.0282     |
|    n_updates            | 1990        |
|    policy_gradient_loss | -0.0276     |
|    std                  | 0.996       |
|    value_loss           | 0.131       |
-----------------------------------------
-----------------------------------------
| rollout/                |             |
|    ep_len_mean          | 352         |
|    ep_rew_mean          | 112         |
| time/                   |             |
|    fps                  | 459         |
|    iterations           | 201         |
|    time_elapsed         | 895         |
|    total_timesteps      | 411648      |
| train/                  |             |
|    approx_kl            | 0.022160292 |
|    clip_fraction        | 0.242       |
|    clip_range           | 0.2         |
|    entropy_loss         | -7.07       |
|    explained_variance   | 0.64        |
|    learning_rate        | 0.0003      |
|    loss                 | 0.00326     |
|    n_updates            | 2000        |
|    policy_gradient_loss | -0.0239     |
|    std                  | 0.999       |
|    value_loss           | 0.117       |
-----------------------------------------
----------------------------------------
| rollout/                |            |
|    ep_len_mean          | 355        |
|    ep_rew_mean          | 113        |
| time/                   |            |
|    fps                  | 459        |
|    iterations           | 202        |
|    time_elapsed         | 900        |
|    total_timesteps      | 413696     |
| train/                  |            |
|    approx_kl            | 0.02099933 |
|    clip_fraction        | 0.213      |
|    clip_range           | 0.2        |
|    entropy_loss         | -7.08      |
|    explained_variance   | 0.612      |
|    learning_rate        | 0.0003     |
|    loss                 | -0.038     |
|    n_updates            | 2010       |
|    policy_gradient_loss | -0.0281    |
|    std                  | 0.999      |
|    value_loss           | 0.0745     |
----------------------------------------
-----------------------------------------
| rollout/                |             |
|    ep_len_mean          | 355         |
|    ep_rew_mean          | 111         |
| time/                   |             |
|    fps                  | 458         |
|    iterations           | 203         |
|    time_elapsed         | 906         |
|    total_timesteps      | 415744      |
| train/                  |             |
|    approx_kl            | 0.017624084 |
|    clip_fraction        | 0.21        |
|    clip_range           | 0.2         |
|    entropy_loss         | -7.08       |
|    explained_variance   | 0.59        |
|    learning_rate        | 0.0003      |
|    loss                 | -0.0507     |
|    n_updates            | 2020        |
|    policy_gradient_loss | -0.0258     |
|    std                  | 1           |
|    value_loss           | 0.0656      |
-----------------------------------------
-----------------------------------------
| rollout/                |             |
|    ep_len_mean          | 355         |
|    ep_rew_mean          | 111         |
| time/                   |             |
|    fps                  | 458         |
|    iterations           | 204         |
|    time_elapsed         | 911         |
|    total_timesteps      | 417792      |
| train/                  |             |
|    approx_kl            | 0.019612376 |
|    clip_fraction        | 0.219       |
|    clip_range           | 0.2         |
|    entropy_loss         | -7.1        |
|    explained_variance   | 0.521       |
|    learning_rate        | 0.0003      |
|    loss                 | -0.00962    |
|    n_updates            | 2030        |
|    policy_gradient_loss | -0.0216     |
|    std                  | 1           |
|    value_loss           | 0.0949      |
-----------------------------------------
-----------------------------------------
| rollout/                |             |
|    ep_len_mean          | 360         |
|    ep_rew_mean          | 113         |
| time/                   |             |
|    fps                  | 457         |
|    iterations           | 205         |
|    time_elapsed         | 917         |
|    total_timesteps      | 419840      |
| train/                  |             |
|    approx_kl            | 0.020475578 |
|    clip_fraction        | 0.262       |
|    clip_range           | 0.2         |
|    entropy_loss         | -7.1        |
|    explained_variance   | 0.471       |
|    learning_rate        | 0.0003      |
|    loss                 | -0.0569     |
|    n_updates            | 2040        |
|    policy_gradient_loss | -0.0286     |
|    std                  | 1           |
|    value_loss           | 0.0735      |
-----------------------------------------
-----------------------------------------
| rollout/                |             |
|    ep_len_mean          | 360         |
|    ep_rew_mean          | 112         |
| time/                   |             |
|    fps                  | 457         |
|    iterations           | 206         |
|    time_elapsed         | 922         |
|    total_timesteps      | 421888      |
| train/                  |             |
|    approx_kl            | 0.015516444 |
|    clip_fraction        | 0.191       |
|    clip_range           | 0.2         |
|    entropy_loss         | -7.1        |
|    explained_variance   | 0.361       |
|    learning_rate        | 0.0003      |
|    loss                 | 0.017       |
|    n_updates            | 2050        |
|    policy_gradient_loss | -0.0217     |
|    std                  | 1           |
|    value_loss           | 0.169       |
-----------------------------------------
-----------------------------------------
| rollout/                |             |
|    ep_len_mean          | 362         |
|    ep_rew_mean          | 113         |
| time/                   |             |
|    fps                  | 456         |
|    iterations           | 207         |
|    time_elapsed         | 928         |
|    total_timesteps      | 423936      |
| train/                  |             |
|    approx_kl            | 0.018412765 |
|    clip_fraction        | 0.214       |
|    clip_range           | 0.2         |
|    entropy_loss         | -7.1        |
|    explained_variance   | 0.295       |
|    learning_rate        | 0.0003      |
|    loss                 | -0.033      |
|    n_updates            | 2060        |
|    policy_gradient_loss | -0.0277     |
|    std                  | 1           |
|    value_loss           | 0.0909      |
-----------------------------------------
----------------------------------------
| rollout/                |            |
|    ep_len_mean          | 360        |
|    ep_rew_mean          | 113        |
| time/                   |            |
|    fps                  | 456        |
|    iterations           | 208        |
|    time_elapsed         | 933        |
|    total_timesteps      | 425984     |
| train/                  |            |
|    approx_kl            | 0.02237225 |
|    clip_fraction        | 0.236      |
|    clip_range           | 0.2        |
|    entropy_loss         | -7.1       |
|    explained_variance   | 0.613      |
|    learning_rate        | 0.0003     |
|    loss                 | -0.0389    |
|    n_updates            | 2070       |
|    policy_gradient_loss | -0.0278    |
|    std                  | 1          |
|    value_loss           | 0.093      |
----------------------------------------
----------------------------------------
| rollout/                |            |
|    ep_len_mean          | 361        |
|    ep_rew_mean          | 113        |
| time/                   |            |
|    fps                  | 455        |
|    iterations           | 209        |
|    time_elapsed         | 938        |
|    total_timesteps      | 428032     |
| train/                  |            |
|    approx_kl            | 0.02293852 |
|    clip_fraction        | 0.258      |
|    clip_range           | 0.2        |
|    entropy_loss         | -7.1       |
|    explained_variance   | 0.433      |
|    learning_rate        | 0.0003     |
|    loss                 | -0.0187    |
|    n_updates            | 2080       |
|    policy_gradient_loss | -0.03      |
|    std                  | 1          |
|    value_loss           | 0.106      |
----------------------------------------
-----------------------------------------
| rollout/                |             |
|    ep_len_mean          | 361         |
|    ep_rew_mean          | 113         |
| time/                   |             |
|    fps                  | 455         |
|    iterations           | 210         |
|    time_elapsed         | 943         |
|    total_timesteps      | 430080      |
| train/                  |             |
|    approx_kl            | 0.022072285 |
|    clip_fraction        | 0.212       |
|    clip_range           | 0.2         |
|    entropy_loss         | -7.09       |
|    explained_variance   | 0.39        |
|    learning_rate        | 0.0003      |
|    loss                 | -0.0424     |
|    n_updates            | 2090        |
|    policy_gradient_loss | -0.0273     |
|    std                  | 0.998       |
|    value_loss           | 0.087       |
-----------------------------------------
-----------------------------------------
| rollout/                |             |
|    ep_len_mean          | 364         |
|    ep_rew_mean          | 114         |
| time/                   |             |
|    fps                  | 455         |
|    iterations           | 211         |
|    time_elapsed         | 949         |
|    total_timesteps      | 432128      |
| train/                  |             |
|    approx_kl            | 0.020789737 |
|    clip_fraction        | 0.217       |
|    clip_range           | 0.2         |
|    entropy_loss         | -7.06       |
|    explained_variance   | 0.709       |
|    learning_rate        | 0.0003      |
|    loss                 | -0.0619     |
|    n_updates            | 2100        |
|    policy_gradient_loss | -0.0271     |
|    std                  | 0.994       |
|    value_loss           | 0.0364      |
-----------------------------------------
-----------------------------------------
| rollout/                |             |
|    ep_len_mean          | 364         |
|    ep_rew_mean          | 114         |
| time/                   |             |
|    fps                  | 454         |
|    iterations           | 212         |
|    time_elapsed         | 954         |
|    total_timesteps      | 434176      |
| train/                  |             |
|    approx_kl            | 0.019922357 |
|    clip_fraction        | 0.216       |
|    clip_range           | 0.2         |
|    entropy_loss         | -7.05       |
|    explained_variance   | 0.298       |
|    learning_rate        | 0.0003      |
|    loss                 | 0.0391      |
|    n_updates            | 2110        |
|    policy_gradient_loss | -0.0266     |
|    std                  | 0.994       |
|    value_loss           | 0.211       |
-----------------------------------------
-----------------------------------------
| rollout/                |             |
|    ep_len_mean          | 364         |
|    ep_rew_mean          | 110         |
| time/                   |             |
|    fps                  | 454         |
|    iterations           | 213         |
|    time_elapsed         | 959         |
|    total_timesteps      | 436224      |
| train/                  |             |
|    approx_kl            | 0.016627148 |
|    clip_fraction        | 0.187       |
|    clip_range           | 0.2         |
|    entropy_loss         | -7.05       |
|    explained_variance   | 0.591       |
|    learning_rate        | 0.0003      |
|    loss                 | -0.0373     |
|    n_updates            | 2120        |
|    policy_gradient_loss | -0.0232     |
|    std                  | 0.995       |
|    value_loss           | 0.065       |
-----------------------------------------
-----------------------------------------
| rollout/                |             |
|    ep_len_mean          | 366         |
|    ep_rew_mean          | 109         |
| time/                   |             |
|    fps                  | 454         |
|    iterations           | 214         |
|    time_elapsed         | 965         |
|    total_timesteps      | 438272      |
| train/                  |             |
|    approx_kl            | 0.021667812 |
|    clip_fraction        | 0.23        |
|    clip_range           | 0.2         |
|    entropy_loss         | -7.06       |
|    explained_variance   | 0.313       |
|    learning_rate        | 0.0003      |
|    loss                 | -0.00977    |
|    n_updates            | 2130        |
|    policy_gradient_loss | -0.0255     |
|    std                  | 0.998       |
|    value_loss           | 0.126       |
-----------------------------------------
-----------------------------------------
| rollout/                |             |
|    ep_len_mean          | 368         |
|    ep_rew_mean          | 110         |
| time/                   |             |
|    fps                  | 453         |
|    iterations           | 215         |
|    time_elapsed         | 970         |
|    total_timesteps      | 440320      |
| train/                  |             |
|    approx_kl            | 0.022241663 |
|    clip_fraction        | 0.243       |
|    clip_range           | 0.2         |
|    entropy_loss         | -7.07       |
|    explained_variance   | 0.421       |
|    learning_rate        | 0.0003      |
|    loss                 | -0.052      |
|    n_updates            | 2140        |
|    policy_gradient_loss | -0.0211     |
|    std                  | 0.997       |
|    value_loss           | 0.102       |
-----------------------------------------
-----------------------------------------
| rollout/                |             |
|    ep_len_mean          | 368         |
|    ep_rew_mean          | 111         |
| time/                   |             |
|    fps                  | 453         |
|    iterations           | 216         |
|    time_elapsed         | 976         |
|    total_timesteps      | 442368      |
| train/                  |             |
|    approx_kl            | 0.023023851 |
|    clip_fraction        | 0.231       |
|    clip_range           | 0.2         |
|    entropy_loss         | -7.05       |
|    explained_variance   | 0.354       |
|    learning_rate        | 0.0003      |
|    loss                 | -0.0513     |
|    n_updates            | 2150        |
|    policy_gradient_loss | -0.0262     |
|    std                  | 0.992       |
|    value_loss           | 0.0925      |
-----------------------------------------
-----------------------------------------
| rollout/                |             |
|    ep_len_mean          | 368         |
|    ep_rew_mean          | 112         |
| time/                   |             |
|    fps                  | 452         |
|    iterations           | 217         |
|    time_elapsed         | 981         |
|    total_timesteps      | 444416      |
| train/                  |             |
|    approx_kl            | 0.021083195 |
|    clip_fraction        | 0.233       |
|    clip_range           | 0.2         |
|    entropy_loss         | -7.04       |
|    explained_variance   | 0.589       |
|    learning_rate        | 0.0003      |
|    loss                 | -0.0361     |
|    n_updates            | 2160        |
|    policy_gradient_loss | -0.0283     |
|    std                  | 0.994       |
|    value_loss           | 0.0762      |
-----------------------------------------
-----------------------------------------
| rollout/                |             |
|    ep_len_mean          | 370         |
|    ep_rew_mean          | 114         |
| time/                   |             |
|    fps                  | 452         |
|    iterations           | 218         |
|    time_elapsed         | 987         |
|    total_timesteps      | 446464      |
| train/                  |             |
|    approx_kl            | 0.023225354 |
|    clip_fraction        | 0.245       |
|    clip_range           | 0.2         |
|    entropy_loss         | -7.05       |
|    explained_variance   | 0.345       |
|    learning_rate        | 0.0003      |
|    loss                 | -0.00949    |
|    n_updates            | 2170        |
|    policy_gradient_loss | -0.0294     |
|    std                  | 0.997       |
|    value_loss           | 0.147       |
-----------------------------------------
-----------------------------------------
| rollout/                |             |
|    ep_len_mean          | 370         |
|    ep_rew_mean          | 114         |
| time/                   |             |
|    fps                  | 451         |
|    iterations           | 219         |
|    time_elapsed         | 992         |
|    total_timesteps      | 448512      |
| train/                  |             |
|    approx_kl            | 0.021957982 |
|    clip_fraction        | 0.235       |
|    clip_range           | 0.2         |
|    entropy_loss         | -7.06       |
|    explained_variance   | 0.592       |
|    learning_rate        | 0.0003      |
|    loss                 | -0.0283     |
|    n_updates            | 2180        |
|    policy_gradient_loss | -0.029      |
|    std                  | 0.995       |
|    value_loss           | 0.0932      |
-----------------------------------------
----------------------------------------
| rollout/                |            |
|    ep_len_mean          | 370        |
|    ep_rew_mean          | 114        |
| time/                   |            |
|    fps                  | 451        |
|    iterations           | 220        |
|    time_elapsed         | 998        |
|    total_timesteps      | 450560     |
| train/                  |            |
|    approx_kl            | 0.02276703 |
|    clip_fraction        | 0.237      |
|    clip_range           | 0.2        |
|    entropy_loss         | -7.05      |
|    explained_variance   | 0.324      |
|    learning_rate        | 0.0003     |
|    loss                 | -0.00835   |
|    n_updates            | 2190       |
|    policy_gradient_loss | -0.0247    |
|    std                  | 0.994      |
|    value_loss           | 0.116      |
----------------------------------------
-----------------------------------------
| rollout/                |             |
|    ep_len_mean          | 369         |
|    ep_rew_mean          | 117         |
| time/                   |             |
|    fps                  | 450         |
|    iterations           | 221         |
|    time_elapsed         | 1004        |
|    total_timesteps      | 452608      |
| train/                  |             |
|    approx_kl            | 0.020196468 |
|    clip_fraction        | 0.224       |
|    clip_range           | 0.2         |
|    entropy_loss         | -7.04       |
|    explained_variance   | 0.359       |
|    learning_rate        | 0.0003      |
|    loss                 | -0.0298     |
|    n_updates            | 2200        |
|    policy_gradient_loss | -0.0263     |
|    std                  | 0.992       |
|    value_loss           | 0.0849      |
-----------------------------------------
-----------------------------------------
| rollout/                |             |
|    ep_len_mean          | 369         |
|    ep_rew_mean          | 116         |
| time/                   |             |
|    fps                  | 450         |
|    iterations           | 222         |
|    time_elapsed         | 1009        |
|    total_timesteps      | 454656      |
| train/                  |             |
|    approx_kl            | 0.018752862 |
|    clip_fraction        | 0.24        |
|    clip_range           | 0.2         |
|    entropy_loss         | -7.05       |
|    explained_variance   | 0.301       |
|    learning_rate        | 0.0003      |
|    loss                 | -0.00988    |
|    n_updates            | 2210        |
|    policy_gradient_loss | -0.0261     |
|    std                  | 0.994       |
|    value_loss           | 0.126       |
-----------------------------------------
-----------------------------------------
| rollout/                |             |
|    ep_len_mean          | 366         |
|    ep_rew_mean          | 116         |
| time/                   |             |
|    fps                  | 450         |
|    iterations           | 223         |
|    time_elapsed         | 1014        |
|    total_timesteps      | 456704      |
| train/                  |             |
|    approx_kl            | 0.020838872 |
|    clip_fraction        | 0.222       |
|    clip_range           | 0.2         |
|    entropy_loss         | -7.05       |
|    explained_variance   | 0.536       |
|    learning_rate        | 0.0003      |
|    loss                 | -0.0286     |
|    n_updates            | 2220        |
|    policy_gradient_loss | -0.0257     |
|    std                  | 0.995       |
|    value_loss           | 0.0622      |
-----------------------------------------
----------------------------------------
| rollout/                |            |
|    ep_len_mean          | 366        |
|    ep_rew_mean          | 116        |
| time/                   |            |
|    fps                  | 449        |
|    iterations           | 224        |
|    time_elapsed         | 1019       |
|    total_timesteps      | 458752     |
| train/                  |            |
|    approx_kl            | 0.02316454 |
|    clip_fraction        | 0.256      |
|    clip_range           | 0.2        |
|    entropy_loss         | -7.06      |
|    explained_variance   | 0.346      |
|    learning_rate        | 0.0003     |
|    loss                 | 0.00426    |
|    n_updates            | 2230       |
|    policy_gradient_loss | -0.0265    |
|    std                  | 0.999      |
|    value_loss           | 0.185      |
----------------------------------------
----------------------------------------
| rollout/                |            |
|    ep_len_mean          | 366        |
|    ep_rew_mean          | 116        |
| time/                   |            |
|    fps                  | 449        |
|    iterations           | 225        |
|    time_elapsed         | 1025       |
|    total_timesteps      | 460800     |
| train/                  |            |
|    approx_kl            | 0.02212528 |
|    clip_fraction        | 0.249      |
|    clip_range           | 0.2        |
|    entropy_loss         | -7.07      |
|    explained_variance   | 0.323      |
|    learning_rate        | 0.0003     |
|    loss                 | -0.0335    |
|    n_updates            | 2240       |
|    policy_gradient_loss | -0.0266    |
|    std                  | 0.999      |
|    value_loss           | 0.101      |
----------------------------------------
-----------------------------------------
| rollout/                |             |
|    ep_len_mean          | 366         |
|    ep_rew_mean          | 117         |
| time/                   |             |
|    fps                  | 449         |
|    iterations           | 226         |
|    time_elapsed         | 1030        |
|    total_timesteps      | 462848      |
| train/                  |             |
|    approx_kl            | 0.019532941 |
|    clip_fraction        | 0.229       |
|    clip_range           | 0.2         |
|    entropy_loss         | -7.08       |
|    explained_variance   | 0.424       |
|    learning_rate        | 0.0003      |
|    loss                 | -0.0471     |
|    n_updates            | 2250        |
|    policy_gradient_loss | -0.0274     |
|    std                  | 1           |
|    value_loss           | 0.0801      |
-----------------------------------------
-----------------------------------------
| rollout/                |             |
|    ep_len_mean          | 368         |
|    ep_rew_mean          | 118         |
| time/                   |             |
|    fps                  | 448         |
|    iterations           | 227         |
|    time_elapsed         | 1035        |
|    total_timesteps      | 464896      |
| train/                  |             |
|    approx_kl            | 0.019859137 |
|    clip_fraction        | 0.223       |
|    clip_range           | 0.2         |
|    entropy_loss         | -7.08       |
|    explained_variance   | 0.579       |
|    learning_rate        | 0.0003      |
|    loss                 | -0.0403     |
|    n_updates            | 2260        |
|    policy_gradient_loss | -0.0236     |
|    std                  | 0.999       |
|    value_loss           | 0.055       |
-----------------------------------------
-----------------------------------------
| rollout/                |             |
|    ep_len_mean          | 368         |
|    ep_rew_mean          | 118         |
| time/                   |             |
|    fps                  | 448         |
|    iterations           | 228         |
|    time_elapsed         | 1041        |
|    total_timesteps      | 466944      |
| train/                  |             |
|    approx_kl            | 0.020890884 |
|    clip_fraction        | 0.231       |
|    clip_range           | 0.2         |
|    entropy_loss         | -7.08       |
|    explained_variance   | 0.646       |
|    learning_rate        | 0.0003      |
|    loss                 | -0.0554     |
|    n_updates            | 2270        |
|    policy_gradient_loss | -0.0237     |
|    std                  | 1           |
|    value_loss           | 0.073       |
-----------------------------------------
-----------------------------------------
| rollout/                |             |
|    ep_len_mean          | 366         |
|    ep_rew_mean          | 118         |
| time/                   |             |
|    fps                  | 448         |
|    iterations           | 229         |
|    time_elapsed         | 1046        |
|    total_timesteps      | 468992      |
| train/                  |             |
|    approx_kl            | 0.019865442 |
|    clip_fraction        | 0.232       |
|    clip_range           | 0.2         |
|    entropy_loss         | -7.08       |
|    explained_variance   | 0.523       |
|    learning_rate        | 0.0003      |
|    loss                 | -0.0609     |
|    n_updates            | 2280        |
|    policy_gradient_loss | -0.0252     |
|    std                  | 0.997       |
|    value_loss           | 0.0713      |
-----------------------------------------
-----------------------------------------
| rollout/                |             |
|    ep_len_mean          | 366         |
|    ep_rew_mean          | 119         |
| time/                   |             |
|    fps                  | 447         |
|    iterations           | 230         |
|    time_elapsed         | 1052        |
|    total_timesteps      | 471040      |
| train/                  |             |
|    approx_kl            | 0.020232793 |
|    clip_fraction        | 0.23        |
|    clip_range           | 0.2         |
|    entropy_loss         | -7.09       |
|    explained_variance   | 0.536       |
|    learning_rate        | 0.0003      |
|    loss                 | -0.00285    |
|    n_updates            | 2290        |
|    policy_gradient_loss | -0.025      |
|    std                  | 1.01        |
|    value_loss           | 0.179       |
-----------------------------------------
----------------------------------------
| rollout/                |            |
|    ep_len_mean          | 366        |
|    ep_rew_mean          | 119        |
| time/                   |            |
|    fps                  | 447        |
|    iterations           | 231        |
|    time_elapsed         | 1057       |
|    total_timesteps      | 473088     |
| train/                  |            |
|    approx_kl            | 0.02281278 |
|    clip_fraction        | 0.224      |
|    clip_range           | 0.2        |
|    entropy_loss         | -7.12      |
|    explained_variance   | 0.479      |
|    learning_rate        | 0.0003     |
|    loss                 | -0.065     |
|    n_updates            | 2300       |
|    policy_gradient_loss | -0.0301    |
|    std                  | 1.01       |
|    value_loss           | 0.0541     |
----------------------------------------
-----------------------------------------
| rollout/                |             |
|    ep_len_mean          | 363         |
|    ep_rew_mean          | 124         |
| time/                   |             |
|    fps                  | 447         |
|    iterations           | 232         |
|    time_elapsed         | 1062        |
|    total_timesteps      | 475136      |
| train/                  |             |
|    approx_kl            | 0.022023346 |
|    clip_fraction        | 0.216       |
|    clip_range           | 0.2         |
|    entropy_loss         | -7.1        |
|    explained_variance   | 0.626       |
|    learning_rate        | 0.0003      |
|    loss                 | -0.0184     |
|    n_updates            | 2310        |
|    policy_gradient_loss | -0.023      |
|    std                  | 1           |
|    value_loss           | 0.0599      |
-----------------------------------------
-----------------------------------------
| rollout/                |             |
|    ep_len_mean          | 363         |
|    ep_rew_mean          | 123         |
| time/                   |             |
|    fps                  | 446         |
|    iterations           | 233         |
|    time_elapsed         | 1067        |
|    total_timesteps      | 477184      |
| train/                  |             |
|    approx_kl            | 0.018995568 |
|    clip_fraction        | 0.231       |
|    clip_range           | 0.2         |
|    entropy_loss         | -7.09       |
|    explained_variance   | 0.503       |
|    learning_rate        | 0.0003      |
|    loss                 | -0.0498     |
|    n_updates            | 2320        |
|    policy_gradient_loss | -0.028      |
|    std                  | 1           |
|    value_loss           | 0.0765      |
-----------------------------------------
-----------------------------------------
| rollout/                |             |
|    ep_len_mean          | 362         |
|    ep_rew_mean          | 123         |
| time/                   |             |
|    fps                  | 446         |
|    iterations           | 234         |
|    time_elapsed         | 1073        |
|    total_timesteps      | 479232      |
| train/                  |             |
|    approx_kl            | 0.018410813 |
|    clip_fraction        | 0.223       |
|    clip_range           | 0.2         |
|    entropy_loss         | -7.09       |
|    explained_variance   | 0.332       |
|    learning_rate        | 0.0003      |
|    loss                 | -0.0499     |
|    n_updates            | 2330        |
|    policy_gradient_loss | -0.0275     |
|    std                  | 1           |
|    value_loss           | 0.0855      |
-----------------------------------------
-----------------------------------------
| rollout/                |             |
|    ep_len_mean          | 362         |
|    ep_rew_mean          | 122         |
| time/                   |             |
|    fps                  | 446         |
|    iterations           | 235         |
|    time_elapsed         | 1078        |
|    total_timesteps      | 481280      |
| train/                  |             |
|    approx_kl            | 0.020190425 |
|    clip_fraction        | 0.214       |
|    clip_range           | 0.2         |
|    entropy_loss         | -7.1        |
|    explained_variance   | 0.274       |
|    learning_rate        | 0.0003      |
|    loss                 | -0.0263     |
|    n_updates            | 2340        |
|    policy_gradient_loss | -0.0217     |
|    std                  | 1.01        |
|    value_loss           | 0.109       |
-----------------------------------------
-----------------------------------------
| rollout/                |             |
|    ep_len_mean          | 358         |
|    ep_rew_mean          | 121         |
| time/                   |             |
|    fps                  | 445         |
|    iterations           | 236         |
|    time_elapsed         | 1084        |
|    total_timesteps      | 483328      |
| train/                  |             |
|    approx_kl            | 0.022330174 |
|    clip_fraction        | 0.245       |
|    clip_range           | 0.2         |
|    entropy_loss         | -7.13       |
|    explained_variance   | 0.26        |
|    learning_rate        | 0.0003      |
|    loss                 | 0.00447     |
|    n_updates            | 2350        |
|    policy_gradient_loss | -0.0272     |
|    std                  | 1.01        |
|    value_loss           | 0.201       |
-----------------------------------------
---------------------------------------
| rollout/                |           |
|    ep_len_mean          | 358       |
|    ep_rew_mean          | 121       |
| time/                   |           |
|    fps                  | 445       |
|    iterations           | 237       |
|    time_elapsed         | 1089      |
|    total_timesteps      | 485376    |
| train/                  |           |
|    approx_kl            | 0.0225989 |
|    clip_fraction        | 0.237     |
|    clip_range           | 0.2       |
|    entropy_loss         | -7.14     |
|    explained_variance   | 0.412     |
|    learning_rate        | 0.0003    |
|    loss                 | -0.0069   |
|    n_updates            | 2360      |
|    policy_gradient_loss | -0.0277   |
|    std                  | 1.01      |
|    value_loss           | 0.13      |
---------------------------------------
-----------------------------------------
| rollout/                |             |
|    ep_len_mean          | 358         |
|    ep_rew_mean          | 121         |
| time/                   |             |
|    fps                  | 445         |
|    iterations           | 238         |
|    time_elapsed         | 1095        |
|    total_timesteps      | 487424      |
| train/                  |             |
|    approx_kl            | 0.021307986 |
|    clip_fraction        | 0.208       |
|    clip_range           | 0.2         |
|    entropy_loss         | -7.13       |
|    explained_variance   | 0.582       |
|    learning_rate        | 0.0003      |
|    loss                 | -0.0646     |
|    n_updates            | 2370        |
|    policy_gradient_loss | -0.0306     |
|    std                  | 1.01        |
|    value_loss           | 0.0315      |
-----------------------------------------
-----------------------------------------
| rollout/                |             |
|    ep_len_mean          | 357         |
|    ep_rew_mean          | 120         |
| time/                   |             |
|    fps                  | 444         |
|    iterations           | 239         |
|    time_elapsed         | 1100        |
|    total_timesteps      | 489472      |
| train/                  |             |
|    approx_kl            | 0.018212516 |
|    clip_fraction        | 0.217       |
|    clip_range           | 0.2         |
|    entropy_loss         | -7.12       |
|    explained_variance   | 0.707       |
|    learning_rate        | 0.0003      |
|    loss                 | -0.0565     |
|    n_updates            | 2380        |
|    policy_gradient_loss | -0.0287     |
|    std                  | 1.01        |
|    value_loss           | 0.0313      |
-----------------------------------------
---------------------------------------
| rollout/                |           |
|    ep_len_mean          | 356       |
|    ep_rew_mean          | 120       |
| time/                   |           |
|    fps                  | 444       |
|    iterations           | 240       |
|    time_elapsed         | 1105      |
|    total_timesteps      | 491520    |
| train/                  |           |
|    approx_kl            | 0.0220075 |
|    clip_fraction        | 0.23      |
|    clip_range           | 0.2       |
|    entropy_loss         | -7.12     |
|    explained_variance   | 0.49      |
|    learning_rate        | 0.0003    |
|    loss                 | -0.021    |
|    n_updates            | 2390      |
|    policy_gradient_loss | -0.0276   |
|    std                  | 1.01      |
|    value_loss           | 0.135     |
---------------------------------------
-----------------------------------------
| rollout/                |             |
|    ep_len_mean          | 354         |
|    ep_rew_mean          | 119         |
| time/                   |             |
|    fps                  | 444         |
|    iterations           | 241         |
|    time_elapsed         | 1111        |
|    total_timesteps      | 493568      |
| train/                  |             |
|    approx_kl            | 0.023214128 |
|    clip_fraction        | 0.26        |
|    clip_range           | 0.2         |
|    entropy_loss         | -7.13       |
|    explained_variance   | 0.668       |
|    learning_rate        | 0.0003      |
|    loss                 | -0.0474     |
|    n_updates            | 2400        |
|    policy_gradient_loss | -0.0309     |
|    std                  | 1.01        |
|    value_loss           | 0.0857      |
-----------------------------------------
-----------------------------------------
| rollout/                |             |
|    ep_len_mean          | 356         |
|    ep_rew_mean          | 120         |
| time/                   |             |
|    fps                  | 443         |
|    iterations           | 242         |
|    time_elapsed         | 1116        |
|    total_timesteps      | 495616      |
| train/                  |             |
|    approx_kl            | 0.025685057 |
|    clip_fraction        | 0.225       |
|    clip_range           | 0.2         |
|    entropy_loss         | -7.13       |
|    explained_variance   | 0.557       |
|    learning_rate        | 0.0003      |
|    loss                 | -0.0321     |
|    n_updates            | 2410        |
|    policy_gradient_loss | -0.0264     |
|    std                  | 1.01        |
|    value_loss           | 0.123       |
-----------------------------------------
-----------------------------------------
| rollout/                |             |
|    ep_len_mean          | 356         |
|    ep_rew_mean          | 120         |
| time/                   |             |
|    fps                  | 443         |
|    iterations           | 243         |
|    time_elapsed         | 1122        |
|    total_timesteps      | 497664      |
| train/                  |             |
|    approx_kl            | 0.018607158 |
|    clip_fraction        | 0.219       |
|    clip_range           | 0.2         |
|    entropy_loss         | -7.15       |
|    explained_variance   | 0.463       |
|    learning_rate        | 0.0003      |
|    loss                 | -0.027      |
|    n_updates            | 2420        |
|    policy_gradient_loss | -0.026      |
|    std                  | 1.01        |
|    value_loss           | 0.106       |
-----------------------------------------
-----------------------------------------
| rollout/                |             |
|    ep_len_mean          | 356         |
|    ep_rew_mean          | 120         |
| time/                   |             |
|    fps                  | 443         |
|    iterations           | 244         |
|    time_elapsed         | 1127        |
|    total_timesteps      | 499712      |
| train/                  |             |
|    approx_kl            | 0.021035586 |
|    clip_fraction        | 0.231       |
|    clip_range           | 0.2         |
|    entropy_loss         | -7.15       |
|    explained_variance   | 0.619       |
|    learning_rate        | 0.0003      |
|    loss                 | -0.0518     |
|    n_updates            | 2430        |
|    policy_gradient_loss | -0.0292     |
|    std                  | 1.01        |
|    value_loss           | 0.0652      |
-----------------------------------------
-----------------------------------------
| rollout/                |             |
|    ep_len_mean          | 356         |
|    ep_rew_mean          | 121         |
| time/                   |             |
|    fps                  | 442         |
|    iterations           | 245         |
|    time_elapsed         | 1133        |
|    total_timesteps      | 501760      |
| train/                  |             |
|    approx_kl            | 0.020096634 |
|    clip_fraction        | 0.221       |
|    clip_range           | 0.2         |
|    entropy_loss         | -7.15       |
|    explained_variance   | 0.597       |
|    learning_rate        | 0.0003      |
|    loss                 | -0.0456     |
|    n_updates            | 2440        |
|    policy_gradient_loss | -0.0282     |
|    std                  | 1.01        |
|    value_loss           | 0.0803      |
-----------------------------------------
-----------------------------------------
| rollout/                |             |
|    ep_len_mean          | 356         |
|    ep_rew_mean          | 120         |
| time/                   |             |
|    fps                  | 442         |
|    iterations           | 246         |
|    time_elapsed         | 1138        |
|    total_timesteps      | 503808      |
| train/                  |             |
|    approx_kl            | 0.022655584 |
|    clip_fraction        | 0.258       |
|    clip_range           | 0.2         |
|    entropy_loss         | -7.14       |
|    explained_variance   | 0.449       |
|    learning_rate        | 0.0003      |
|    loss                 | -0.0146     |
|    n_updates            | 2450        |
|    policy_gradient_loss | -0.0239     |
|    std                  | 1.01        |
|    value_loss           | 0.127       |
-----------------------------------------
-----------------------------------------
| rollout/                |             |
|    ep_len_mean          | 357         |
|    ep_rew_mean          | 120         |
| time/                   |             |
|    fps                  | 442         |
|    iterations           | 247         |
|    time_elapsed         | 1143        |
|    total_timesteps      | 505856      |
| train/                  |             |
|    approx_kl            | 0.021483019 |
|    clip_fraction        | 0.242       |
|    clip_range           | 0.2         |
|    entropy_loss         | -7.15       |
|    explained_variance   | 0.592       |
|    learning_rate        | 0.0003      |
|    loss                 | -0.00338    |
|    n_updates            | 2460        |
|    policy_gradient_loss | -0.03       |
|    std                  | 1.01        |
|    value_loss           | 0.111       |
-----------------------------------------
----------------------------------------
| rollout/                |            |
|    ep_len_mean          | 357        |
|    ep_rew_mean          | 120        |
| time/                   |            |
|    fps                  | 442        |
|    iterations           | 248        |
|    time_elapsed         | 1148       |
|    total_timesteps      | 507904     |
| train/                  |            |
|    approx_kl            | 0.02680524 |
|    clip_fraction        | 0.276      |
|    clip_range           | 0.2        |
|    entropy_loss         | -7.15      |
|    explained_variance   | 0.464      |
|    learning_rate        | 0.0003     |
|    loss                 | -0.0268    |
|    n_updates            | 2470       |
|    policy_gradient_loss | -0.0286    |
|    std                  | 1.02       |
|    value_loss           | 0.147      |
----------------------------------------
-----------------------------------------
| rollout/                |             |
|    ep_len_mean          | 357         |
|    ep_rew_mean          | 119         |
| time/                   |             |
|    fps                  | 441         |
|    iterations           | 249         |
|    time_elapsed         | 1154        |
|    total_timesteps      | 509952      |
| train/                  |             |
|    approx_kl            | 0.020201452 |
|    clip_fraction        | 0.245       |
|    clip_range           | 0.2         |
|    entropy_loss         | -7.17       |
|    explained_variance   | 0.508       |
|    learning_rate        | 0.0003      |
|    loss                 | -0.0478     |
|    n_updates            | 2480        |
|    policy_gradient_loss | -0.0291     |
|    std                  | 1.02        |
|    value_loss           | 0.0566      |
-----------------------------------------
-----------------------------------------
| rollout/                |             |
|    ep_len_mean          | 352         |
|    ep_rew_mean          | 117         |
| time/                   |             |
|    fps                  | 441         |
|    iterations           | 250         |
|    time_elapsed         | 1159        |
|    total_timesteps      | 512000      |
| train/                  |             |
|    approx_kl            | 0.021785332 |
|    clip_fraction        | 0.237       |
|    clip_range           | 0.2         |
|    entropy_loss         | -7.16       |
|    explained_variance   | 0.454       |
|    learning_rate        | 0.0003      |
|    loss                 | -0.0138     |
|    n_updates            | 2490        |
|    policy_gradient_loss | -0.0256     |
|    std                  | 1.01        |
|    value_loss           | 0.123       |
-----------------------------------------
-----------------------------------------
| rollout/                |             |
|    ep_len_mean          | 352         |
|    ep_rew_mean          | 117         |
| time/                   |             |
|    fps                  | 441         |
|    iterations           | 251         |
|    time_elapsed         | 1165        |
|    total_timesteps      | 514048      |
| train/                  |             |
|    approx_kl            | 0.020635033 |
|    clip_fraction        | 0.216       |
|    clip_range           | 0.2         |
|    entropy_loss         | -7.14       |
|    explained_variance   | 0.626       |
|    learning_rate        | 0.0003      |
|    loss                 | -0.0633     |
|    n_updates            | 2500        |
|    policy_gradient_loss | -0.0289     |
|    std                  | 1.01        |
|    value_loss           | 0.0645      |
-----------------------------------------
-----------------------------------------
| rollout/                |             |
|    ep_len_mean          | 350         |
|    ep_rew_mean          | 117         |
| time/                   |             |
|    fps                  | 441         |
|    iterations           | 252         |
|    time_elapsed         | 1167        |
|    total_timesteps      | 516096      |
| train/                  |             |
|    approx_kl            | 0.019741395 |
|    clip_fraction        | 0.232       |
|    clip_range           | 0.2         |
|    entropy_loss         | -7.13       |
|    explained_variance   | 0.673       |
|    learning_rate        | 0.0003      |
|    loss                 | -0.0433     |
|    n_updates            | 2510        |
|    policy_gradient_loss | -0.028      |
|    std                  | 1.01        |
|    value_loss           | 0.0773      |
-----------------------------------------
-----------------------------------------
| rollout/                |             |
|    ep_len_mean          | 352         |
|    ep_rew_mean          | 117         |
| time/                   |             |
|    fps                  | 442         |
|    iterations           | 253         |
|    time_elapsed         | 1170        |
|    total_timesteps      | 518144      |
| train/                  |             |
|    approx_kl            | 0.020129668 |
|    clip_fraction        | 0.209       |
|    clip_range           | 0.2         |
|    entropy_loss         | -7.12       |
|    explained_variance   | 0.639       |
|    learning_rate        | 0.0003      |
|    loss                 | -0.0291     |
|    n_updates            | 2520        |
|    policy_gradient_loss | -0.0274     |
|    std                  | 1.01        |
|    value_loss           | 0.0747      |
-----------------------------------------
-----------------------------------------
| rollout/                |             |
|    ep_len_mean          | 352         |
|    ep_rew_mean          | 117         |
| time/                   |             |
|    fps                  | 443         |
|    iterations           | 254         |
|    time_elapsed         | 1172        |
|    total_timesteps      | 520192      |
| train/                  |             |
|    approx_kl            | 0.023472276 |
|    clip_fraction        | 0.255       |
|    clip_range           | 0.2         |
|    entropy_loss         | -7.11       |
|    explained_variance   | 0.179       |
|    learning_rate        | 0.0003      |
|    loss                 | -0.0284     |
|    n_updates            | 2530        |
|    policy_gradient_loss | -0.0261     |
|    std                  | 1.01        |
|    value_loss           | 0.103       |
-----------------------------------------
-----------------------------------------
| rollout/                |             |
|    ep_len_mean          | 356         |
|    ep_rew_mean          | 118         |
| time/                   |             |
|    fps                  | 444         |
|    iterations           | 255         |
|    time_elapsed         | 1174        |
|    total_timesteps      | 522240      |
| train/                  |             |
|    approx_kl            | 0.021824641 |
|    clip_fraction        | 0.244       |
|    clip_range           | 0.2         |
|    entropy_loss         | -7.12       |
|    explained_variance   | 0.604       |
|    learning_rate        | 0.0003      |
|    loss                 | -0.0502     |
|    n_updates            | 2540        |
|    policy_gradient_loss | -0.0313     |
|    std                  | 1.01        |
|    value_loss           | 0.0602      |
-----------------------------------------
-----------------------------------------
| rollout/                |             |
|    ep_len_mean          | 355         |
|    ep_rew_mean          | 118         |
| time/                   |             |
|    fps                  | 445         |
|    iterations           | 256         |
|    time_elapsed         | 1177        |
|    total_timesteps      | 524288      |
| train/                  |             |
|    approx_kl            | 0.020430109 |
|    clip_fraction        | 0.239       |
|    clip_range           | 0.2         |
|    entropy_loss         | -7.11       |
|    explained_variance   | 0.535       |
|    learning_rate        | 0.0003      |
|    loss                 | -0.0268     |
|    n_updates            | 2550        |
|    policy_gradient_loss | -0.0294     |
|    std                  | 1           |
|    value_loss           | 0.131       |
-----------------------------------------
----------------------------------------
| rollout/                |            |
|    ep_len_mean          | 356        |
|    ep_rew_mean          | 119        |
| time/                   |            |
|    fps                  | 445        |
|    iterations           | 257        |
|    time_elapsed         | 1182       |
|    total_timesteps      | 526336     |
| train/                  |            |
|    approx_kl            | 0.02269651 |
|    clip_fraction        | 0.248      |
|    clip_range           | 0.2        |
|    entropy_loss         | -7.1       |
|    explained_variance   | 0.503      |
|    learning_rate        | 0.0003     |
|    loss                 | -0.0159    |
|    n_updates            | 2560       |
|    policy_gradient_loss | -0.0279    |
|    std                  | 1          |
|    value_loss           | 0.161      |
----------------------------------------
-----------------------------------------
| rollout/                |             |
|    ep_len_mean          | 356         |
|    ep_rew_mean          | 119         |
| time/                   |             |
|    fps                  | 444         |
|    iterations           | 258         |
|    time_elapsed         | 1188        |
|    total_timesteps      | 528384      |
| train/                  |             |
|    approx_kl            | 0.021458706 |
|    clip_fraction        | 0.228       |
|    clip_range           | 0.2         |
|    entropy_loss         | -7.09       |
|    explained_variance   | 0.584       |
|    learning_rate        | 0.0003      |
|    loss                 | -0.038      |
|    n_updates            | 2570        |
|    policy_gradient_loss | -0.0308     |
|    std                  | 1           |
|    value_loss           | 0.0974      |
-----------------------------------------
-----------------------------------------
| rollout/                |             |
|    ep_len_mean          | 356         |
|    ep_rew_mean          | 119         |
| time/                   |             |
|    fps                  | 444         |
|    iterations           | 259         |
|    time_elapsed         | 1193        |
|    total_timesteps      | 530432      |
| train/                  |             |
|    approx_kl            | 0.020574708 |
|    clip_fraction        | 0.242       |
|    clip_range           | 0.2         |
|    entropy_loss         | -7.1        |
|    explained_variance   | 0.621       |
|    learning_rate        | 0.0003      |
|    loss                 | -0.0179     |
|    n_updates            | 2580        |
|    policy_gradient_loss | -0.0303     |
|    std                  | 1           |
|    value_loss           | 0.131       |
-----------------------------------------
-----------------------------------------
| rollout/                |             |
|    ep_len_mean          | 356         |
|    ep_rew_mean          | 119         |
| time/                   |             |
|    fps                  | 444         |
|    iterations           | 260         |
|    time_elapsed         | 1199        |
|    total_timesteps      | 532480      |
| train/                  |             |
|    approx_kl            | 0.021803226 |
|    clip_fraction        | 0.234       |
|    clip_range           | 0.2         |
|    entropy_loss         | -7.09       |
|    explained_variance   | 0.405       |
|    learning_rate        | 0.0003      |
|    loss                 | -0.0376     |
|    n_updates            | 2590        |
|    policy_gradient_loss | -0.0285     |
|    std                  | 1           |
|    value_loss           | 0.0575      |
-----------------------------------------
-----------------------------------------
| rollout/                |             |
|    ep_len_mean          | 356         |
|    ep_rew_mean          | 120         |
| time/                   |             |
|    fps                  | 443         |
|    iterations           | 261         |
|    time_elapsed         | 1204        |
|    total_timesteps      | 534528      |
| train/                  |             |
|    approx_kl            | 0.021356698 |
|    clip_fraction        | 0.211       |
|    clip_range           | 0.2         |
|    entropy_loss         | -7.08       |
|    explained_variance   | 0.561       |
|    learning_rate        | 0.0003      |
|    loss                 | -0.059      |
|    n_updates            | 2600        |
|    policy_gradient_loss | -0.0277     |
|    std                  | 0.997       |
|    value_loss           | 0.0538      |
-----------------------------------------
-----------------------------------------
| rollout/                |             |
|    ep_len_mean          | 353         |
|    ep_rew_mean          | 119         |
| time/                   |             |
|    fps                  | 443         |
|    iterations           | 262         |
|    time_elapsed         | 1210        |
|    total_timesteps      | 536576      |
| train/                  |             |
|    approx_kl            | 0.024072126 |
|    clip_fraction        | 0.264       |
|    clip_range           | 0.2         |
|    entropy_loss         | -7.05       |
|    explained_variance   | 0.567       |
|    learning_rate        | 0.0003      |
|    loss                 | -0.0186     |
|    n_updates            | 2610        |
|    policy_gradient_loss | -0.0313     |
|    std                  | 0.993       |
|    value_loss           | 0.12        |
-----------------------------------------
-----------------------------------------
| rollout/                |             |
|    ep_len_mean          | 354         |
|    ep_rew_mean          | 119         |
| time/                   |             |
|    fps                  | 442         |
|    iterations           | 263         |
|    time_elapsed         | 1215        |
|    total_timesteps      | 538624      |
| train/                  |             |
|    approx_kl            | 0.021902233 |
|    clip_fraction        | 0.233       |
|    clip_range           | 0.2         |
|    entropy_loss         | -7.05       |
|    explained_variance   | 0.563       |
|    learning_rate        | 0.0003      |
|    loss                 | -0.0383     |
|    n_updates            | 2620        |
|    policy_gradient_loss | -0.0315     |
|    std                  | 0.995       |
|    value_loss           | 0.111       |
-----------------------------------------
-----------------------------------------
| rollout/                |             |
|    ep_len_mean          | 355         |
|    ep_rew_mean          | 120         |
| time/                   |             |
|    fps                  | 442         |
|    iterations           | 264         |
|    time_elapsed         | 1220        |
|    total_timesteps      | 540672      |
| train/                  |             |
|    approx_kl            | 0.021338912 |
|    clip_fraction        | 0.233       |
|    clip_range           | 0.2         |
|    entropy_loss         | -7.06       |
|    explained_variance   | 0.559       |
|    learning_rate        | 0.0003      |
|    loss                 | -0.0427     |
|    n_updates            | 2630        |
|    policy_gradient_loss | -0.0289     |
|    std                  | 0.996       |
|    value_loss           | 0.0748      |
-----------------------------------------
-----------------------------------------
| rollout/                |             |
|    ep_len_mean          | 355         |
|    ep_rew_mean          | 121         |
| time/                   |             |
|    fps                  | 442         |
|    iterations           | 265         |
|    time_elapsed         | 1226        |
|    total_timesteps      | 542720      |
| train/                  |             |
|    approx_kl            | 0.020850027 |
|    clip_fraction        | 0.241       |
|    clip_range           | 0.2         |
|    entropy_loss         | -7.07       |
|    explained_variance   | 0.613       |
|    learning_rate        | 0.0003      |
|    loss                 | -0.0252     |
|    n_updates            | 2640        |
|    policy_gradient_loss | -0.0298     |
|    std                  | 1           |
|    value_loss           | 0.108       |
-----------------------------------------
-----------------------------------------
| rollout/                |             |
|    ep_len_mean          | 355         |
|    ep_rew_mean          | 121         |
| time/                   |             |
|    fps                  | 442         |
|    iterations           | 266         |
|    time_elapsed         | 1231        |
|    total_timesteps      | 544768      |
| train/                  |             |
|    approx_kl            | 0.017717846 |
|    clip_fraction        | 0.248       |
|    clip_range           | 0.2         |
|    entropy_loss         | -7.09       |
|    explained_variance   | 0.555       |
|    learning_rate        | 0.0003      |
|    loss                 | -0.0438     |
|    n_updates            | 2650        |
|    policy_gradient_loss | -0.0261     |
|    std                  | 0.999       |
|    value_loss           | 0.0626      |
-----------------------------------------
-----------------------------------------
| rollout/                |             |
|    ep_len_mean          | 359         |
|    ep_rew_mean          | 123         |
| time/                   |             |
|    fps                  | 442         |
|    iterations           | 267         |
|    time_elapsed         | 1236        |
|    total_timesteps      | 546816      |
| train/                  |             |
|    approx_kl            | 0.020358637 |
|    clip_fraction        | 0.254       |
|    clip_range           | 0.2         |
|    entropy_loss         | -7.08       |
|    explained_variance   | 0.583       |
|    learning_rate        | 0.0003      |
|    loss                 | -0.0503     |
|    n_updates            | 2660        |
|    policy_gradient_loss | -0.0311     |
|    std                  | 1           |
|    value_loss           | 0.0913      |
-----------------------------------------
-----------------------------------------
| rollout/                |             |
|    ep_len_mean          | 360         |
|    ep_rew_mean          | 124         |
| time/                   |             |
|    fps                  | 442         |
|    iterations           | 268         |
|    time_elapsed         | 1241        |
|    total_timesteps      | 548864      |
| train/                  |             |
|    approx_kl            | 0.023078624 |
|    clip_fraction        | 0.248       |
|    clip_range           | 0.2         |
|    entropy_loss         | -7.08       |
|    explained_variance   | 0.553       |
|    learning_rate        | 0.0003      |
|    loss                 | -0.041      |
|    n_updates            | 2670        |
|    policy_gradient_loss | -0.0259     |
|    std                  | 1           |
|    value_loss           | 0.121       |
-----------------------------------------
-----------------------------------------
| rollout/                |             |
|    ep_len_mean          | 360         |
|    ep_rew_mean          | 125         |
| time/                   |             |
|    fps                  | 441         |
|    iterations           | 269         |
|    time_elapsed         | 1247        |
|    total_timesteps      | 550912      |
| train/                  |             |
|    approx_kl            | 0.022074673 |
|    clip_fraction        | 0.258       |
|    clip_range           | 0.2         |
|    entropy_loss         | -7.09       |
|    explained_variance   | 0.422       |
|    learning_rate        | 0.0003      |
|    loss                 | -0.0257     |
|    n_updates            | 2680        |
|    policy_gradient_loss | -0.0287     |
|    std                  | 1           |
|    value_loss           | 0.138       |
-----------------------------------------
----------------------------------------
| rollout/                |            |
|    ep_len_mean          | 360        |
|    ep_rew_mean          | 125        |
| time/                   |            |
|    fps                  | 441        |
|    iterations           | 270        |
|    time_elapsed         | 1252       |
|    total_timesteps      | 552960     |
| train/                  |            |
|    approx_kl            | 0.02319083 |
|    clip_fraction        | 0.213      |
|    clip_range           | 0.2        |
|    entropy_loss         | -7.1       |
|    explained_variance   | 0.676      |
|    learning_rate        | 0.0003     |
|    loss                 | -0.047     |
|    n_updates            | 2690       |
|    policy_gradient_loss | -0.0284    |
|    std                  | 1.01       |
|    value_loss           | 0.0451     |
----------------------------------------
----------------------------------------
| rollout/                |            |
|    ep_len_mean          | 359        |
|    ep_rew_mean          | 125        |
| time/                   |            |
|    fps                  | 441        |
|    iterations           | 271        |
|    time_elapsed         | 1258       |
|    total_timesteps      | 555008     |
| train/                  |            |
|    approx_kl            | 0.02130344 |
|    clip_fraction        | 0.233      |
|    clip_range           | 0.2        |
|    entropy_loss         | -7.1       |
|    explained_variance   | 0.417      |
|    learning_rate        | 0.0003     |
|    loss                 | -0.0464    |
|    n_updates            | 2700       |
|    policy_gradient_loss | -0.0245    |
|    std                  | 1          |
|    value_loss           | 0.0855     |
----------------------------------------
----------------------------------------
| rollout/                |            |
|    ep_len_mean          | 359        |
|    ep_rew_mean          | 125        |
| time/                   |            |
|    fps                  | 440        |
|    iterations           | 272        |
|    time_elapsed         | 1263       |
|    total_timesteps      | 557056     |
| train/                  |            |
|    approx_kl            | 0.02310728 |
|    clip_fraction        | 0.222      |
|    clip_range           | 0.2        |
|    entropy_loss         | -7.08      |
|    explained_variance   | 0.622      |
|    learning_rate        | 0.0003     |
|    loss                 | -0.032     |
|    n_updates            | 2710       |
|    policy_gradient_loss | -0.0269    |
|    std                  | 0.999      |
|    value_loss           | 0.0622     |
----------------------------------------
-----------------------------------------
| rollout/                |             |
|    ep_len_mean          | 360         |
|    ep_rew_mean          | 125         |
| time/                   |             |
|    fps                  | 440         |
|    iterations           | 273         |
|    time_elapsed         | 1268        |
|    total_timesteps      | 559104      |
| train/                  |             |
|    approx_kl            | 0.023054136 |
|    clip_fraction        | 0.254       |
|    clip_range           | 0.2         |
|    entropy_loss         | -7.08       |
|    explained_variance   | 0.531       |
|    learning_rate        | 0.0003      |
|    loss                 | -0.0365     |
|    n_updates            | 2720        |
|    policy_gradient_loss | -0.0298     |
|    std                  | 1           |
|    value_loss           | 0.0905      |
-----------------------------------------
-----------------------------------------
| rollout/                |             |
|    ep_len_mean          | 365         |
|    ep_rew_mean          | 128         |
| time/                   |             |
|    fps                  | 440         |
|    iterations           | 274         |
|    time_elapsed         | 1274        |
|    total_timesteps      | 561152      |
| train/                  |             |
|    approx_kl            | 0.019746333 |
|    clip_fraction        | 0.237       |
|    clip_range           | 0.2         |
|    entropy_loss         | -7.08       |
|    explained_variance   | 0.398       |
|    learning_rate        | 0.0003      |
|    loss                 | -0.00247    |
|    n_updates            | 2730        |
|    policy_gradient_loss | -0.0251     |
|    std                  | 0.999       |
|    value_loss           | 0.194       |
-----------------------------------------
-----------------------------------------
| rollout/                |             |
|    ep_len_mean          | 365         |
|    ep_rew_mean          | 129         |
| time/                   |             |
|    fps                  | 440         |
|    iterations           | 275         |
|    time_elapsed         | 1279        |
|    total_timesteps      | 563200      |
| train/                  |             |
|    approx_kl            | 0.021885626 |
|    clip_fraction        | 0.253       |
|    clip_range           | 0.2         |
|    entropy_loss         | -7.08       |
|    explained_variance   | 0.48        |
|    learning_rate        | 0.0003      |
|    loss                 | -0.0174     |
|    n_updates            | 2740        |
|    policy_gradient_loss | -0.024      |
|    std                  | 1           |
|    value_loss           | 0.134       |
-----------------------------------------
-----------------------------------------
| rollout/                |             |
|    ep_len_mean          | 367         |
|    ep_rew_mean          | 129         |
| time/                   |             |
|    fps                  | 439         |
|    iterations           | 276         |
|    time_elapsed         | 1284        |
|    total_timesteps      | 565248      |
| train/                  |             |
|    approx_kl            | 0.021289205 |
|    clip_fraction        | 0.216       |
|    clip_range           | 0.2         |
|    entropy_loss         | -7.09       |
|    explained_variance   | 0.592       |
|    learning_rate        | 0.0003      |
|    loss                 | -0.0126     |
|    n_updates            | 2750        |
|    policy_gradient_loss | -0.0241     |
|    std                  | 1           |
|    value_loss           | 0.0859      |
-----------------------------------------
-----------------------------------------
| rollout/                |             |
|    ep_len_mean          | 367         |
|    ep_rew_mean          | 129         |
| time/                   |             |
|    fps                  | 439         |
|    iterations           | 277         |
|    time_elapsed         | 1289        |
|    total_timesteps      | 567296      |
| train/                  |             |
|    approx_kl            | 0.020541977 |
|    clip_fraction        | 0.228       |
|    clip_range           | 0.2         |
|    entropy_loss         | -7.09       |
|    explained_variance   | 0.595       |
|    learning_rate        | 0.0003      |
|    loss                 | -0.0282     |
|    n_updates            | 2760        |
|    policy_gradient_loss | -0.0272     |
|    std                  | 1           |
|    value_loss           | 0.0648      |
-----------------------------------------
-----------------------------------------
| rollout/                |             |
|    ep_len_mean          | 365         |
|    ep_rew_mean          | 128         |
| time/                   |             |
|    fps                  | 439         |
|    iterations           | 278         |
|    time_elapsed         | 1295        |
|    total_timesteps      | 569344      |
| train/                  |             |
|    approx_kl            | 0.018940102 |
|    clip_fraction        | 0.223       |
|    clip_range           | 0.2         |
|    entropy_loss         | -7.09       |
|    explained_variance   | 0.723       |
|    learning_rate        | 0.0003      |
|    loss                 | -0.0637     |
|    n_updates            | 2770        |
|    policy_gradient_loss | -0.0305     |
|    std                  | 1           |
|    value_loss           | 0.0501      |
-----------------------------------------
-----------------------------------------
| rollout/                |             |
|    ep_len_mean          | 365         |
|    ep_rew_mean          | 127         |
| time/                   |             |
|    fps                  | 439         |
|    iterations           | 279         |
|    time_elapsed         | 1300        |
|    total_timesteps      | 571392      |
| train/                  |             |
|    approx_kl            | 0.025067098 |
|    clip_fraction        | 0.263       |
|    clip_range           | 0.2         |
|    entropy_loss         | -7.09       |
|    explained_variance   | 0.49        |
|    learning_rate        | 0.0003      |
|    loss                 | -0.0118     |
|    n_updates            | 2780        |
|    policy_gradient_loss | -0.0307     |
|    std                  | 1           |
|    value_loss           | 0.146       |
-----------------------------------------
-----------------------------------------
| rollout/                |             |
|    ep_len_mean          | 365         |
|    ep_rew_mean          | 128         |
| time/                   |             |
|    fps                  | 438         |
|    iterations           | 280         |
|    time_elapsed         | 1306        |
|    total_timesteps      | 573440      |
| train/                  |             |
|    approx_kl            | 0.022460353 |
|    clip_fraction        | 0.232       |
|    clip_range           | 0.2         |
|    entropy_loss         | -7.1        |
|    explained_variance   | 0.432       |
|    learning_rate        | 0.0003      |
|    loss                 | -0.0263     |
|    n_updates            | 2790        |
|    policy_gradient_loss | -0.0284     |
|    std                  | 1           |
|    value_loss           | 0.148       |
-----------------------------------------
-----------------------------------------
| rollout/                |             |
|    ep_len_mean          | 365         |
|    ep_rew_mean          | 126         |
| time/                   |             |
|    fps                  | 439         |
|    iterations           | 281         |
|    time_elapsed         | 1310        |
|    total_timesteps      | 575488      |
| train/                  |             |
|    approx_kl            | 0.024851099 |
|    clip_fraction        | 0.237       |
|    clip_range           | 0.2         |
|    entropy_loss         | -7.1        |
|    explained_variance   | 0.528       |
|    learning_rate        | 0.0003      |
|    loss                 | -0.0248     |
|    n_updates            | 2800        |
|    policy_gradient_loss | -0.0273     |
|    std                  | 1           |
|    value_loss           | 0.0987      |
-----------------------------------------
-----------------------------------------
| rollout/                |             |
|    ep_len_mean          | 364         |
|    ep_rew_mean          | 126         |
| time/                   |             |
|    fps                  | 438         |
|    iterations           | 282         |
|    time_elapsed         | 1315        |
|    total_timesteps      | 577536      |
| train/                  |             |
|    approx_kl            | 0.022532538 |
|    clip_fraction        | 0.243       |
|    clip_range           | 0.2         |
|    entropy_loss         | -7.1        |
|    explained_variance   | 0.529       |
|    learning_rate        | 0.0003      |
|    loss                 | -0.0381     |
|    n_updates            | 2810        |
|    policy_gradient_loss | -0.0255     |
|    std                  | 1           |
|    value_loss           | 0.0643      |
-----------------------------------------
----------------------------------------
| rollout/                |            |
|    ep_len_mean          | 361        |
|    ep_rew_mean          | 125        |
| time/                   |            |
|    fps                  | 438        |
|    iterations           | 283        |
|    time_elapsed         | 1320       |
|    total_timesteps      | 579584     |
| train/                  |            |
|    approx_kl            | 0.01988306 |
|    clip_fraction        | 0.215      |
|    clip_range           | 0.2        |
|    entropy_loss         | -7.1       |
|    explained_variance   | 0.648      |
|    learning_rate        | 0.0003     |
|    loss                 | -0.0666    |
|    n_updates            | 2820       |
|    policy_gradient_loss | -0.0304    |
|    std                  | 1          |
|    value_loss           | 0.0649     |
----------------------------------------
-----------------------------------------
| rollout/                |             |
|    ep_len_mean          | 361         |
|    ep_rew_mean          | 125         |
| time/                   |             |
|    fps                  | 438         |
|    iterations           | 284         |
|    time_elapsed         | 1326        |
|    total_timesteps      | 581632      |
| train/                  |             |
|    approx_kl            | 0.020064633 |
|    clip_fraction        | 0.224       |
|    clip_range           | 0.2         |
|    entropy_loss         | -7.08       |
|    explained_variance   | 0.679       |
|    learning_rate        | 0.0003      |
|    loss                 | -0.0524     |
|    n_updates            | 2830        |
|    policy_gradient_loss | -0.0311     |
|    std                  | 0.999       |
|    value_loss           | 0.0708      |
-----------------------------------------
-----------------------------------------
| rollout/                |             |
|    ep_len_mean          | 363         |
|    ep_rew_mean          | 125         |
| time/                   |             |
|    fps                  | 438         |
|    iterations           | 285         |
|    time_elapsed         | 1331        |
|    total_timesteps      | 583680      |
| train/                  |             |
|    approx_kl            | 0.022246016 |
|    clip_fraction        | 0.235       |
|    clip_range           | 0.2         |
|    entropy_loss         | -7.09       |
|    explained_variance   | 0.629       |
|    learning_rate        | 0.0003      |
|    loss                 | -0.0365     |
|    n_updates            | 2840        |
|    policy_gradient_loss | -0.0255     |
|    std                  | 1           |
|    value_loss           | 0.102       |
-----------------------------------------
-----------------------------------------
| rollout/                |             |
|    ep_len_mean          | 365         |
|    ep_rew_mean          | 125         |
| time/                   |             |
|    fps                  | 438         |
|    iterations           | 286         |
|    time_elapsed         | 1336        |
|    total_timesteps      | 585728      |
| train/                  |             |
|    approx_kl            | 0.020545986 |
|    clip_fraction        | 0.215       |
|    clip_range           | 0.2         |
|    entropy_loss         | -7.11       |
|    explained_variance   | 0.519       |
|    learning_rate        | 0.0003      |
|    loss                 | -0.0321     |
|    n_updates            | 2850        |
|    policy_gradient_loss | -0.0259     |
|    std                  | 1.01        |
|    value_loss           | 0.114       |
-----------------------------------------
-----------------------------------------
| rollout/                |             |
|    ep_len_mean          | 365         |
|    ep_rew_mean          | 125         |
| time/                   |             |
|    fps                  | 438         |
|    iterations           | 287         |
|    time_elapsed         | 1341        |
|    total_timesteps      | 587776      |
| train/                  |             |
|    approx_kl            | 0.026579648 |
|    clip_fraction        | 0.26        |
|    clip_range           | 0.2         |
|    entropy_loss         | -7.12       |
|    explained_variance   | 0.308       |
|    learning_rate        | 0.0003      |
|    loss                 | -0.0425     |
|    n_updates            | 2860        |
|    policy_gradient_loss | -0.0284     |
|    std                  | 1.01        |
|    value_loss           | 0.112       |
-----------------------------------------
----------------------------------------
| rollout/                |            |
|    ep_len_mean          | 362        |
|    ep_rew_mean          | 123        |
| time/                   |            |
|    fps                  | 437        |
|    iterations           | 288        |
|    time_elapsed         | 1348       |
|    total_timesteps      | 589824     |
| train/                  |            |
|    approx_kl            | 0.01658854 |
|    clip_fraction        | 0.221      |
|    clip_range           | 0.2        |
|    entropy_loss         | -7.12      |
|    explained_variance   | 0.593      |
|    learning_rate        | 0.0003     |
|    loss                 | -0.0566    |
|    n_updates            | 2870       |
|    policy_gradient_loss | -0.0285    |
|    std                  | 1.01       |
|    value_loss           | 0.055      |
----------------------------------------
-----------------------------------------
| rollout/                |             |
|    ep_len_mean          | 363         |
|    ep_rew_mean          | 123         |
| time/                   |             |
|    fps                  | 436         |
|    iterations           | 289         |
|    time_elapsed         | 1355        |
|    total_timesteps      | 591872      |
| train/                  |             |
|    approx_kl            | 0.020388654 |
|    clip_fraction        | 0.251       |
|    clip_range           | 0.2         |
|    entropy_loss         | -7.11       |
|    explained_variance   | 0.267       |
|    learning_rate        | 0.0003      |
|    loss                 | -0.0457     |
|    n_updates            | 2880        |
|    policy_gradient_loss | -0.0305     |
|    std                  | 1.01        |
|    value_loss           | 0.0885      |
-----------------------------------------
-----------------------------------------
| rollout/                |             |
|    ep_len_mean          | 360         |
|    ep_rew_mean          | 121         |
| time/                   |             |
|    fps                  | 436         |
|    iterations           | 290         |
|    time_elapsed         | 1361        |
|    total_timesteps      | 593920      |
| train/                  |             |
|    approx_kl            | 0.024099227 |
|    clip_fraction        | 0.243       |
|    clip_range           | 0.2         |
|    entropy_loss         | -7.11       |
|    explained_variance   | 0.533       |
|    learning_rate        | 0.0003      |
|    loss                 | -0.0484     |
|    n_updates            | 2890        |
|    policy_gradient_loss | -0.0304     |
|    std                  | 1.01        |
|    value_loss           | 0.0835      |
-----------------------------------------
-----------------------------------------
| rollout/                |             |
|    ep_len_mean          | 360         |
|    ep_rew_mean          | 118         |
| time/                   |             |
|    fps                  | 436         |
|    iterations           | 291         |
|    time_elapsed         | 1366        |
|    total_timesteps      | 595968      |
| train/                  |             |
|    approx_kl            | 0.026184477 |
|    clip_fraction        | 0.229       |
|    clip_range           | 0.2         |
|    entropy_loss         | -7.12       |
|    explained_variance   | 0.433       |
|    learning_rate        | 0.0003      |
|    loss                 | -0.0236     |
|    n_updates            | 2900        |
|    policy_gradient_loss | -0.0323     |
|    std                  | 1.01        |
|    value_loss           | 0.113       |
-----------------------------------------
-----------------------------------------
| rollout/                |             |
|    ep_len_mean          | 360         |
|    ep_rew_mean          | 118         |
| time/                   |             |
|    fps                  | 435         |
|    iterations           | 292         |
|    time_elapsed         | 1372        |
|    total_timesteps      | 598016      |
| train/                  |             |
|    approx_kl            | 0.020069528 |
|    clip_fraction        | 0.245       |
|    clip_range           | 0.2         |
|    entropy_loss         | -7.13       |
|    explained_variance   | -0.0786     |
|    learning_rate        | 0.0003      |
|    loss                 | -0.0413     |
|    n_updates            | 2910        |
|    policy_gradient_loss | -0.027      |
|    std                  | 1.01        |
|    value_loss           | 0.0758      |
-----------------------------------------
---------------------------------------
| rollout/                |           |
|    ep_len_mean          | 360       |
|    ep_rew_mean          | 118       |
| time/                   |           |
|    fps                  | 435       |
|    iterations           | 293       |
|    time_elapsed         | 1378      |
|    total_timesteps      | 600064    |
| train/                  |           |
|    approx_kl            | 0.0213467 |
|    clip_fraction        | 0.249     |
|    clip_range           | 0.2       |
|    entropy_loss         | -7.11     |
|    explained_variance   | 0.153     |
|    learning_rate        | 0.0003    |
|    loss                 | -0.0262   |
|    n_updates            | 2920      |
|    policy_gradient_loss | -0.0276   |
|    std                  | 1         |
|    value_loss           | 0.104     |
---------------------------------------
-----------------------------------------
| rollout/                |             |
|    ep_len_mean          | 360         |
|    ep_rew_mean          | 119         |
| time/                   |             |
|    fps                  | 433         |
|    iterations           | 294         |
|    time_elapsed         | 1388        |
|    total_timesteps      | 602112      |
| train/                  |             |
|    approx_kl            | 0.019009657 |
|    clip_fraction        | 0.221       |
|    clip_range           | 0.2         |
|    entropy_loss         | -7.09       |
|    explained_variance   | 0.394       |
|    learning_rate        | 0.0003      |
|    loss                 | -0.0503     |
|    n_updates            | 2930        |
|    policy_gradient_loss | -0.0295     |
|    std                  | 1           |
|    value_loss           | 0.0478      |
-----------------------------------------
-----------------------------------------
| rollout/                |             |
|    ep_len_mean          | 361         |
|    ep_rew_mean          | 119         |
| time/                   |             |
|    fps                  | 432         |
|    iterations           | 295         |
|    time_elapsed         | 1395        |
|    total_timesteps      | 604160      |
| train/                  |             |
|    approx_kl            | 0.023127913 |
|    clip_fraction        | 0.244       |
|    clip_range           | 0.2         |
|    entropy_loss         | -7.08       |
|    explained_variance   | 0.458       |
|    learning_rate        | 0.0003      |
|    loss                 | -0.0332     |
|    n_updates            | 2940        |
|    policy_gradient_loss | -0.0318     |
|    std                  | 1           |
|    value_loss           | 0.0788      |
-----------------------------------------
-----------------------------------------
| rollout/                |             |
|    ep_len_mean          | 360         |
|    ep_rew_mean          | 119         |
| time/                   |             |
|    fps                  | 432         |
|    iterations           | 296         |
|    time_elapsed         | 1401        |
|    total_timesteps      | 606208      |
| train/                  |             |
|    approx_kl            | 0.022068897 |
|    clip_fraction        | 0.243       |
|    clip_range           | 0.2         |
|    entropy_loss         | -7.09       |
|    explained_variance   | 0.51        |
|    learning_rate        | 0.0003      |
|    loss                 | -0.0312     |
|    n_updates            | 2950        |
|    policy_gradient_loss | -0.0316     |
|    std                  | 1           |
|    value_loss           | 0.126       |
-----------------------------------------
---------------------------------------
| rollout/                |           |
|    ep_len_mean          | 356       |
|    ep_rew_mean          | 117       |
| time/                   |           |
|    fps                  | 432       |
|    iterations           | 297       |
|    time_elapsed         | 1406      |
|    total_timesteps      | 608256    |
| train/                  |           |
|    approx_kl            | 0.0274742 |
|    clip_fraction        | 0.28      |
|    clip_range           | 0.2       |
|    entropy_loss         | -7.09     |
|    explained_variance   | 0.542     |
|    learning_rate        | 0.0003    |
|    loss                 | -0.0454   |
|    n_updates            | 2960      |
|    policy_gradient_loss | -0.0334   |
|    std                  | 1         |
|    value_loss           | 0.105     |
---------------------------------------
-----------------------------------------
| rollout/                |             |
|    ep_len_mean          | 358         |
|    ep_rew_mean          | 118         |
| time/                   |             |
|    fps                  | 432         |
|    iterations           | 298         |
|    time_elapsed         | 1411        |
|    total_timesteps      | 610304      |
| train/                  |             |
|    approx_kl            | 0.021882083 |
|    clip_fraction        | 0.227       |
|    clip_range           | 0.2         |
|    entropy_loss         | -7.09       |
|    explained_variance   | 0.361       |
|    learning_rate        | 0.0003      |
|    loss                 | -0.0466     |
|    n_updates            | 2970        |
|    policy_gradient_loss | -0.0309     |
|    std                  | 1           |
|    value_loss           | 0.0993      |
-----------------------------------------
----------------------------------------
| rollout/                |            |
|    ep_len_mean          | 356        |
|    ep_rew_mean          | 117        |
| time/                   |            |
|    fps                  | 432        |
|    iterations           | 299        |
|    time_elapsed         | 1417       |
|    total_timesteps      | 612352     |
| train/                  |            |
|    approx_kl            | 0.01777134 |
|    clip_fraction        | 0.226      |
|    clip_range           | 0.2        |
|    entropy_loss         | -7.1       |
|    explained_variance   | 0.46       |
|    learning_rate        | 0.0003     |
|    loss                 | -0.0497    |
|    n_updates            | 2980       |
|    policy_gradient_loss | -0.0286    |
|    std                  | 1.01       |
|    value_loss           | 0.0714     |
----------------------------------------
----------------------------------------
| rollout/                |            |
|    ep_len_mean          | 357        |
|    ep_rew_mean          | 118        |
| time/                   |            |
|    fps                  | 431        |
|    iterations           | 300        |
|    time_elapsed         | 1422       |
|    total_timesteps      | 614400     |
| train/                  |            |
|    approx_kl            | 0.02298082 |
|    clip_fraction        | 0.234      |
|    clip_range           | 0.2        |
|    entropy_loss         | -7.12      |
|    explained_variance   | 0.397      |
|    learning_rate        | 0.0003     |
|    loss                 | -0.0544    |
|    n_updates            | 2990       |
|    policy_gradient_loss | -0.0303    |
|    std                  | 1.01       |
|    value_loss           | 0.0456     |
----------------------------------------
-----------------------------------------
| rollout/                |             |
|    ep_len_mean          | 360         |
|    ep_rew_mean          | 120         |
| time/                   |             |
|    fps                  | 431         |
|    iterations           | 301         |
|    time_elapsed         | 1427        |
|    total_timesteps      | 616448      |
| train/                  |             |
|    approx_kl            | 0.017102709 |
|    clip_fraction        | 0.192       |
|    clip_range           | 0.2         |
|    entropy_loss         | -7.12       |
|    explained_variance   | 0.412       |
|    learning_rate        | 0.0003      |
|    loss                 | -0.0489     |
|    n_updates            | 3000        |
|    policy_gradient_loss | -0.0249     |
|    std                  | 1.01        |
|    value_loss           | 0.0488      |
-----------------------------------------
-----------------------------------------
| rollout/                |             |
|    ep_len_mean          | 362         |
|    ep_rew_mean          | 120         |
| time/                   |             |
|    fps                  | 431         |
|    iterations           | 302         |
|    time_elapsed         | 1433        |
|    total_timesteps      | 618496      |
| train/                  |             |
|    approx_kl            | 0.023507724 |
|    clip_fraction        | 0.25        |
|    clip_range           | 0.2         |
|    entropy_loss         | -7.13       |
|    explained_variance   | 0.287       |
|    learning_rate        | 0.0003      |
|    loss                 | -0.0324     |
|    n_updates            | 3010        |
|    policy_gradient_loss | -0.0335     |
|    std                  | 1.01        |
|    value_loss           | 0.141       |
-----------------------------------------
-----------------------------------------
| rollout/                |             |
|    ep_len_mean          | 362         |
|    ep_rew_mean          | 120         |
| time/                   |             |
|    fps                  | 431         |
|    iterations           | 303         |
|    time_elapsed         | 1438        |
|    total_timesteps      | 620544      |
| train/                  |             |
|    approx_kl            | 0.020734409 |
|    clip_fraction        | 0.232       |
|    clip_range           | 0.2         |
|    entropy_loss         | -7.15       |
|    explained_variance   | 0.271       |
|    learning_rate        | 0.0003      |
|    loss                 | -0.0376     |
|    n_updates            | 3020        |
|    policy_gradient_loss | -0.0293     |
|    std                  | 1.02        |
|    value_loss           | 0.116       |
-----------------------------------------
-----------------------------------------
| rollout/                |             |
|    ep_len_mean          | 362         |
|    ep_rew_mean          | 120         |
| time/                   |             |
|    fps                  | 431         |
|    iterations           | 304         |
|    time_elapsed         | 1444        |
|    total_timesteps      | 622592      |
| train/                  |             |
|    approx_kl            | 0.019135766 |
|    clip_fraction        | 0.232       |
|    clip_range           | 0.2         |
|    entropy_loss         | -7.17       |
|    explained_variance   | 0.423       |
|    learning_rate        | 0.0003      |
|    loss                 | -0.0458     |
|    n_updates            | 3030        |
|    policy_gradient_loss | -0.0287     |
|    std                  | 1.02        |
|    value_loss           | 0.0883      |
-----------------------------------------
----------------------------------------
| rollout/                |            |
|    ep_len_mean          | 360        |
|    ep_rew_mean          | 119        |
| time/                   |            |
|    fps                  | 430        |
|    iterations           | 305        |
|    time_elapsed         | 1449       |
|    total_timesteps      | 624640     |
| train/                  |            |
|    approx_kl            | 0.01866104 |
|    clip_fraction        | 0.207      |
|    clip_range           | 0.2        |
|    entropy_loss         | -7.18      |
|    explained_variance   | 0.497      |
|    learning_rate        | 0.0003     |
|    loss                 | -0.05      |
|    n_updates            | 3040       |
|    policy_gradient_loss | -0.0246    |
|    std                  | 1.02       |
|    value_loss           | 0.0845     |
----------------------------------------
----------------------------------------
| rollout/                |            |
|    ep_len_mean          | 362        |
|    ep_rew_mean          | 115        |
| time/                   |            |
|    fps                  | 430        |
|    iterations           | 306        |
|    time_elapsed         | 1455       |
|    total_timesteps      | 626688     |
| train/                  |            |
|    approx_kl            | 0.01982735 |
|    clip_fraction        | 0.234      |
|    clip_range           | 0.2        |
|    entropy_loss         | -7.2       |
|    explained_variance   | 0.546      |
|    learning_rate        | 0.0003     |
|    loss                 | -0.0406    |
|    n_updates            | 3050       |
|    policy_gradient_loss | -0.0251    |
|    std                  | 1.03       |
|    value_loss           | 0.0823     |
----------------------------------------
-----------------------------------------
| rollout/                |             |
|    ep_len_mean          | 363         |
|    ep_rew_mean          | 116         |
| time/                   |             |
|    fps                  | 430         |
|    iterations           | 307         |
|    time_elapsed         | 1460        |
|    total_timesteps      | 628736      |
| train/                  |             |
|    approx_kl            | 0.020182624 |
|    clip_fraction        | 0.207       |
|    clip_range           | 0.2         |
|    entropy_loss         | -7.21       |
|    explained_variance   | 0.472       |
|    learning_rate        | 0.0003      |
|    loss                 | -0.0397     |
|    n_updates            | 3060        |
|    policy_gradient_loss | -0.0245     |
|    std                  | 1.03        |
|    value_loss           | 0.0893      |
-----------------------------------------
----------------------------------------
| rollout/                |            |
|    ep_len_mean          | 364        |
|    ep_rew_mean          | 116        |
| time/                   |            |
|    fps                  | 430        |
|    iterations           | 308        |
|    time_elapsed         | 1466       |
|    total_timesteps      | 630784     |
| train/                  |            |
|    approx_kl            | 0.02118526 |
|    clip_fraction        | 0.203      |
|    clip_range           | 0.2        |
|    entropy_loss         | -7.21      |
|    explained_variance   | 0.471      |
|    learning_rate        | 0.0003     |
|    loss                 | -0.0164    |
|    n_updates            | 3070       |
|    policy_gradient_loss | -0.0245    |
|    std                  | 1.03       |
|    value_loss           | 0.137      |
----------------------------------------
-----------------------------------------
| rollout/                |             |
|    ep_len_mean          | 364         |
|    ep_rew_mean          | 119         |
| time/                   |             |
|    fps                  | 430         |
|    iterations           | 309         |
|    time_elapsed         | 1471        |
|    total_timesteps      | 632832      |
| train/                  |             |
|    approx_kl            | 0.020663524 |
|    clip_fraction        | 0.24        |
|    clip_range           | 0.2         |
|    entropy_loss         | -7.22       |
|    explained_variance   | 0.453       |
|    learning_rate        | 0.0003      |
|    loss                 | -0.0307     |
|    n_updates            | 3080        |
|    policy_gradient_loss | -0.0287     |
|    std                  | 1.03        |
|    value_loss           | 0.0883      |
-----------------------------------------
-----------------------------------------
| rollout/                |             |
|    ep_len_mean          | 364         |
|    ep_rew_mean          | 119         |
| time/                   |             |
|    fps                  | 429         |
|    iterations           | 310         |
|    time_elapsed         | 1476        |
|    total_timesteps      | 634880      |
| train/                  |             |
|    approx_kl            | 0.020805035 |
|    clip_fraction        | 0.228       |
|    clip_range           | 0.2         |
|    entropy_loss         | -7.22       |
|    explained_variance   | 0.396       |
|    learning_rate        | 0.0003      |
|    loss                 | -0.0521     |
|    n_updates            | 3090        |
|    policy_gradient_loss | -0.0268     |
|    std                  | 1.03        |
|    value_loss           | 0.0823      |
-----------------------------------------
-----------------------------------------
| rollout/                |             |
|    ep_len_mean          | 361         |
|    ep_rew_mean          | 118         |
| time/                   |             |
|    fps                  | 429         |
|    iterations           | 311         |
|    time_elapsed         | 1482        |
|    total_timesteps      | 636928      |
| train/                  |             |
|    approx_kl            | 0.023844596 |
|    clip_fraction        | 0.239       |
|    clip_range           | 0.2         |
|    entropy_loss         | -7.23       |
|    explained_variance   | 0.504       |
|    learning_rate        | 0.0003      |
|    loss                 | -0.0335     |
|    n_updates            | 3100        |
|    policy_gradient_loss | -0.0328     |
|    std                  | 1.03        |
|    value_loss           | 0.0823      |
-----------------------------------------
-----------------------------------------
| rollout/                |             |
|    ep_len_mean          | 361         |
|    ep_rew_mean          | 118         |
| time/                   |             |
|    fps                  | 429         |
|    iterations           | 312         |
|    time_elapsed         | 1487        |
|    total_timesteps      | 638976      |
| train/                  |             |
|    approx_kl            | 0.022262372 |
|    clip_fraction        | 0.239       |
|    clip_range           | 0.2         |
|    entropy_loss         | -7.23       |
|    explained_variance   | 0.555       |
|    learning_rate        | 0.0003      |
|    loss                 | -0.0279     |
|    n_updates            | 3110        |
|    policy_gradient_loss | -0.0322     |
|    std                  | 1.03        |
|    value_loss           | 0.107       |
-----------------------------------------
-----------------------------------------
| rollout/                |             |
|    ep_len_mean          | 361         |
|    ep_rew_mean          | 118         |
| time/                   |             |
|    fps                  | 429         |
|    iterations           | 313         |
|    time_elapsed         | 1492        |
|    total_timesteps      | 641024      |
| train/                  |             |
|    approx_kl            | 0.021833185 |
|    clip_fraction        | 0.237       |
|    clip_range           | 0.2         |
|    entropy_loss         | -7.25       |
|    explained_variance   | 0.647       |
|    learning_rate        | 0.0003      |
|    loss                 | 0.0123      |
|    n_updates            | 3120        |
|    policy_gradient_loss | -0.0319     |
|    std                  | 1.04        |
|    value_loss           | 0.102       |
-----------------------------------------
-----------------------------------------
| rollout/                |             |
|    ep_len_mean          | 364         |
|    ep_rew_mean          | 119         |
| time/                   |             |
|    fps                  | 429         |
|    iterations           | 314         |
|    time_elapsed         | 1497        |
|    total_timesteps      | 643072      |
| train/                  |             |
|    approx_kl            | 0.020244267 |
|    clip_fraction        | 0.21        |
|    clip_range           | 0.2         |
|    entropy_loss         | -7.26       |
|    explained_variance   | 0.64        |
|    learning_rate        | 0.0003      |
|    loss                 | -0.029      |
|    n_updates            | 3130        |
|    policy_gradient_loss | -0.025      |
|    std                  | 1.04        |
|    value_loss           | 0.122       |
-----------------------------------------
----------------------------------------
| rollout/                |            |
|    ep_len_mean          | 364        |
|    ep_rew_mean          | 120        |
| time/                   |            |
|    fps                  | 429        |
|    iterations           | 315        |
|    time_elapsed         | 1502       |
|    total_timesteps      | 645120     |
| train/                  |            |
|    approx_kl            | 0.01737005 |
|    clip_fraction        | 0.206      |
|    clip_range           | 0.2        |
|    entropy_loss         | -7.25      |
|    explained_variance   | 0.602      |
|    learning_rate        | 0.0003     |
|    loss                 | -0.0268    |
|    n_updates            | 3140       |
|    policy_gradient_loss | -0.0246    |
|    std                  | 1.03       |
|    value_loss           | 0.104      |
----------------------------------------
-----------------------------------------
| rollout/                |             |
|    ep_len_mean          | 364         |
|    ep_rew_mean          | 119         |
| time/                   |             |
|    fps                  | 429         |
|    iterations           | 316         |
|    time_elapsed         | 1506        |
|    total_timesteps      | 647168      |
| train/                  |             |
|    approx_kl            | 0.019230267 |
|    clip_fraction        | 0.202       |
|    clip_range           | 0.2         |
|    entropy_loss         | -7.22       |
|    explained_variance   | 0.56        |
|    learning_rate        | 0.0003      |
|    loss                 | -0.0446     |
|    n_updates            | 3150        |
|    policy_gradient_loss | -0.0237     |
|    std                  | 1.03        |
|    value_loss           | 0.0767      |
-----------------------------------------
----------------------------------------
| rollout/                |            |
|    ep_len_mean          | 366        |
|    ep_rew_mean          | 120        |
| time/                   |            |
|    fps                  | 429        |
|    iterations           | 317        |
|    time_elapsed         | 1511       |
|    total_timesteps      | 649216     |
| train/                  |            |
|    approx_kl            | 0.02110172 |
|    clip_fraction        | 0.249      |
|    clip_range           | 0.2        |
|    entropy_loss         | -7.22      |
|    explained_variance   | 0.485      |
|    learning_rate        | 0.0003     |
|    loss                 | -0.0237    |
|    n_updates            | 3160       |
|    policy_gradient_loss | -0.0293    |
|    std                  | 1.03       |
|    value_loss           | 0.104      |
----------------------------------------
-----------------------------------------
| rollout/                |             |
|    ep_len_mean          | 366         |
|    ep_rew_mean          | 120         |
| time/                   |             |
|    fps                  | 429         |
|    iterations           | 318         |
|    time_elapsed         | 1517        |
|    total_timesteps      | 651264      |
| train/                  |             |
|    approx_kl            | 0.025739152 |
|    clip_fraction        | 0.259       |
|    clip_range           | 0.2         |
|    entropy_loss         | -7.22       |
|    explained_variance   | 0.293       |
|    learning_rate        | 0.0003      |
|    loss                 | -0.0251     |
|    n_updates            | 3170        |
|    policy_gradient_loss | -0.0305     |
|    std                  | 1.03        |
|    value_loss           | 0.135       |
-----------------------------------------
-----------------------------------------
| rollout/                |             |
|    ep_len_mean          | 363         |
|    ep_rew_mean          | 115         |
| time/                   |             |
|    fps                  | 429         |
|    iterations           | 319         |
|    time_elapsed         | 1521        |
|    total_timesteps      | 653312      |
| train/                  |             |
|    approx_kl            | 0.022291759 |
|    clip_fraction        | 0.26        |
|    clip_range           | 0.2         |
|    entropy_loss         | -7.21       |
|    explained_variance   | 0.615       |
|    learning_rate        | 0.0003      |
|    loss                 | -0.0397     |
|    n_updates            | 3180        |
|    policy_gradient_loss | -0.0308     |
|    std                  | 1.03        |
|    value_loss           | 0.0888      |
-----------------------------------------
-----------------------------------------
| rollout/                |             |
|    ep_len_mean          | 363         |
|    ep_rew_mean          | 116         |
| time/                   |             |
|    fps                  | 429         |
|    iterations           | 320         |
|    time_elapsed         | 1527        |
|    total_timesteps      | 655360      |
| train/                  |             |
|    approx_kl            | 0.022856954 |
|    clip_fraction        | 0.274       |
|    clip_range           | 0.2         |
|    entropy_loss         | -7.19       |
|    explained_variance   | 0.348       |
|    learning_rate        | 0.0003      |
|    loss                 | 0.0196      |
|    n_updates            | 3190        |
|    policy_gradient_loss | -0.0307     |
|    std                  | 1.02        |
|    value_loss           | 0.183       |
-----------------------------------------
-----------------------------------------
| rollout/                |             |
|    ep_len_mean          | 363         |
|    ep_rew_mean          | 116         |
| time/                   |             |
|    fps                  | 428         |
|    iterations           | 321         |
|    time_elapsed         | 1532        |
|    total_timesteps      | 657408      |
| train/                  |             |
|    approx_kl            | 0.023496106 |
|    clip_fraction        | 0.246       |
|    clip_range           | 0.2         |
|    entropy_loss         | -7.16       |
|    explained_variance   | 0.231       |
|    learning_rate        | 0.0003      |
|    loss                 | -0.0495     |
|    n_updates            | 3200        |
|    policy_gradient_loss | -0.0305     |
|    std                  | 1.01        |
|    value_loss           | 0.0882      |
-----------------------------------------
-----------------------------------------
| rollout/                |             |
|    ep_len_mean          | 363         |
|    ep_rew_mean          | 116         |
| time/                   |             |
|    fps                  | 428         |
|    iterations           | 322         |
|    time_elapsed         | 1537        |
|    total_timesteps      | 659456      |
| train/                  |             |
|    approx_kl            | 0.024113685 |
|    clip_fraction        | 0.232       |
|    clip_range           | 0.2         |
|    entropy_loss         | -7.15       |
|    explained_variance   | 0.505       |
|    learning_rate        | 0.0003      |
|    loss                 | -0.0519     |
|    n_updates            | 3210        |
|    policy_gradient_loss | -0.0254     |
|    std                  | 1.01        |
|    value_loss           | 0.0571      |
-----------------------------------------
-----------------------------------------
| rollout/                |             |
|    ep_len_mean          | 365         |
|    ep_rew_mean          | 117         |
| time/                   |             |
|    fps                  | 428         |
|    iterations           | 323         |
|    time_elapsed         | 1543        |
|    total_timesteps      | 661504      |
| train/                  |             |
|    approx_kl            | 0.018936466 |
|    clip_fraction        | 0.23        |
|    clip_range           | 0.2         |
|    entropy_loss         | -7.16       |
|    explained_variance   | 0.46        |
|    learning_rate        | 0.0003      |
|    loss                 | -0.0365     |
|    n_updates            | 3220        |
|    policy_gradient_loss | -0.0264     |
|    std                  | 1.02        |
|    value_loss           | 0.0807      |
-----------------------------------------
-----------------------------------------
| rollout/                |             |
|    ep_len_mean          | 365         |
|    ep_rew_mean          | 122         |
| time/                   |             |
|    fps                  | 428         |
|    iterations           | 324         |
|    time_elapsed         | 1549        |
|    total_timesteps      | 663552      |
| train/                  |             |
|    approx_kl            | 0.029497566 |
|    clip_fraction        | 0.278       |
|    clip_range           | 0.2         |
|    entropy_loss         | -7.19       |
|    explained_variance   | 0.638       |
|    learning_rate        | 0.0003      |
|    loss                 | -0.0519     |
|    n_updates            | 3230        |
|    policy_gradient_loss | -0.0333     |
|    std                  | 1.02        |
|    value_loss           | 0.0819      |
-----------------------------------------
-----------------------------------------
| rollout/                |             |
|    ep_len_mean          | 365         |
|    ep_rew_mean          | 122         |
| time/                   |             |
|    fps                  | 428         |
|    iterations           | 325         |
|    time_elapsed         | 1554        |
|    total_timesteps      | 665600      |
| train/                  |             |
|    approx_kl            | 0.021486418 |
|    clip_fraction        | 0.254       |
|    clip_range           | 0.2         |
|    entropy_loss         | -7.2        |
|    explained_variance   | 0.706       |
|    learning_rate        | 0.0003      |
|    loss                 | -0.0515     |
|    n_updates            | 3240        |
|    policy_gradient_loss | -0.0271     |
|    std                  | 1.02        |
|    value_loss           | 0.074       |
-----------------------------------------
-----------------------------------------
| rollout/                |             |
|    ep_len_mean          | 365         |
|    ep_rew_mean          | 122         |
| time/                   |             |
|    fps                  | 427         |
|    iterations           | 326         |
|    time_elapsed         | 1560        |
|    total_timesteps      | 667648      |
| train/                  |             |
|    approx_kl            | 0.022387154 |
|    clip_fraction        | 0.258       |
|    clip_range           | 0.2         |
|    entropy_loss         | -7.2        |
|    explained_variance   | 0.556       |
|    learning_rate        | 0.0003      |
|    loss                 | -0.0349     |
|    n_updates            | 3250        |
|    policy_gradient_loss | -0.0308     |
|    std                  | 1.03        |
|    value_loss           | 0.13        |
-----------------------------------------
-----------------------------------------
| rollout/                |             |
|    ep_len_mean          | 365         |
|    ep_rew_mean          | 122         |
| time/                   |             |
|    fps                  | 427         |
|    iterations           | 327         |
|    time_elapsed         | 1565        |
|    total_timesteps      | 669696      |
| train/                  |             |
|    approx_kl            | 0.022278532 |
|    clip_fraction        | 0.235       |
|    clip_range           | 0.2         |
|    entropy_loss         | -7.21       |
|    explained_variance   | 0.597       |
|    learning_rate        | 0.0003      |
|    loss                 | -0.0381     |
|    n_updates            | 3260        |
|    policy_gradient_loss | -0.0298     |
|    std                  | 1.03        |
|    value_loss           | 0.0898      |
-----------------------------------------
----------------------------------------
| rollout/                |            |
|    ep_len_mean          | 363        |
|    ep_rew_mean          | 120        |
| time/                   |            |
|    fps                  | 427        |
|    iterations           | 328        |
|    time_elapsed         | 1571       |
|    total_timesteps      | 671744     |
| train/                  |            |
|    approx_kl            | 0.02374442 |
|    clip_fraction        | 0.235      |
|    clip_range           | 0.2        |
|    entropy_loss         | -7.2       |
|    explained_variance   | 0.556      |
|    learning_rate        | 0.0003     |
|    loss                 | -0.0581    |
|    n_updates            | 3270       |
|    policy_gradient_loss | -0.0334    |
|    std                  | 1.02       |
|    value_loss           | 0.0595     |
----------------------------------------
----------------------------------------
| rollout/                |            |
|    ep_len_mean          | 362        |
|    ep_rew_mean          | 119        |
| time/                   |            |
|    fps                  | 427        |
|    iterations           | 329        |
|    time_elapsed         | 1576       |
|    total_timesteps      | 673792     |
| train/                  |            |
|    approx_kl            | 0.02002613 |
|    clip_fraction        | 0.236      |
|    clip_range           | 0.2        |
|    entropy_loss         | -7.19      |
|    explained_variance   | 0.611      |
|    learning_rate        | 0.0003     |
|    loss                 | -0.033     |
|    n_updates            | 3280       |
|    policy_gradient_loss | -0.0284    |
|    std                  | 1.02       |
|    value_loss           | 0.0998     |
----------------------------------------
-----------------------------------------
| rollout/                |             |
|    ep_len_mean          | 364         |
|    ep_rew_mean          | 120         |
| time/                   |             |
|    fps                  | 427         |
|    iterations           | 330         |
|    time_elapsed         | 1582        |
|    total_timesteps      | 675840      |
| train/                  |             |
|    approx_kl            | 0.022211727 |
|    clip_fraction        | 0.258       |
|    clip_range           | 0.2         |
|    entropy_loss         | -7.2        |
|    explained_variance   | 0.596       |
|    learning_rate        | 0.0003      |
|    loss                 | -0.0267     |
|    n_updates            | 3290        |
|    policy_gradient_loss | -0.0293     |
|    std                  | 1.03        |
|    value_loss           | 0.0897      |
-----------------------------------------
-----------------------------------------
| rollout/                |             |
|    ep_len_mean          | 365         |
|    ep_rew_mean          | 118         |
| time/                   |             |
|    fps                  | 426         |
|    iterations           | 331         |
|    time_elapsed         | 1587        |
|    total_timesteps      | 677888      |
| train/                  |             |
|    approx_kl            | 0.019598735 |
|    clip_fraction        | 0.213       |
|    clip_range           | 0.2         |
|    entropy_loss         | -7.21       |
|    explained_variance   | 0.611       |
|    learning_rate        | 0.0003      |
|    loss                 | -0.0583     |
|    n_updates            | 3300        |
|    policy_gradient_loss | -0.0297     |
|    std                  | 1.03        |
|    value_loss           | 0.0853      |
-----------------------------------------
-----------------------------------------
| rollout/                |             |
|    ep_len_mean          | 364         |
|    ep_rew_mean          | 118         |
| time/                   |             |
|    fps                  | 426         |
|    iterations           | 332         |
|    time_elapsed         | 1593        |
|    total_timesteps      | 679936      |
| train/                  |             |
|    approx_kl            | 0.020818695 |
|    clip_fraction        | 0.216       |
|    clip_range           | 0.2         |
|    entropy_loss         | -7.21       |
|    explained_variance   | 0.381       |
|    learning_rate        | 0.0003      |
|    loss                 | -0.0387     |
|    n_updates            | 3310        |
|    policy_gradient_loss | -0.0258     |
|    std                  | 1.03        |
|    value_loss           | 0.0988      |
-----------------------------------------
-----------------------------------------
| rollout/                |             |
|    ep_len_mean          | 364         |
|    ep_rew_mean          | 118         |
| time/                   |             |
|    fps                  | 426         |
|    iterations           | 333         |
|    time_elapsed         | 1598        |
|    total_timesteps      | 681984      |
| train/                  |             |
|    approx_kl            | 0.022740103 |
|    clip_fraction        | 0.244       |
|    clip_range           | 0.2         |
|    entropy_loss         | -7.2        |
|    explained_variance   | 0.258       |
|    learning_rate        | 0.0003      |
|    loss                 | -0.0222     |
|    n_updates            | 3320        |
|    policy_gradient_loss | -0.0293     |
|    std                  | 1.02        |
|    value_loss           | 0.115       |
-----------------------------------------
----------------------------------------
| rollout/                |            |
|    ep_len_mean          | 364        |
|    ep_rew_mean          | 118        |
| time/                   |            |
|    fps                  | 426        |
|    iterations           | 334        |
|    time_elapsed         | 1603       |
|    total_timesteps      | 684032     |
| train/                  |            |
|    approx_kl            | 0.02253499 |
|    clip_fraction        | 0.238      |
|    clip_range           | 0.2        |
|    entropy_loss         | -7.19      |
|    explained_variance   | 0.477      |
|    learning_rate        | 0.0003     |
|    loss                 | -0.0585    |
|    n_updates            | 3330       |
|    policy_gradient_loss | -0.0291    |
|    std                  | 1.02       |
|    value_loss           | 0.0473     |
----------------------------------------
-----------------------------------------
| rollout/                |             |
|    ep_len_mean          | 362         |
|    ep_rew_mean          | 115         |
| time/                   |             |
|    fps                  | 426         |
|    iterations           | 335         |
|    time_elapsed         | 1609        |
|    total_timesteps      | 686080      |
| train/                  |             |
|    approx_kl            | 0.021905946 |
|    clip_fraction        | 0.249       |
|    clip_range           | 0.2         |
|    entropy_loss         | -7.18       |
|    explained_variance   | 0.297       |
|    learning_rate        | 0.0003      |
|    loss                 | -0.0543     |
|    n_updates            | 3340        |
|    policy_gradient_loss | -0.0306     |
|    std                  | 1.02        |
|    value_loss           | 0.0887      |
-----------------------------------------
-----------------------------------------
| rollout/                |             |
|    ep_len_mean          | 366         |
|    ep_rew_mean          | 119         |
| time/                   |             |
|    fps                  | 426         |
|    iterations           | 336         |
|    time_elapsed         | 1614        |
|    total_timesteps      | 688128      |
| train/                  |             |
|    approx_kl            | 0.021478847 |
|    clip_fraction        | 0.241       |
|    clip_range           | 0.2         |
|    entropy_loss         | -7.17       |
|    explained_variance   | 0.347       |
|    learning_rate        | 0.0003      |
|    loss                 | -0.0185     |
|    n_updates            | 3350        |
|    policy_gradient_loss | -0.0294     |
|    std                  | 1.02        |
|    value_loss           | 0.0996      |
-----------------------------------------
----------------------------------------
| rollout/                |            |
|    ep_len_mean          | 366        |
|    ep_rew_mean          | 120        |
| time/                   |            |
|    fps                  | 426        |
|    iterations           | 337        |
|    time_elapsed         | 1619       |
|    total_timesteps      | 690176     |
| train/                  |            |
|    approx_kl            | 0.02282682 |
|    clip_fraction        | 0.228      |
|    clip_range           | 0.2        |
|    entropy_loss         | -7.17      |
|    explained_variance   | 0.397      |
|    learning_rate        | 0.0003     |
|    loss                 | -0.0338    |
|    n_updates            | 3360       |
|    policy_gradient_loss | -0.0307    |
|    std                  | 1.02       |
|    value_loss           | 0.0945     |
----------------------------------------
-----------------------------------------
| rollout/                |             |
|    ep_len_mean          | 366         |
|    ep_rew_mean          | 119         |
| time/                   |             |
|    fps                  | 426         |
|    iterations           | 338         |
|    time_elapsed         | 1624        |
|    total_timesteps      | 692224      |
| train/                  |             |
|    approx_kl            | 0.020818187 |
|    clip_fraction        | 0.259       |
|    clip_range           | 0.2         |
|    entropy_loss         | -7.16       |
|    explained_variance   | 0.322       |
|    learning_rate        | 0.0003      |
|    loss                 | -0.0481     |
|    n_updates            | 3370        |
|    policy_gradient_loss | -0.0322     |
|    std                  | 1.01        |
|    value_loss           | 0.0956      |
-----------------------------------------
----------------------------------------
| rollout/                |            |
|    ep_len_mean          | 366        |
|    ep_rew_mean          | 119        |
| time/                   |            |
|    fps                  | 426        |
|    iterations           | 339        |
|    time_elapsed         | 1629       |
|    total_timesteps      | 694272     |
| train/                  |            |
|    approx_kl            | 0.01978945 |
|    clip_fraction        | 0.226      |
|    clip_range           | 0.2        |
|    entropy_loss         | -7.15      |
|    explained_variance   | 0.528      |
|    learning_rate        | 0.0003     |
|    loss                 | -0.0261    |
|    n_updates            | 3380       |
|    policy_gradient_loss | -0.0277    |
|    std                  | 1.02       |
|    value_loss           | 0.0797     |
----------------------------------------
-----------------------------------------
| rollout/                |             |
|    ep_len_mean          | 365         |
|    ep_rew_mean          | 120         |
| time/                   |             |
|    fps                  | 425         |
|    iterations           | 340         |
|    time_elapsed         | 1635        |
|    total_timesteps      | 696320      |
| train/                  |             |
|    approx_kl            | 0.024601541 |
|    clip_fraction        | 0.241       |
|    clip_range           | 0.2         |
|    entropy_loss         | -7.15       |
|    explained_variance   | 0.486       |
|    learning_rate        | 0.0003      |
|    loss                 | -0.0616     |
|    n_updates            | 3390        |
|    policy_gradient_loss | -0.0293     |
|    std                  | 1.01        |
|    value_loss           | 0.0609      |
-----------------------------------------
-----------------------------------------
| rollout/                |             |
|    ep_len_mean          | 365         |
|    ep_rew_mean          | 120         |
| time/                   |             |
|    fps                  | 425         |
|    iterations           | 341         |
|    time_elapsed         | 1641        |
|    total_timesteps      | 698368      |
| train/                  |             |
|    approx_kl            | 0.027123949 |
|    clip_fraction        | 0.264       |
|    clip_range           | 0.2         |
|    entropy_loss         | -7.13       |
|    explained_variance   | 0.468       |
|    learning_rate        | 0.0003      |
|    loss                 | -0.042      |
|    n_updates            | 3400        |
|    policy_gradient_loss | -0.0306     |
|    std                  | 1.01        |
|    value_loss           | 0.122       |
-----------------------------------------
-----------------------------------------
| rollout/                |             |
|    ep_len_mean          | 365         |
|    ep_rew_mean          | 120         |
| time/                   |             |
|    fps                  | 425         |
|    iterations           | 342         |
|    time_elapsed         | 1646        |
|    total_timesteps      | 700416      |
| train/                  |             |
|    approx_kl            | 0.019820478 |
|    clip_fraction        | 0.227       |
|    clip_range           | 0.2         |
|    entropy_loss         | -7.13       |
|    explained_variance   | 0.366       |
|    learning_rate        | 0.0003      |
|    loss                 | -0.0587     |
|    n_updates            | 3410        |
|    policy_gradient_loss | -0.0295     |
|    std                  | 1.01        |
|    value_loss           | 0.0844      |
-----------------------------------------
-----------------------------------------
| rollout/                |             |
|    ep_len_mean          | 365         |
|    ep_rew_mean          | 121         |
| time/                   |             |
|    fps                  | 425         |
|    iterations           | 343         |
|    time_elapsed         | 1652        |
|    total_timesteps      | 702464      |
| train/                  |             |
|    approx_kl            | 0.021606915 |
|    clip_fraction        | 0.225       |
|    clip_range           | 0.2         |
|    entropy_loss         | -7.13       |
|    explained_variance   | 0.545       |
|    learning_rate        | 0.0003      |
|    loss                 | -0.0614     |
|    n_updates            | 3420        |
|    policy_gradient_loss | -0.0275     |
|    std                  | 1.01        |
|    value_loss           | 0.081       |
-----------------------------------------
-----------------------------------------
| rollout/                |             |
|    ep_len_mean          | 359         |
|    ep_rew_mean          | 119         |
| time/                   |             |
|    fps                  | 424         |
|    iterations           | 344         |
|    time_elapsed         | 1658        |
|    total_timesteps      | 704512      |
| train/                  |             |
|    approx_kl            | 0.022366216 |
|    clip_fraction        | 0.227       |
|    clip_range           | 0.2         |
|    entropy_loss         | -7.14       |
|    explained_variance   | 0.412       |
|    learning_rate        | 0.0003      |
|    loss                 | -0.0345     |
|    n_updates            | 3430        |
|    policy_gradient_loss | -0.0316     |
|    std                  | 1.01        |
|    value_loss           | 0.144       |
-----------------------------------------
-----------------------------------------
| rollout/                |             |
|    ep_len_mean          | 359         |
|    ep_rew_mean          | 119         |
| time/                   |             |
|    fps                  | 424         |
|    iterations           | 345         |
|    time_elapsed         | 1662        |
|    total_timesteps      | 706560      |
| train/                  |             |
|    approx_kl            | 0.022799227 |
|    clip_fraction        | 0.241       |
|    clip_range           | 0.2         |
|    entropy_loss         | -7.15       |
|    explained_variance   | 0.54        |
|    learning_rate        | 0.0003      |
|    loss                 | -0.026      |
|    n_updates            | 3440        |
|    policy_gradient_loss | -0.0277     |
|    std                  | 1.02        |
|    value_loss           | 0.123       |
-----------------------------------------
----------------------------------------
| rollout/                |            |
|    ep_len_mean          | 362        |
|    ep_rew_mean          | 121        |
| time/                   |            |
|    fps                  | 424        |
|    iterations           | 346        |
|    time_elapsed         | 1667       |
|    total_timesteps      | 708608     |
| train/                  |            |
|    approx_kl            | 0.02285074 |
|    clip_fraction        | 0.248      |
|    clip_range           | 0.2        |
|    entropy_loss         | -7.16      |
|    explained_variance   | 0.516      |
|    learning_rate        | 0.0003     |
|    loss                 | -0.0564    |
|    n_updates            | 3450       |
|    policy_gradient_loss | -0.0263    |
|    std                  | 1.01       |
|    value_loss           | 0.067      |
----------------------------------------
-----------------------------------------
| rollout/                |             |
|    ep_len_mean          | 361         |
|    ep_rew_mean          | 120         |
| time/                   |             |
|    fps                  | 424         |
|    iterations           | 347         |
|    time_elapsed         | 1673        |
|    total_timesteps      | 710656      |
| train/                  |             |
|    approx_kl            | 0.022021515 |
|    clip_fraction        | 0.24        |
|    clip_range           | 0.2         |
|    entropy_loss         | -7.14       |
|    explained_variance   | 0.0656      |
|    learning_rate        | 0.0003      |
|    loss                 | -0.0581     |
|    n_updates            | 3460        |
|    policy_gradient_loss | -0.0315     |
|    std                  | 1.01        |
|    value_loss           | 0.0828      |
-----------------------------------------
-----------------------------------------
| rollout/                |             |
|    ep_len_mean          | 361         |
|    ep_rew_mean          | 120         |
| time/                   |             |
|    fps                  | 424         |
|    iterations           | 348         |
|    time_elapsed         | 1679        |
|    total_timesteps      | 712704      |
| train/                  |             |
|    approx_kl            | 0.024626143 |
|    clip_fraction        | 0.221       |
|    clip_range           | 0.2         |
|    entropy_loss         | -7.14       |
|    explained_variance   | 0.547       |
|    learning_rate        | 0.0003      |
|    loss                 | -0.0569     |
|    n_updates            | 3470        |
|    policy_gradient_loss | -0.0317     |
|    std                  | 1.01        |
|    value_loss           | 0.0753      |
-----------------------------------------
-----------------------------------------
| rollout/                |             |
|    ep_len_mean          | 361         |
|    ep_rew_mean          | 122         |
| time/                   |             |
|    fps                  | 424         |
|    iterations           | 349         |
|    time_elapsed         | 1684        |
|    total_timesteps      | 714752      |
| train/                  |             |
|    approx_kl            | 0.025068056 |
|    clip_fraction        | 0.262       |
|    clip_range           | 0.2         |
|    entropy_loss         | -7.14       |
|    explained_variance   | 0.459       |
|    learning_rate        | 0.0003      |
|    loss                 | -0.0379     |
|    n_updates            | 3480        |
|    policy_gradient_loss | -0.0317     |
|    std                  | 1.01        |
|    value_loss           | 0.125       |
-----------------------------------------
-----------------------------------------
| rollout/                |             |
|    ep_len_mean          | 359         |
|    ep_rew_mean          | 122         |
| time/                   |             |
|    fps                  | 424         |
|    iterations           | 350         |
|    time_elapsed         | 1690        |
|    total_timesteps      | 716800      |
| train/                  |             |
|    approx_kl            | 0.019711468 |
|    clip_fraction        | 0.219       |
|    clip_range           | 0.2         |
|    entropy_loss         | -7.14       |
|    explained_variance   | 0.517       |
|    learning_rate        | 0.0003      |
|    loss                 | -0.0296     |
|    n_updates            | 3490        |
|    policy_gradient_loss | -0.0283     |
|    std                  | 1.01        |
|    value_loss           | 0.101       |
-----------------------------------------
-----------------------------------------
| rollout/                |             |
|    ep_len_mean          | 359         |
|    ep_rew_mean          | 124         |
| time/                   |             |
|    fps                  | 423         |
|    iterations           | 351         |
|    time_elapsed         | 1695        |
|    total_timesteps      | 718848      |
| train/                  |             |
|    approx_kl            | 0.021626957 |
|    clip_fraction        | 0.235       |
|    clip_range           | 0.2         |
|    entropy_loss         | -7.15       |
|    explained_variance   | 0.44        |
|    learning_rate        | 0.0003      |
|    loss                 | -0.00165    |
|    n_updates            | 3500        |
|    policy_gradient_loss | -0.0326     |
|    std                  | 1.01        |
|    value_loss           | 0.154       |
-----------------------------------------
-----------------------------------------
| rollout/                |             |
|    ep_len_mean          | 359         |
|    ep_rew_mean          | 125         |
| time/                   |             |
|    fps                  | 423         |
|    iterations           | 352         |
|    time_elapsed         | 1701        |
|    total_timesteps      | 720896      |
| train/                  |             |
|    approx_kl            | 0.020033956 |
|    clip_fraction        | 0.247       |
|    clip_range           | 0.2         |
|    entropy_loss         | -7.14       |
|    explained_variance   | 0.58        |
|    learning_rate        | 0.0003      |
|    loss                 | -0.0349     |
|    n_updates            | 3510        |
|    policy_gradient_loss | -0.0314     |
|    std                  | 1.01        |
|    value_loss           | 0.0781      |
-----------------------------------------
-----------------------------------------
| rollout/                |             |
|    ep_len_mean          | 356         |
|    ep_rew_mean          | 123         |
| time/                   |             |
|    fps                  | 423         |
|    iterations           | 353         |
|    time_elapsed         | 1706        |
|    total_timesteps      | 722944      |
| train/                  |             |
|    approx_kl            | 0.021136299 |
|    clip_fraction        | 0.237       |
|    clip_range           | 0.2         |
|    entropy_loss         | -7.13       |
|    explained_variance   | 0.805       |
|    learning_rate        | 0.0003      |
|    loss                 | -0.0699     |
|    n_updates            | 3520        |
|    policy_gradient_loss | -0.0325     |
|    std                  | 1.01        |
|    value_loss           | 0.0432      |
-----------------------------------------
-----------------------------------------
| rollout/                |             |
|    ep_len_mean          | 355         |
|    ep_rew_mean          | 122         |
| time/                   |             |
|    fps                  | 423         |
|    iterations           | 354         |
|    time_elapsed         | 1711        |
|    total_timesteps      | 724992      |
| train/                  |             |
|    approx_kl            | 0.023543034 |
|    clip_fraction        | 0.232       |
|    clip_range           | 0.2         |
|    entropy_loss         | -7.12       |
|    explained_variance   | 0.428       |
|    learning_rate        | 0.0003      |
|    loss                 | -0.0223     |
|    n_updates            | 3530        |
|    policy_gradient_loss | -0.0281     |
|    std                  | 1.01        |
|    value_loss           | 0.109       |
-----------------------------------------
-----------------------------------------
| rollout/                |             |
|    ep_len_mean          | 354         |
|    ep_rew_mean          | 122         |
| time/                   |             |
|    fps                  | 423         |
|    iterations           | 355         |
|    time_elapsed         | 1717        |
|    total_timesteps      | 727040      |
| train/                  |             |
|    approx_kl            | 0.026010454 |
|    clip_fraction        | 0.278       |
|    clip_range           | 0.2         |
|    entropy_loss         | -7.11       |
|    explained_variance   | 0.582       |
|    learning_rate        | 0.0003      |
|    loss                 | -0.0262     |
|    n_updates            | 3540        |
|    policy_gradient_loss | -0.0288     |
|    std                  | 1           |
|    value_loss           | 0.108       |
-----------------------------------------
-----------------------------------------
| rollout/                |             |
|    ep_len_mean          | 353         |
|    ep_rew_mean          | 122         |
| time/                   |             |
|    fps                  | 423         |
|    iterations           | 356         |
|    time_elapsed         | 1722        |
|    total_timesteps      | 729088      |
| train/                  |             |
|    approx_kl            | 0.019441836 |
|    clip_fraction        | 0.206       |
|    clip_range           | 0.2         |
|    entropy_loss         | -7.09       |
|    explained_variance   | 0.614       |
|    learning_rate        | 0.0003      |
|    loss                 | -0.0545     |
|    n_updates            | 3550        |
|    policy_gradient_loss | -0.0309     |
|    std                  | 1           |
|    value_loss           | 0.0556      |
-----------------------------------------
-----------------------------------------
| rollout/                |             |
|    ep_len_mean          | 351         |
|    ep_rew_mean          | 121         |
| time/                   |             |
|    fps                  | 423         |
|    iterations           | 357         |
|    time_elapsed         | 1727        |
|    total_timesteps      | 731136      |
| train/                  |             |
|    approx_kl            | 0.020698253 |
|    clip_fraction        | 0.247       |
|    clip_range           | 0.2         |
|    entropy_loss         | -7.09       |
|    explained_variance   | 0.496       |
|    learning_rate        | 0.0003      |
|    loss                 | -0.0276     |
|    n_updates            | 3560        |
|    policy_gradient_loss | -0.0314     |
|    std                  | 1           |
|    value_loss           | 0.137       |
-----------------------------------------
-----------------------------------------
| rollout/                |             |
|    ep_len_mean          | 351         |
|    ep_rew_mean          | 121         |
| time/                   |             |
|    fps                  | 423         |
|    iterations           | 358         |
|    time_elapsed         | 1732        |
|    total_timesteps      | 733184      |
| train/                  |             |
|    approx_kl            | 0.018865574 |
|    clip_fraction        | 0.248       |
|    clip_range           | 0.2         |
|    entropy_loss         | -7.1        |
|    explained_variance   | 0.46        |
|    learning_rate        | 0.0003      |
|    loss                 | -0.0453     |
|    n_updates            | 3570        |
|    policy_gradient_loss | -0.0295     |
|    std                  | 1           |
|    value_loss           | 0.0683      |
-----------------------------------------
-----------------------------------------
| rollout/                |             |
|    ep_len_mean          | 351         |
|    ep_rew_mean          | 121         |
| time/                   |             |
|    fps                  | 422         |
|    iterations           | 359         |
|    time_elapsed         | 1738        |
|    total_timesteps      | 735232      |
| train/                  |             |
|    approx_kl            | 0.021773184 |
|    clip_fraction        | 0.237       |
|    clip_range           | 0.2         |
|    entropy_loss         | -7.09       |
|    explained_variance   | 0.402       |
|    learning_rate        | 0.0003      |
|    loss                 | -0.0601     |
|    n_updates            | 3580        |
|    policy_gradient_loss | -0.0337     |
|    std                  | 1           |
|    value_loss           | 0.0651      |
-----------------------------------------
----------------------------------------
| rollout/                |            |
|    ep_len_mean          | 348        |
|    ep_rew_mean          | 119        |
| time/                   |            |
|    fps                  | 422        |
|    iterations           | 360        |
|    time_elapsed         | 1744       |
|    total_timesteps      | 737280     |
| train/                  |            |
|    approx_kl            | 0.02239163 |
|    clip_fraction        | 0.232      |
|    clip_range           | 0.2        |
|    entropy_loss         | -7.09      |
|    explained_variance   | 0.651      |
|    learning_rate        | 0.0003     |
|    loss                 | -0.0622    |
|    n_updates            | 3590       |
|    policy_gradient_loss | -0.0323    |
|    std                  | 1          |
|    value_loss           | 0.0626     |
----------------------------------------
----------------------------------------
| rollout/                |            |
|    ep_len_mean          | 354        |
|    ep_rew_mean          | 122        |
| time/                   |            |
|    fps                  | 422        |
|    iterations           | 361        |
|    time_elapsed         | 1749       |
|    total_timesteps      | 739328     |
| train/                  |            |
|    approx_kl            | 0.02344666 |
|    clip_fraction        | 0.228      |
|    clip_range           | 0.2        |
|    entropy_loss         | -7.09      |
|    explained_variance   | 0.479      |
|    learning_rate        | 0.0003     |
|    loss                 | -0.0129    |
|    n_updates            | 3600       |
|    policy_gradient_loss | -0.036     |
|    std                  | 1          |
|    value_loss           | 0.167      |
----------------------------------------
-----------------------------------------
| rollout/                |             |
|    ep_len_mean          | 355         |
|    ep_rew_mean          | 123         |
| time/                   |             |
|    fps                  | 422         |
|    iterations           | 362         |
|    time_elapsed         | 1755        |
|    total_timesteps      | 741376      |
| train/                  |             |
|    approx_kl            | 0.021183074 |
|    clip_fraction        | 0.241       |
|    clip_range           | 0.2         |
|    entropy_loss         | -7.09       |
|    explained_variance   | 0.627       |
|    learning_rate        | 0.0003      |
|    loss                 | -0.0448     |
|    n_updates            | 3610        |
|    policy_gradient_loss | -0.032      |
|    std                  | 1           |
|    value_loss           | 0.06        |
-----------------------------------------
-----------------------------------------
| rollout/                |             |
|    ep_len_mean          | 353         |
|    ep_rew_mean          | 122         |
| time/                   |             |
|    fps                  | 422         |
|    iterations           | 363         |
|    time_elapsed         | 1761        |
|    total_timesteps      | 743424      |
| train/                  |             |
|    approx_kl            | 0.024584485 |
|    clip_fraction        | 0.232       |
|    clip_range           | 0.2         |
|    entropy_loss         | -7.1        |
|    explained_variance   | 0.389       |
|    learning_rate        | 0.0003      |
|    loss                 | -0.0263     |
|    n_updates            | 3620        |
|    policy_gradient_loss | -0.0306     |
|    std                  | 1           |
|    value_loss           | 0.114       |
-----------------------------------------
----------------------------------------
| rollout/                |            |
|    ep_len_mean          | 354        |
|    ep_rew_mean          | 123        |
| time/                   |            |
|    fps                  | 421        |
|    iterations           | 364        |
|    time_elapsed         | 1766       |
|    total_timesteps      | 745472     |
| train/                  |            |
|    approx_kl            | 0.02506635 |
|    clip_fraction        | 0.268      |
|    clip_range           | 0.2        |
|    entropy_loss         | -7.1       |
|    explained_variance   | 0.445      |
|    learning_rate        | 0.0003     |
|    loss                 | -0.0482    |
|    n_updates            | 3630       |
|    policy_gradient_loss | -0.0315    |
|    std                  | 1          |
|    value_loss           | 0.0795     |
----------------------------------------
----------------------------------------
| rollout/                |            |
|    ep_len_mean          | 350        |
|    ep_rew_mean          | 121        |
| time/                   |            |
|    fps                  | 421        |
|    iterations           | 365        |
|    time_elapsed         | 1772       |
|    total_timesteps      | 747520     |
| train/                  |            |
|    approx_kl            | 0.02628049 |
|    clip_fraction        | 0.244      |
|    clip_range           | 0.2        |
|    entropy_loss         | -7.11      |
|    explained_variance   | 0.551      |
|    learning_rate        | 0.0003     |
|    loss                 | -0.0376    |
|    n_updates            | 3640       |
|    policy_gradient_loss | -0.0344    |
|    std                  | 1.01       |
|    value_loss           | 0.114      |
----------------------------------------
-----------------------------------------
| rollout/                |             |
|    ep_len_mean          | 350         |
|    ep_rew_mean          | 122         |
| time/                   |             |
|    fps                  | 421         |
|    iterations           | 366         |
|    time_elapsed         | 1777        |
|    total_timesteps      | 749568      |
| train/                  |             |
|    approx_kl            | 0.020440422 |
|    clip_fraction        | 0.202       |
|    clip_range           | 0.2         |
|    entropy_loss         | -7.13       |
|    explained_variance   | 0.63        |
|    learning_rate        | 0.0003      |
|    loss                 | -0.0316     |
|    n_updates            | 3650        |
|    policy_gradient_loss | -0.034      |
|    std                  | 1.01        |
|    value_loss           | 0.11        |
-----------------------------------------
-----------------------------------------
| rollout/                |             |
|    ep_len_mean          | 349         |
|    ep_rew_mean          | 121         |
| time/                   |             |
|    fps                  | 421         |
|    iterations           | 367         |
|    time_elapsed         | 1782        |
|    total_timesteps      | 751616      |
| train/                  |             |
|    approx_kl            | 0.022646531 |
|    clip_fraction        | 0.255       |
|    clip_range           | 0.2         |
|    entropy_loss         | -7.14       |
|    explained_variance   | 0.566       |
|    learning_rate        | 0.0003      |
|    loss                 | -0.051      |
|    n_updates            | 3660        |
|    policy_gradient_loss | -0.0326     |
|    std                  | 1.01        |
|    value_loss           | 0.0745      |
-----------------------------------------
-----------------------------------------
| rollout/                |             |
|    ep_len_mean          | 351         |
|    ep_rew_mean          | 122         |
| time/                   |             |
|    fps                  | 421         |
|    iterations           | 368         |
|    time_elapsed         | 1788        |
|    total_timesteps      | 753664      |
| train/                  |             |
|    approx_kl            | 0.025407944 |
|    clip_fraction        | 0.262       |
|    clip_range           | 0.2         |
|    entropy_loss         | -7.14       |
|    explained_variance   | 0.489       |
|    learning_rate        | 0.0003      |
|    loss                 | -0.0454     |
|    n_updates            | 3670        |
|    policy_gradient_loss | -0.0309     |
|    std                  | 1.01        |
|    value_loss           | 0.0833      |
-----------------------------------------
----------------------------------------
| rollout/                |            |
|    ep_len_mean          | 351        |
|    ep_rew_mean          | 123        |
| time/                   |            |
|    fps                  | 421        |
|    iterations           | 369        |
|    time_elapsed         | 1793       |
|    total_timesteps      | 755712     |
| train/                  |            |
|    approx_kl            | 0.02650586 |
|    clip_fraction        | 0.259      |
|    clip_range           | 0.2        |
|    entropy_loss         | -7.14      |
|    explained_variance   | 0.52       |
|    learning_rate        | 0.0003     |
|    loss                 | -0.0231    |
|    n_updates            | 3680       |
|    policy_gradient_loss | -0.0353    |
|    std                  | 1.01       |
|    value_loss           | 0.0956     |
----------------------------------------
--------------------------------------
| rollout/                |          |
|    ep_len_mean          | 353      |
|    ep_rew_mean          | 123      |
| time/                   |          |
|    fps                  | 421      |
|    iterations           | 370      |
|    time_elapsed         | 1799     |
|    total_timesteps      | 757760   |
| train/                  |          |
|    approx_kl            | 0.021084 |
|    clip_fraction        | 0.244    |
|    clip_range           | 0.2      |
|    entropy_loss         | -7.13    |
|    explained_variance   | 0.494    |
|    learning_rate        | 0.0003   |
|    loss                 | -0.0508  |
|    n_updates            | 3690     |
|    policy_gradient_loss | -0.0322  |
|    std                  | 1.01     |
|    value_loss           | 0.0681   |
--------------------------------------
-----------------------------------------
| rollout/                |             |
|    ep_len_mean          | 355         |
|    ep_rew_mean          | 124         |
| time/                   |             |
|    fps                  | 421         |
|    iterations           | 371         |
|    time_elapsed         | 1803        |
|    total_timesteps      | 759808      |
| train/                  |             |
|    approx_kl            | 0.023718359 |
|    clip_fraction        | 0.244       |
|    clip_range           | 0.2         |
|    entropy_loss         | -7.12       |
|    explained_variance   | 0.315       |
|    learning_rate        | 0.0003      |
|    loss                 | -0.0482     |
|    n_updates            | 3700        |
|    policy_gradient_loss | -0.0321     |
|    std                  | 1.01        |
|    value_loss           | 0.163       |
-----------------------------------------
-----------------------------------------
| rollout/                |             |
|    ep_len_mean          | 355         |
|    ep_rew_mean          | 124         |
| time/                   |             |
|    fps                  | 421         |
|    iterations           | 372         |
|    time_elapsed         | 1805        |
|    total_timesteps      | 761856      |
| train/                  |             |
|    approx_kl            | 0.022248393 |
|    clip_fraction        | 0.264       |
|    clip_range           | 0.2         |
|    entropy_loss         | -7.13       |
|    explained_variance   | 0.327       |
|    learning_rate        | 0.0003      |
|    loss                 | -0.0364     |
|    n_updates            | 3710        |
|    policy_gradient_loss | -0.0313     |
|    std                  | 1.01        |
|    value_loss           | 0.115       |
-----------------------------------------
-----------------------------------------
| rollout/                |             |
|    ep_len_mean          | 356         |
|    ep_rew_mean          | 124         |
| time/                   |             |
|    fps                  | 422         |
|    iterations           | 373         |
|    time_elapsed         | 1808        |
|    total_timesteps      | 763904      |
| train/                  |             |
|    approx_kl            | 0.023429256 |
|    clip_fraction        | 0.24        |
|    clip_range           | 0.2         |
|    entropy_loss         | -7.15       |
|    explained_variance   | 0.51        |
|    learning_rate        | 0.0003      |
|    loss                 | -0.0704     |
|    n_updates            | 3720        |
|    policy_gradient_loss | -0.0329     |
|    std                  | 1.01        |
|    value_loss           | 0.0508      |
-----------------------------------------
----------------------------------------
| rollout/                |            |
|    ep_len_mean          | 356        |
|    ep_rew_mean          | 124        |
| time/                   |            |
|    fps                  | 422        |
|    iterations           | 374        |
|    time_elapsed         | 1811       |
|    total_timesteps      | 765952     |
| train/                  |            |
|    approx_kl            | 0.02330223 |
|    clip_fraction        | 0.243      |
|    clip_range           | 0.2        |
|    entropy_loss         | -7.14      |
|    explained_variance   | 0.418      |
|    learning_rate        | 0.0003     |
|    loss                 | -0.053     |
|    n_updates            | 3730       |
|    policy_gradient_loss | -0.0316    |
|    std                  | 1.01       |
|    value_loss           | 0.0808     |
----------------------------------------
-----------------------------------------
| rollout/                |             |
|    ep_len_mean          | 356         |
|    ep_rew_mean          | 124         |
| time/                   |             |
|    fps                  | 423         |
|    iterations           | 375         |
|    time_elapsed         | 1815        |
|    total_timesteps      | 768000      |
| train/                  |             |
|    approx_kl            | 0.019861646 |
|    clip_fraction        | 0.218       |
|    clip_range           | 0.2         |
|    entropy_loss         | -7.13       |
|    explained_variance   | 0.491       |
|    learning_rate        | 0.0003      |
|    loss                 | -0.048      |
|    n_updates            | 3740        |
|    policy_gradient_loss | -0.0288     |
|    std                  | 1.01        |
|    value_loss           | 0.109       |
-----------------------------------------
-----------------------------------------
| rollout/                |             |
|    ep_len_mean          | 353         |
|    ep_rew_mean          | 120         |
| time/                   |             |
|    fps                  | 422         |
|    iterations           | 376         |
|    time_elapsed         | 1820        |
|    total_timesteps      | 770048      |
| train/                  |             |
|    approx_kl            | 0.022619933 |
|    clip_fraction        | 0.237       |
|    clip_range           | 0.2         |
|    entropy_loss         | -7.13       |
|    explained_variance   | 0.512       |
|    learning_rate        | 0.0003      |
|    loss                 | -0.07       |
|    n_updates            | 3750        |
|    policy_gradient_loss | -0.0366     |
|    std                  | 1.01        |
|    value_loss           | 0.0584      |
-----------------------------------------
-----------------------------------------
| rollout/                |             |
|    ep_len_mean          | 355         |
|    ep_rew_mean          | 121         |
| time/                   |             |
|    fps                  | 422         |
|    iterations           | 377         |
|    time_elapsed         | 1826        |
|    total_timesteps      | 772096      |
| train/                  |             |
|    approx_kl            | 0.024650887 |
|    clip_fraction        | 0.24        |
|    clip_range           | 0.2         |
|    entropy_loss         | -7.13       |
|    explained_variance   | 0.578       |
|    learning_rate        | 0.0003      |
|    loss                 | -0.0525     |
|    n_updates            | 3760        |
|    policy_gradient_loss | -0.0328     |
|    std                  | 1.01        |
|    value_loss           | 0.103       |
-----------------------------------------
-----------------------------------------
| rollout/                |             |
|    ep_len_mean          | 357         |
|    ep_rew_mean          | 121         |
| time/                   |             |
|    fps                  | 422         |
|    iterations           | 378         |
|    time_elapsed         | 1830        |
|    total_timesteps      | 774144      |
| train/                  |             |
|    approx_kl            | 0.020610193 |
|    clip_fraction        | 0.23        |
|    clip_range           | 0.2         |
|    entropy_loss         | -7.15       |
|    explained_variance   | 0.528       |
|    learning_rate        | 0.0003      |
|    loss                 | -0.0185     |
|    n_updates            | 3770        |
|    policy_gradient_loss | -0.0275     |
|    std                  | 1.02        |
|    value_loss           | 0.105       |
-----------------------------------------
-----------------------------------------
| rollout/                |             |
|    ep_len_mean          | 357         |
|    ep_rew_mean          | 121         |
| time/                   |             |
|    fps                  | 422         |
|    iterations           | 379         |
|    time_elapsed         | 1835        |
|    total_timesteps      | 776192      |
| train/                  |             |
|    approx_kl            | 0.021516172 |
|    clip_fraction        | 0.228       |
|    clip_range           | 0.2         |
|    entropy_loss         | -7.18       |
|    explained_variance   | 0.538       |
|    learning_rate        | 0.0003      |
|    loss                 | -0.037      |
|    n_updates            | 3780        |
|    policy_gradient_loss | -0.0295     |
|    std                  | 1.02        |
|    value_loss           | 0.0901      |
-----------------------------------------
-----------------------------------------
| rollout/                |             |
|    ep_len_mean          | 354         |
|    ep_rew_mean          | 120         |
| time/                   |             |
|    fps                  | 422         |
|    iterations           | 380         |
|    time_elapsed         | 1841        |
|    total_timesteps      | 778240      |
| train/                  |             |
|    approx_kl            | 0.022444164 |
|    clip_fraction        | 0.223       |
|    clip_range           | 0.2         |
|    entropy_loss         | -7.2        |
|    explained_variance   | 0.616       |
|    learning_rate        | 0.0003      |
|    loss                 | -0.0765     |
|    n_updates            | 3790        |
|    policy_gradient_loss | -0.0355     |
|    std                  | 1.02        |
|    value_loss           | 0.0393      |
-----------------------------------------
-----------------------------------------
| rollout/                |             |
|    ep_len_mean          | 356         |
|    ep_rew_mean          | 120         |
| time/                   |             |
|    fps                  | 422         |
|    iterations           | 381         |
|    time_elapsed         | 1847        |
|    total_timesteps      | 780288      |
| train/                  |             |
|    approx_kl            | 0.020484671 |
|    clip_fraction        | 0.247       |
|    clip_range           | 0.2         |
|    entropy_loss         | -7.19       |
|    explained_variance   | 0.342       |
|    learning_rate        | 0.0003      |
|    loss                 | 0.00363     |
|    n_updates            | 3800        |
|    policy_gradient_loss | -0.0283     |
|    std                  | 1.02        |
|    value_loss           | 0.16        |
-----------------------------------------
-----------------------------------------
| rollout/                |             |
|    ep_len_mean          | 357         |
|    ep_rew_mean          | 120         |
| time/                   |             |
|    fps                  | 422         |
|    iterations           | 382         |
|    time_elapsed         | 1852        |
|    total_timesteps      | 782336      |
| train/                  |             |
|    approx_kl            | 0.018125318 |
|    clip_fraction        | 0.204       |
|    clip_range           | 0.2         |
|    entropy_loss         | -7.2        |
|    explained_variance   | 0.553       |
|    learning_rate        | 0.0003      |
|    loss                 | -0.0761     |
|    n_updates            | 3810        |
|    policy_gradient_loss | -0.0274     |
|    std                  | 1.02        |
|    value_loss           | 0.0485      |
-----------------------------------------
-----------------------------------------
| rollout/                |             |
|    ep_len_mean          | 360         |
|    ep_rew_mean          | 120         |
| time/                   |             |
|    fps                  | 422         |
|    iterations           | 383         |
|    time_elapsed         | 1858        |
|    total_timesteps      | 784384      |
| train/                  |             |
|    approx_kl            | 0.024492573 |
|    clip_fraction        | 0.272       |
|    clip_range           | 0.2         |
|    entropy_loss         | -7.22       |
|    explained_variance   | 0.553       |
|    learning_rate        | 0.0003      |
|    loss                 | -0.025      |
|    n_updates            | 3820        |
|    policy_gradient_loss | -0.029      |
|    std                  | 1.03        |
|    value_loss           | 0.088       |
-----------------------------------------
-----------------------------------------
| rollout/                |             |
|    ep_len_mean          | 361         |
|    ep_rew_mean          | 121         |
| time/                   |             |
|    fps                  | 421         |
|    iterations           | 384         |
|    time_elapsed         | 1863        |
|    total_timesteps      | 786432      |
| train/                  |             |
|    approx_kl            | 0.018653627 |
|    clip_fraction        | 0.233       |
|    clip_range           | 0.2         |
|    entropy_loss         | -7.24       |
|    explained_variance   | 0.523       |
|    learning_rate        | 0.0003      |
|    loss                 | -0.0359     |
|    n_updates            | 3830        |
|    policy_gradient_loss | -0.0264     |
|    std                  | 1.03        |
|    value_loss           | 0.114       |
-----------------------------------------
-----------------------------------------
| rollout/                |             |
|    ep_len_mean          | 361         |
|    ep_rew_mean          | 121         |
| time/                   |             |
|    fps                  | 421         |
|    iterations           | 385         |
|    time_elapsed         | 1868        |
|    total_timesteps      | 788480      |
| train/                  |             |
|    approx_kl            | 0.020383686 |
|    clip_fraction        | 0.243       |
|    clip_range           | 0.2         |
|    entropy_loss         | -7.25       |
|    explained_variance   | 0.462       |
|    learning_rate        | 0.0003      |
|    loss                 | -0.037      |
|    n_updates            | 3840        |
|    policy_gradient_loss | -0.0291     |
|    std                  | 1.03        |
|    value_loss           | 0.0817      |
-----------------------------------------
-----------------------------------------
| rollout/                |             |
|    ep_len_mean          | 360         |
|    ep_rew_mean          | 120         |
| time/                   |             |
|    fps                  | 421         |
|    iterations           | 386         |
|    time_elapsed         | 1874        |
|    total_timesteps      | 790528      |
| train/                  |             |
|    approx_kl            | 0.019970398 |
|    clip_fraction        | 0.233       |
|    clip_range           | 0.2         |
|    entropy_loss         | -7.25       |
|    explained_variance   | 0.487       |
|    learning_rate        | 0.0003      |
|    loss                 | -0.0581     |
|    n_updates            | 3850        |
|    policy_gradient_loss | -0.0306     |
|    std                  | 1.03        |
|    value_loss           | 0.0545      |
-----------------------------------------
-----------------------------------------
| rollout/                |             |
|    ep_len_mean          | 360         |
|    ep_rew_mean          | 120         |
| time/                   |             |
|    fps                  | 421         |
|    iterations           | 387         |
|    time_elapsed         | 1880        |
|    total_timesteps      | 792576      |
| train/                  |             |
|    approx_kl            | 0.023679394 |
|    clip_fraction        | 0.25        |
|    clip_range           | 0.2         |
|    entropy_loss         | -7.26       |
|    explained_variance   | 0.215       |
|    learning_rate        | 0.0003      |
|    loss                 | -0.00934    |
|    n_updates            | 3860        |
|    policy_gradient_loss | -0.0359     |
|    std                  | 1.04        |
|    value_loss           | 0.189       |
-----------------------------------------
----------------------------------------
| rollout/                |            |
|    ep_len_mean          | 362        |
|    ep_rew_mean          | 122        |
| time/                   |            |
|    fps                  | 421        |
|    iterations           | 388        |
|    time_elapsed         | 1885       |
|    total_timesteps      | 794624     |
| train/                  |            |
|    approx_kl            | 0.01854437 |
|    clip_fraction        | 0.214      |
|    clip_range           | 0.2        |
|    entropy_loss         | -7.27      |
|    explained_variance   | 0.27       |
|    learning_rate        | 0.0003     |
|    loss                 | -0.0686    |
|    n_updates            | 3870       |
|    policy_gradient_loss | -0.0294    |
|    std                  | 1.04       |
|    value_loss           | 0.0554     |
----------------------------------------
-----------------------------------------
| rollout/                |             |
|    ep_len_mean          | 359         |
|    ep_rew_mean          | 121         |
| time/                   |             |
|    fps                  | 421         |
|    iterations           | 389         |
|    time_elapsed         | 1891        |
|    total_timesteps      | 796672      |
| train/                  |             |
|    approx_kl            | 0.021708438 |
|    clip_fraction        | 0.242       |
|    clip_range           | 0.2         |
|    entropy_loss         | -7.26       |
|    explained_variance   | 0.402       |
|    learning_rate        | 0.0003      |
|    loss                 | -0.0487     |
|    n_updates            | 3880        |
|    policy_gradient_loss | -0.0298     |
|    std                  | 1.03        |
|    value_loss           | 0.0842      |
-----------------------------------------
-----------------------------------------
| rollout/                |             |
|    ep_len_mean          | 360         |
|    ep_rew_mean          | 121         |
| time/                   |             |
|    fps                  | 420         |
|    iterations           | 390         |
|    time_elapsed         | 1897        |
|    total_timesteps      | 798720      |
| train/                  |             |
|    approx_kl            | 0.022196323 |
|    clip_fraction        | 0.24        |
|    clip_range           | 0.2         |
|    entropy_loss         | -7.26       |
|    explained_variance   | 0.39        |
|    learning_rate        | 0.0003      |
|    loss                 | 0.00115     |
|    n_updates            | 3890        |
|    policy_gradient_loss | -0.028      |
|    std                  | 1.04        |
|    value_loss           | 0.148       |
-----------------------------------------
-----------------------------------------
| rollout/                |             |
|    ep_len_mean          | 359         |
|    ep_rew_mean          | 121         |
| time/                   |             |
|    fps                  | 420         |
|    iterations           | 391         |
|    time_elapsed         | 1902        |
|    total_timesteps      | 800768      |
| train/                  |             |
|    approx_kl            | 0.022277134 |
|    clip_fraction        | 0.227       |
|    clip_range           | 0.2         |
|    entropy_loss         | -7.28       |
|    explained_variance   | 0.468       |
|    learning_rate        | 0.0003      |
|    loss                 | -0.0642     |
|    n_updates            | 3900        |
|    policy_gradient_loss | -0.0342     |
|    std                  | 1.04        |
|    value_loss           | 0.0705      |
-----------------------------------------
-----------------------------------------
| rollout/                |             |
|    ep_len_mean          | 361         |
|    ep_rew_mean          | 125         |
| time/                   |             |
|    fps                  | 420         |
|    iterations           | 392         |
|    time_elapsed         | 1908        |
|    total_timesteps      | 802816      |
| train/                  |             |
|    approx_kl            | 0.021982852 |
|    clip_fraction        | 0.24        |
|    clip_range           | 0.2         |
|    entropy_loss         | -7.28       |
|    explained_variance   | 0.529       |
|    learning_rate        | 0.0003      |
|    loss                 | -0.0566     |
|    n_updates            | 3910        |
|    policy_gradient_loss | -0.0319     |
|    std                  | 1.04        |
|    value_loss           | 0.0652      |
-----------------------------------------
----------------------------------------
| rollout/                |            |
|    ep_len_mean          | 363        |
|    ep_rew_mean          | 125        |
| time/                   |            |
|    fps                  | 420        |
|    iterations           | 393        |
|    time_elapsed         | 1913       |
|    total_timesteps      | 804864     |
| train/                  |            |
|    approx_kl            | 0.02092968 |
|    clip_fraction        | 0.227      |
|    clip_range           | 0.2        |
|    entropy_loss         | -7.28      |
|    explained_variance   | 0.352      |
|    learning_rate        | 0.0003     |
|    loss                 | -0.0198    |
|    n_updates            | 3920       |
|    policy_gradient_loss | -0.0353    |
|    std                  | 1.04       |
|    value_loss           | 0.14       |
----------------------------------------
-----------------------------------------
| rollout/                |             |
|    ep_len_mean          | 363         |
|    ep_rew_mean          | 126         |
| time/                   |             |
|    fps                  | 420         |
|    iterations           | 394         |
|    time_elapsed         | 1918        |
|    total_timesteps      | 806912      |
| train/                  |             |
|    approx_kl            | 0.019717872 |
|    clip_fraction        | 0.214       |
|    clip_range           | 0.2         |
|    entropy_loss         | -7.29       |
|    explained_variance   | 0.343       |
|    learning_rate        | 0.0003      |
|    loss                 | -0.0551     |
|    n_updates            | 3930        |
|    policy_gradient_loss | -0.0305     |
|    std                  | 1.04        |
|    value_loss           | 0.0552      |
-----------------------------------------
-----------------------------------------
| rollout/                |             |
|    ep_len_mean          | 363         |
|    ep_rew_mean          | 125         |
| time/                   |             |
|    fps                  | 420         |
|    iterations           | 395         |
|    time_elapsed         | 1924        |
|    total_timesteps      | 808960      |
| train/                  |             |
|    approx_kl            | 0.022657331 |
|    clip_fraction        | 0.278       |
|    clip_range           | 0.2         |
|    entropy_loss         | -7.28       |
|    explained_variance   | 0.261       |
|    learning_rate        | 0.0003      |
|    loss                 | -0.024      |
|    n_updates            | 3940        |
|    policy_gradient_loss | -0.0319     |
|    std                  | 1.04        |
|    value_loss           | 0.101       |
-----------------------------------------
-----------------------------------------
| rollout/                |             |
|    ep_len_mean          | 363         |
|    ep_rew_mean          | 126         |
| time/                   |             |
|    fps                  | 420         |
|    iterations           | 396         |
|    time_elapsed         | 1929        |
|    total_timesteps      | 811008      |
| train/                  |             |
|    approx_kl            | 0.018734753 |
|    clip_fraction        | 0.23        |
|    clip_range           | 0.2         |
|    entropy_loss         | -7.28       |
|    explained_variance   | 0.329       |
|    learning_rate        | 0.0003      |
|    loss                 | -0.0561     |
|    n_updates            | 3950        |
|    policy_gradient_loss | -0.0302     |
|    std                  | 1.04        |
|    value_loss           | 0.0824      |
-----------------------------------------
-----------------------------------------
| rollout/                |             |
|    ep_len_mean          | 363         |
|    ep_rew_mean          | 124         |
| time/                   |             |
|    fps                  | 420         |
|    iterations           | 397         |
|    time_elapsed         | 1935        |
|    total_timesteps      | 813056      |
| train/                  |             |
|    approx_kl            | 0.020862304 |
|    clip_fraction        | 0.219       |
|    clip_range           | 0.2         |
|    entropy_loss         | -7.28       |
|    explained_variance   | 0.454       |
|    learning_rate        | 0.0003      |
|    loss                 | -0.0553     |
|    n_updates            | 3960        |
|    policy_gradient_loss | -0.0321     |
|    std                  | 1.04        |
|    value_loss           | 0.08        |
-----------------------------------------
----------------------------------------
| rollout/                |            |
|    ep_len_mean          | 368        |
|    ep_rew_mean          | 127        |
| time/                   |            |
|    fps                  | 420        |
|    iterations           | 398        |
|    time_elapsed         | 1940       |
|    total_timesteps      | 815104     |
| train/                  |            |
|    approx_kl            | 0.02131639 |
|    clip_fraction        | 0.244      |
|    clip_range           | 0.2        |
|    entropy_loss         | -7.29      |
|    explained_variance   | 0.569      |
|    learning_rate        | 0.0003     |
|    loss                 | -0.0646    |
|    n_updates            | 3970       |
|    policy_gradient_loss | -0.0304    |
|    std                  | 1.04       |
|    value_loss           | 0.068      |
----------------------------------------
-----------------------------------------
| rollout/                |             |
|    ep_len_mean          | 368         |
|    ep_rew_mean          | 128         |
| time/                   |             |
|    fps                  | 420         |
|    iterations           | 399         |
|    time_elapsed         | 1945        |
|    total_timesteps      | 817152      |
| train/                  |             |
|    approx_kl            | 0.019522414 |
|    clip_fraction        | 0.235       |
|    clip_range           | 0.2         |
|    entropy_loss         | -7.29       |
|    explained_variance   | 0.33        |
|    learning_rate        | 0.0003      |
|    loss                 | 0.00244     |
|    n_updates            | 3980        |
|    policy_gradient_loss | -0.0294     |
|    std                  | 1.04        |
|    value_loss           | 0.168       |
-----------------------------------------
-----------------------------------------
| rollout/                |             |
|    ep_len_mean          | 367         |
|    ep_rew_mean          | 127         |
| time/                   |             |
|    fps                  | 419         |
|    iterations           | 400         |
|    time_elapsed         | 1950        |
|    total_timesteps      | 819200      |
| train/                  |             |
|    approx_kl            | 0.020373158 |
|    clip_fraction        | 0.223       |
|    clip_range           | 0.2         |
|    entropy_loss         | -7.3        |
|    explained_variance   | 0.438       |
|    learning_rate        | 0.0003      |
|    loss                 | -0.0607     |
|    n_updates            | 3990        |
|    policy_gradient_loss | -0.03       |
|    std                  | 1.04        |
|    value_loss           | 0.0563      |
-----------------------------------------
-----------------------------------------
| rollout/                |             |
|    ep_len_mean          | 364         |
|    ep_rew_mean          | 128         |
| time/                   |             |
|    fps                  | 420         |
|    iterations           | 401         |
|    time_elapsed         | 1955        |
|    total_timesteps      | 821248      |
| train/                  |             |
|    approx_kl            | 0.021622691 |
|    clip_fraction        | 0.228       |
|    clip_range           | 0.2         |
|    entropy_loss         | -7.3        |
|    explained_variance   | 0.495       |
|    learning_rate        | 0.0003      |
|    loss                 | -0.058      |
|    n_updates            | 4000        |
|    policy_gradient_loss | -0.0318     |
|    std                  | 1.04        |
|    value_loss           | 0.0693      |
-----------------------------------------
-----------------------------------------
| rollout/                |             |
|    ep_len_mean          | 364         |
|    ep_rew_mean          | 128         |
| time/                   |             |
|    fps                  | 420         |
|    iterations           | 402         |
|    time_elapsed         | 1960        |
|    total_timesteps      | 823296      |
| train/                  |             |
|    approx_kl            | 0.021139774 |
|    clip_fraction        | 0.256       |
|    clip_range           | 0.2         |
|    entropy_loss         | -7.31       |
|    explained_variance   | 0.269       |
|    learning_rate        | 0.0003      |
|    loss                 | -0.0311     |
|    n_updates            | 4010        |
|    policy_gradient_loss | -0.0292     |
|    std                  | 1.05        |
|    value_loss           | 0.11        |
-----------------------------------------
-----------------------------------------
| rollout/                |             |
|    ep_len_mean          | 364         |
|    ep_rew_mean          | 128         |
| time/                   |             |
|    fps                  | 419         |
|    iterations           | 403         |
|    time_elapsed         | 1965        |
|    total_timesteps      | 825344      |
| train/                  |             |
|    approx_kl            | 0.021278208 |
|    clip_fraction        | 0.233       |
|    clip_range           | 0.2         |
|    entropy_loss         | -7.31       |
|    explained_variance   | 0.38        |
|    learning_rate        | 0.0003      |
|    loss                 | -0.0461     |
|    n_updates            | 4020        |
|    policy_gradient_loss | -0.0346     |
|    std                  | 1.05        |
|    value_loss           | 0.0985      |
-----------------------------------------
----------------------------------------
| rollout/                |            |
|    ep_len_mean          | 364        |
|    ep_rew_mean          | 129        |
| time/                   |            |
|    fps                  | 419        |
|    iterations           | 404        |
|    time_elapsed         | 1970       |
|    total_timesteps      | 827392     |
| train/                  |            |
|    approx_kl            | 0.02342152 |
|    clip_fraction        | 0.233      |
|    clip_range           | 0.2        |
|    entropy_loss         | -7.32      |
|    explained_variance   | 0.625      |
|    learning_rate        | 0.0003     |
|    loss                 | -0.0331    |
|    n_updates            | 4030       |
|    policy_gradient_loss | -0.0286    |
|    std                  | 1.05       |
|    value_loss           | 0.0742     |
----------------------------------------
-----------------------------------------
| rollout/                |             |
|    ep_len_mean          | 362         |
|    ep_rew_mean          | 128         |
| time/                   |             |
|    fps                  | 420         |
|    iterations           | 405         |
|    time_elapsed         | 1974        |
|    total_timesteps      | 829440      |
| train/                  |             |
|    approx_kl            | 0.021903541 |
|    clip_fraction        | 0.256       |
|    clip_range           | 0.2         |
|    entropy_loss         | -7.32       |
|    explained_variance   | 0.564       |
|    learning_rate        | 0.0003      |
|    loss                 | -0.0401     |
|    n_updates            | 4040        |
|    policy_gradient_loss | -0.0351     |
|    std                  | 1.05        |
|    value_loss           | 0.136       |
-----------------------------------------
-----------------------------------------
| rollout/                |             |
|    ep_len_mean          | 362         |
|    ep_rew_mean          | 127         |
| time/                   |             |
|    fps                  | 419         |
|    iterations           | 406         |
|    time_elapsed         | 1979        |
|    total_timesteps      | 831488      |
| train/                  |             |
|    approx_kl            | 0.019832663 |
|    clip_fraction        | 0.233       |
|    clip_range           | 0.2         |
|    entropy_loss         | -7.33       |
|    explained_variance   | 0.476       |
|    learning_rate        | 0.0003      |
|    loss                 | -0.0557     |
|    n_updates            | 4050        |
|    policy_gradient_loss | -0.0277     |
|    std                  | 1.05        |
|    value_loss           | 0.0747      |
-----------------------------------------
----------------------------------------
| rollout/                |            |
|    ep_len_mean          | 365        |
|    ep_rew_mean          | 128        |
| time/                   |            |
|    fps                  | 419        |
|    iterations           | 407        |
|    time_elapsed         | 1984       |
|    total_timesteps      | 833536     |
| train/                  |            |
|    approx_kl            | 0.02104893 |
|    clip_fraction        | 0.266      |
|    clip_range           | 0.2        |
|    entropy_loss         | -7.33      |
|    explained_variance   | 0.655      |
|    learning_rate        | 0.0003     |
|    loss                 | -0.0662    |
|    n_updates            | 4060       |
|    policy_gradient_loss | -0.035     |
|    std                  | 1.05       |
|    value_loss           | 0.0753     |
----------------------------------------
-----------------------------------------
| rollout/                |             |
|    ep_len_mean          | 365         |
|    ep_rew_mean          | 128         |
| time/                   |             |
|    fps                  | 419         |
|    iterations           | 408         |
|    time_elapsed         | 1989        |
|    total_timesteps      | 835584      |
| train/                  |             |
|    approx_kl            | 0.025714252 |
|    clip_fraction        | 0.263       |
|    clip_range           | 0.2         |
|    entropy_loss         | -7.33       |
|    explained_variance   | 0.49        |
|    learning_rate        | 0.0003      |
|    loss                 | -0.0446     |
|    n_updates            | 4070        |
|    policy_gradient_loss | -0.0326     |
|    std                  | 1.05        |
|    value_loss           | 0.0968      |
-----------------------------------------
-----------------------------------------
| rollout/                |             |
|    ep_len_mean          | 366         |
|    ep_rew_mean          | 129         |
| time/                   |             |
|    fps                  | 420         |
|    iterations           | 409         |
|    time_elapsed         | 1992        |
|    total_timesteps      | 837632      |
| train/                  |             |
|    approx_kl            | 0.022273965 |
|    clip_fraction        | 0.231       |
|    clip_range           | 0.2         |
|    entropy_loss         | -7.32       |
|    explained_variance   | 0.561       |
|    learning_rate        | 0.0003      |
|    loss                 | -0.0614     |
|    n_updates            | 4080        |
|    policy_gradient_loss | -0.0332     |
|    std                  | 1.05        |
|    value_loss           | 0.0503      |
-----------------------------------------
-----------------------------------------
| rollout/                |             |
|    ep_len_mean          | 364         |
|    ep_rew_mean          | 128         |
| time/                   |             |
|    fps                  | 420         |
|    iterations           | 410         |
|    time_elapsed         | 1995        |
|    total_timesteps      | 839680      |
| train/                  |             |
|    approx_kl            | 0.022674026 |
|    clip_fraction        | 0.248       |
|    clip_range           | 0.2         |
|    entropy_loss         | -7.32       |
|    explained_variance   | 0.502       |
|    learning_rate        | 0.0003      |
|    loss                 | -0.0659     |
|    n_updates            | 4090        |
|    policy_gradient_loss | -0.0353     |
|    std                  | 1.05        |
|    value_loss           | 0.0709      |
-----------------------------------------
-----------------------------------------
| rollout/                |             |
|    ep_len_mean          | 362         |
|    ep_rew_mean          | 127         |
| time/                   |             |
|    fps                  | 421         |
|    iterations           | 411         |
|    time_elapsed         | 1997        |
|    total_timesteps      | 841728      |
| train/                  |             |
|    approx_kl            | 0.021133631 |
|    clip_fraction        | 0.208       |
|    clip_range           | 0.2         |
|    entropy_loss         | -7.32       |
|    explained_variance   | 0.305       |
|    learning_rate        | 0.0003      |
|    loss                 | 0.000293    |
|    n_updates            | 4100        |
|    policy_gradient_loss | -0.0356     |
|    std                  | 1.05        |
|    value_loss           | 0.219       |
-----------------------------------------
-----------------------------------------
| rollout/                |             |
|    ep_len_mean          | 360         |
|    ep_rew_mean          | 125         |
| time/                   |             |
|    fps                  | 421         |
|    iterations           | 412         |
|    time_elapsed         | 1999        |
|    total_timesteps      | 843776      |
| train/                  |             |
|    approx_kl            | 0.018960824 |
|    clip_fraction        | 0.203       |
|    clip_range           | 0.2         |
|    entropy_loss         | -7.32       |
|    explained_variance   | 0.366       |
|    learning_rate        | 0.0003      |
|    loss                 | -0.0389     |
|    n_updates            | 4110        |
|    policy_gradient_loss | -0.0346     |
|    std                  | 1.05        |
|    value_loss           | 0.102       |
-----------------------------------------
-----------------------------------------
| rollout/                |             |
|    ep_len_mean          | 360         |
|    ep_rew_mean          | 126         |
| time/                   |             |
|    fps                  | 422         |
|    iterations           | 413         |
|    time_elapsed         | 2002        |
|    total_timesteps      | 845824      |
| train/                  |             |
|    approx_kl            | 0.019953102 |
|    clip_fraction        | 0.202       |
|    clip_range           | 0.2         |
|    entropy_loss         | -7.32       |
|    explained_variance   | 0.399       |
|    learning_rate        | 0.0003      |
|    loss                 | -0.0601     |
|    n_updates            | 4120        |
|    policy_gradient_loss | -0.0327     |
|    std                  | 1.05        |
|    value_loss           | 0.0637      |
-----------------------------------------
-----------------------------------------
| rollout/                |             |
|    ep_len_mean          | 357         |
|    ep_rew_mean          | 127         |
| time/                   |             |
|    fps                  | 422         |
|    iterations           | 414         |
|    time_elapsed         | 2005        |
|    total_timesteps      | 847872      |
| train/                  |             |
|    approx_kl            | 0.019818675 |
|    clip_fraction        | 0.247       |
|    clip_range           | 0.2         |
|    entropy_loss         | -7.32       |
|    explained_variance   | 0.289       |
|    learning_rate        | 0.0003      |
|    loss                 | -0.015      |
|    n_updates            | 4130        |
|    policy_gradient_loss | -0.0262     |
|    std                  | 1.05        |
|    value_loss           | 0.108       |
-----------------------------------------
----------------------------------------
| rollout/                |            |
|    ep_len_mean          | 357        |
|    ep_rew_mean          | 126        |
| time/                   |            |
|    fps                  | 423        |
|    iterations           | 415        |
|    time_elapsed         | 2008       |
|    total_timesteps      | 849920     |
| train/                  |            |
|    approx_kl            | 0.02359346 |
|    clip_fraction        | 0.244      |
|    clip_range           | 0.2        |
|    entropy_loss         | -7.33      |
|    explained_variance   | 0.481      |
|    learning_rate        | 0.0003     |
|    loss                 | -0.0499    |
|    n_updates            | 4140       |
|    policy_gradient_loss | -0.037     |
|    std                  | 1.05       |
|    value_loss           | 0.123      |
----------------------------------------
-----------------------------------------
| rollout/                |             |
|    ep_len_mean          | 358         |
|    ep_rew_mean          | 124         |
| time/                   |             |
|    fps                  | 423         |
|    iterations           | 416         |
|    time_elapsed         | 2012        |
|    total_timesteps      | 851968      |
| train/                  |             |
|    approx_kl            | 0.024592582 |
|    clip_fraction        | 0.247       |
|    clip_range           | 0.2         |
|    entropy_loss         | -7.31       |
|    explained_variance   | 0.655       |
|    learning_rate        | 0.0003      |
|    loss                 | -0.0716     |
|    n_updates            | 4150        |
|    policy_gradient_loss | -0.0396     |
|    std                  | 1.04        |
|    value_loss           | 0.0482      |
-----------------------------------------
---------------------------------------
| rollout/                |           |
|    ep_len_mean          | 358       |
|    ep_rew_mean          | 124       |
| time/                   |           |
|    fps                  | 423       |
|    iterations           | 417       |
|    time_elapsed         | 2015      |
|    total_timesteps      | 854016    |
| train/                  |           |
|    approx_kl            | 0.0236751 |
|    clip_fraction        | 0.232     |
|    clip_range           | 0.2       |
|    entropy_loss         | -7.31     |
|    explained_variance   | 0.459     |
|    learning_rate        | 0.0003    |
|    loss                 | -0.00982  |
|    n_updates            | 4160      |
|    policy_gradient_loss | -0.0322   |
|    std                  | 1.05      |
|    value_loss           | 0.166     |
---------------------------------------
----------------------------------------
| rollout/                |            |
|    ep_len_mean          | 358        |
|    ep_rew_mean          | 125        |
| time/                   |            |
|    fps                  | 424        |
|    iterations           | 418        |
|    time_elapsed         | 2018       |
|    total_timesteps      | 856064     |
| train/                  |            |
|    approx_kl            | 0.02237643 |
|    clip_fraction        | 0.265      |
|    clip_range           | 0.2        |
|    entropy_loss         | -7.32      |
|    explained_variance   | 0.469      |
|    learning_rate        | 0.0003     |
|    loss                 | -0.0511    |
|    n_updates            | 4170       |
|    policy_gradient_loss | -0.0354    |
|    std                  | 1.05       |
|    value_loss           | 0.0964     |
----------------------------------------
-----------------------------------------
| rollout/                |             |
|    ep_len_mean          | 361         |
|    ep_rew_mean          | 126         |
| time/                   |             |
|    fps                  | 424         |
|    iterations           | 419         |
|    time_elapsed         | 2020        |
|    total_timesteps      | 858112      |
| train/                  |             |
|    approx_kl            | 0.024121571 |
|    clip_fraction        | 0.229       |
|    clip_range           | 0.2         |
|    entropy_loss         | -7.32       |
|    explained_variance   | 0.554       |
|    learning_rate        | 0.0003      |
|    loss                 | -0.0782     |
|    n_updates            | 4180        |
|    policy_gradient_loss | -0.0333     |
|    std                  | 1.05        |
|    value_loss           | 0.0549      |
-----------------------------------------
----------------------------------------
| rollout/                |            |
|    ep_len_mean          | 361        |
|    ep_rew_mean          | 125        |
| time/                   |            |
|    fps                  | 425        |
|    iterations           | 420        |
|    time_elapsed         | 2022       |
|    total_timesteps      | 860160     |
| train/                  |            |
|    approx_kl            | 0.01941301 |
|    clip_fraction        | 0.211      |
|    clip_range           | 0.2        |
|    entropy_loss         | -7.32      |
|    explained_variance   | 0.582      |
|    learning_rate        | 0.0003     |
|    loss                 | -0.0445    |
|    n_updates            | 4190       |
|    policy_gradient_loss | -0.0277    |
|    std                  | 1.05       |
|    value_loss           | 0.0836     |
----------------------------------------
----------------------------------------
| rollout/                |            |
|    ep_len_mean          | 360        |
|    ep_rew_mean          | 125        |
| time/                   |            |
|    fps                  | 425        |
|    iterations           | 421        |
|    time_elapsed         | 2025       |
|    total_timesteps      | 862208     |
| train/                  |            |
|    approx_kl            | 0.02127809 |
|    clip_fraction        | 0.239      |
|    clip_range           | 0.2        |
|    entropy_loss         | -7.32      |
|    explained_variance   | 0.5        |
|    learning_rate        | 0.0003     |
|    loss                 | -0.0494    |
|    n_updates            | 4200       |
|    policy_gradient_loss | -0.0358    |
|    std                  | 1.05       |
|    value_loss           | 0.113      |
----------------------------------------
-----------------------------------------
| rollout/                |             |
|    ep_len_mean          | 363         |
|    ep_rew_mean          | 126         |
| time/                   |             |
|    fps                  | 426         |
|    iterations           | 422         |
|    time_elapsed         | 2027        |
|    total_timesteps      | 864256      |
| train/                  |             |
|    approx_kl            | 0.017970622 |
|    clip_fraction        | 0.215       |
|    clip_range           | 0.2         |
|    entropy_loss         | -7.31       |
|    explained_variance   | 0.347       |
|    learning_rate        | 0.0003      |
|    loss                 | -0.00939    |
|    n_updates            | 4210        |
|    policy_gradient_loss | -0.0273     |
|    std                  | 1.04        |
|    value_loss           | 0.141       |
-----------------------------------------
-----------------------------------------
| rollout/                |             |
|    ep_len_mean          | 363         |
|    ep_rew_mean          | 126         |
| time/                   |             |
|    fps                  | 426         |
|    iterations           | 423         |
|    time_elapsed         | 2029        |
|    total_timesteps      | 866304      |
| train/                  |             |
|    approx_kl            | 0.024407811 |
|    clip_fraction        | 0.247       |
|    clip_range           | 0.2         |
|    entropy_loss         | -7.31       |
|    explained_variance   | 0.409       |
|    learning_rate        | 0.0003      |
|    loss                 | -0.0388     |
|    n_updates            | 4220        |
|    policy_gradient_loss | -0.0343     |
|    std                  | 1.05        |
|    value_loss           | 0.147       |
-----------------------------------------
-----------------------------------------
| rollout/                |             |
|    ep_len_mean          | 363         |
|    ep_rew_mean          | 127         |
| time/                   |             |
|    fps                  | 427         |
|    iterations           | 424         |
|    time_elapsed         | 2032        |
|    total_timesteps      | 868352      |
| train/                  |             |
|    approx_kl            | 0.021110712 |
|    clip_fraction        | 0.248       |
|    clip_range           | 0.2         |
|    entropy_loss         | -7.32       |
|    explained_variance   | 0.64        |
|    learning_rate        | 0.0003      |
|    loss                 | -0.0581     |
|    n_updates            | 4230        |
|    policy_gradient_loss | -0.0352     |
|    std                  | 1.05        |
|    value_loss           | 0.07        |
-----------------------------------------
----------------------------------------
| rollout/                |            |
|    ep_len_mean          | 364        |
|    ep_rew_mean          | 127        |
| time/                   |            |
|    fps                  | 427        |
|    iterations           | 425        |
|    time_elapsed         | 2034       |
|    total_timesteps      | 870400     |
| train/                  |            |
|    approx_kl            | 0.01753816 |
|    clip_fraction        | 0.204      |
|    clip_range           | 0.2        |
|    entropy_loss         | -7.33      |
|    explained_variance   | 0.441      |
|    learning_rate        | 0.0003     |
|    loss                 | -0.0661    |
|    n_updates            | 4240       |
|    policy_gradient_loss | -0.0318    |
|    std                  | 1.05       |
|    value_loss           | 0.0583     |
----------------------------------------
----------------------------------------
| rollout/                |            |
|    ep_len_mean          | 362        |
|    ep_rew_mean          | 126        |
| time/                   |            |
|    fps                  | 428        |
|    iterations           | 426        |
|    time_elapsed         | 2036       |
|    total_timesteps      | 872448     |
| train/                  |            |
|    approx_kl            | 0.02047832 |
|    clip_fraction        | 0.22       |
|    clip_range           | 0.2        |
|    entropy_loss         | -7.33      |
|    explained_variance   | 0.253      |
|    learning_rate        | 0.0003     |
|    loss                 | -0.0269    |
|    n_updates            | 4250       |
|    policy_gradient_loss | -0.0331    |
|    std                  | 1.05       |
|    value_loss           | 0.124      |
----------------------------------------
-----------------------------------------
| rollout/                |             |
|    ep_len_mean          | 359         |
|    ep_rew_mean          | 125         |
| time/                   |             |
|    fps                  | 428         |
|    iterations           | 427         |
|    time_elapsed         | 2039        |
|    total_timesteps      | 874496      |
| train/                  |             |
|    approx_kl            | 0.023201782 |
|    clip_fraction        | 0.227       |
|    clip_range           | 0.2         |
|    entropy_loss         | -7.32       |
|    explained_variance   | 0.444       |
|    learning_rate        | 0.0003      |
|    loss                 | -0.0478     |
|    n_updates            | 4260        |
|    policy_gradient_loss | -0.0342     |
|    std                  | 1.05        |
|    value_loss           | 0.112       |
-----------------------------------------
-----------------------------------------
| rollout/                |             |
|    ep_len_mean          | 358         |
|    ep_rew_mean          | 125         |
| time/                   |             |
|    fps                  | 429         |
|    iterations           | 428         |
|    time_elapsed         | 2041        |
|    total_timesteps      | 876544      |
| train/                  |             |
|    approx_kl            | 0.021951549 |
|    clip_fraction        | 0.256       |
|    clip_range           | 0.2         |
|    entropy_loss         | -7.3        |
|    explained_variance   | 0.434       |
|    learning_rate        | 0.0003      |
|    loss                 | -0.0122     |
|    n_updates            | 4270        |
|    policy_gradient_loss | -0.0319     |
|    std                  | 1.04        |
|    value_loss           | 0.135       |
-----------------------------------------
-----------------------------------------
| rollout/                |             |
|    ep_len_mean          | 359         |
|    ep_rew_mean          | 125         |
| time/                   |             |
|    fps                  | 429         |
|    iterations           | 429         |
|    time_elapsed         | 2043        |
|    total_timesteps      | 878592      |
| train/                  |             |
|    approx_kl            | 0.021010976 |
|    clip_fraction        | 0.221       |
|    clip_range           | 0.2         |
|    entropy_loss         | -7.29       |
|    explained_variance   | 0.348       |
|    learning_rate        | 0.0003      |
|    loss                 | -0.0443     |
|    n_updates            | 4280        |
|    policy_gradient_loss | -0.0335     |
|    std                  | 1.04        |
|    value_loss           | 0.105       |
-----------------------------------------
-----------------------------------------
| rollout/                |             |
|    ep_len_mean          | 362         |
|    ep_rew_mean          | 127         |
| time/                   |             |
|    fps                  | 430         |
|    iterations           | 430         |
|    time_elapsed         | 2046        |
|    total_timesteps      | 880640      |
| train/                  |             |
|    approx_kl            | 0.019372042 |
|    clip_fraction        | 0.22        |
|    clip_range           | 0.2         |
|    entropy_loss         | -7.29       |
|    explained_variance   | 0.506       |
|    learning_rate        | 0.0003      |
|    loss                 | -0.0377     |
|    n_updates            | 4290        |
|    policy_gradient_loss | -0.0317     |
|    std                  | 1.04        |
|    value_loss           | 0.0809      |
-----------------------------------------
-----------------------------------------
| rollout/                |             |
|    ep_len_mean          | 362         |
|    ep_rew_mean          | 126         |
| time/                   |             |
|    fps                  | 430         |
|    iterations           | 431         |
|    time_elapsed         | 2048        |
|    total_timesteps      | 882688      |
| train/                  |             |
|    approx_kl            | 0.024205638 |
|    clip_fraction        | 0.242       |
|    clip_range           | 0.2         |
|    entropy_loss         | -7.28       |
|    explained_variance   | 0.434       |
|    learning_rate        | 0.0003      |
|    loss                 | -0.0292     |
|    n_updates            | 4300        |
|    policy_gradient_loss | -0.0298     |
|    std                  | 1.04        |
|    value_loss           | 0.0997      |
-----------------------------------------
-----------------------------------------
| rollout/                |             |
|    ep_len_mean          | 363         |
|    ep_rew_mean          | 127         |
| time/                   |             |
|    fps                  | 431         |
|    iterations           | 432         |
|    time_elapsed         | 2050        |
|    total_timesteps      | 884736      |
| train/                  |             |
|    approx_kl            | 0.020941969 |
|    clip_fraction        | 0.227       |
|    clip_range           | 0.2         |
|    entropy_loss         | -7.26       |
|    explained_variance   | 0.282       |
|    learning_rate        | 0.0003      |
|    loss                 | -0.041      |
|    n_updates            | 4310        |
|    policy_gradient_loss | -0.0354     |
|    std                  | 1.03        |
|    value_loss           | 0.0967      |
-----------------------------------------
-----------------------------------------
| rollout/                |             |
|    ep_len_mean          | 362         |
|    ep_rew_mean          | 129         |
| time/                   |             |
|    fps                  | 431         |
|    iterations           | 433         |
|    time_elapsed         | 2053        |
|    total_timesteps      | 886784      |
| train/                  |             |
|    approx_kl            | 0.023744319 |
|    clip_fraction        | 0.245       |
|    clip_range           | 0.2         |
|    entropy_loss         | -7.25       |
|    explained_variance   | 0.396       |
|    learning_rate        | 0.0003      |
|    loss                 | -0.0528     |
|    n_updates            | 4320        |
|    policy_gradient_loss | -0.0373     |
|    std                  | 1.03        |
|    value_loss           | 0.121       |
-----------------------------------------
-----------------------------------------
| rollout/                |             |
|    ep_len_mean          | 359         |
|    ep_rew_mean          | 128         |
| time/                   |             |
|    fps                  | 432         |
|    iterations           | 434         |
|    time_elapsed         | 2055        |
|    total_timesteps      | 888832      |
| train/                  |             |
|    approx_kl            | 0.024685046 |
|    clip_fraction        | 0.249       |
|    clip_range           | 0.2         |
|    entropy_loss         | -7.24       |
|    explained_variance   | 0.614       |
|    learning_rate        | 0.0003      |
|    loss                 | -0.0451     |
|    n_updates            | 4330        |
|    policy_gradient_loss | -0.0376     |
|    std                  | 1.03        |
|    value_loss           | 0.112       |
-----------------------------------------
-----------------------------------------
| rollout/                |             |
|    ep_len_mean          | 359         |
|    ep_rew_mean          | 127         |
| time/                   |             |
|    fps                  | 432         |
|    iterations           | 435         |
|    time_elapsed         | 2057        |
|    total_timesteps      | 890880      |
| train/                  |             |
|    approx_kl            | 0.020146329 |
|    clip_fraction        | 0.201       |
|    clip_range           | 0.2         |
|    entropy_loss         | -7.23       |
|    explained_variance   | 0.579       |
|    learning_rate        | 0.0003      |
|    loss                 | -0.0684     |
|    n_updates            | 4340        |
|    policy_gradient_loss | -0.0307     |
|    std                  | 1.03        |
|    value_loss           | 0.0707      |
-----------------------------------------
-----------------------------------------
| rollout/                |             |
|    ep_len_mean          | 359         |
|    ep_rew_mean          | 127         |
| time/                   |             |
|    fps                  | 433         |
|    iterations           | 436         |
|    time_elapsed         | 2059        |
|    total_timesteps      | 892928      |
| train/                  |             |
|    approx_kl            | 0.019735154 |
|    clip_fraction        | 0.244       |
|    clip_range           | 0.2         |
|    entropy_loss         | -7.23       |
|    explained_variance   | 0.223       |
|    learning_rate        | 0.0003      |
|    loss                 | -0.0388     |
|    n_updates            | 4350        |
|    policy_gradient_loss | -0.0306     |
|    std                  | 1.03        |
|    value_loss           | 0.108       |
-----------------------------------------
-----------------------------------------
| rollout/                |             |
|    ep_len_mean          | 357         |
|    ep_rew_mean          | 126         |
| time/                   |             |
|    fps                  | 433         |
|    iterations           | 437         |
|    time_elapsed         | 2062        |
|    total_timesteps      | 894976      |
| train/                  |             |
|    approx_kl            | 0.020813514 |
|    clip_fraction        | 0.216       |
|    clip_range           | 0.2         |
|    entropy_loss         | -7.24       |
|    explained_variance   | 0.567       |
|    learning_rate        | 0.0003      |
|    loss                 | -0.0727     |
|    n_updates            | 4360        |
|    policy_gradient_loss | -0.0345     |
|    std                  | 1.03        |
|    value_loss           | 0.0505      |
-----------------------------------------
-----------------------------------------
| rollout/                |             |
|    ep_len_mean          | 358         |
|    ep_rew_mean          | 127         |
| time/                   |             |
|    fps                  | 434         |
|    iterations           | 438         |
|    time_elapsed         | 2064        |
|    total_timesteps      | 897024      |
| train/                  |             |
|    approx_kl            | 0.020032708 |
|    clip_fraction        | 0.226       |
|    clip_range           | 0.2         |
|    entropy_loss         | -7.25       |
|    explained_variance   | 0.279       |
|    learning_rate        | 0.0003      |
|    loss                 | -0.0323     |
|    n_updates            | 4370        |
|    policy_gradient_loss | -0.0362     |
|    std                  | 1.03        |
|    value_loss           | 0.113       |
-----------------------------------------
-----------------------------------------
| rollout/                |             |
|    ep_len_mean          | 358         |
|    ep_rew_mean          | 127         |
| time/                   |             |
|    fps                  | 435         |
|    iterations           | 439         |
|    time_elapsed         | 2066        |
|    total_timesteps      | 899072      |
| train/                  |             |
|    approx_kl            | 0.021693688 |
|    clip_fraction        | 0.233       |
|    clip_range           | 0.2         |
|    entropy_loss         | -7.25       |
|    explained_variance   | 0.299       |
|    learning_rate        | 0.0003      |
|    loss                 | -0.0529     |
|    n_updates            | 4380        |
|    policy_gradient_loss | -0.0348     |
|    std                  | 1.03        |
|    value_loss           | 0.117       |
-----------------------------------------
-----------------------------------------
| rollout/                |             |
|    ep_len_mean          | 358         |
|    ep_rew_mean          | 127         |
| time/                   |             |
|    fps                  | 435         |
|    iterations           | 440         |
|    time_elapsed         | 2068        |
|    total_timesteps      | 901120      |
| train/                  |             |
|    approx_kl            | 0.020708222 |
|    clip_fraction        | 0.256       |
|    clip_range           | 0.2         |
|    entropy_loss         | -7.25       |
|    explained_variance   | 0.31        |
|    learning_rate        | 0.0003      |
|    loss                 | -0.0151     |
|    n_updates            | 4390        |
|    policy_gradient_loss | -0.0286     |
|    std                  | 1.03        |
|    value_loss           | 0.147       |
-----------------------------------------
-----------------------------------------
| rollout/                |             |
|    ep_len_mean          | 356         |
|    ep_rew_mean          | 126         |
| time/                   |             |
|    fps                  | 436         |
|    iterations           | 441         |
|    time_elapsed         | 2071        |
|    total_timesteps      | 903168      |
| train/                  |             |
|    approx_kl            | 0.022784645 |
|    clip_fraction        | 0.236       |
|    clip_range           | 0.2         |
|    entropy_loss         | -7.27       |
|    explained_variance   | 0.452       |
|    learning_rate        | 0.0003      |
|    loss                 | -0.0491     |
|    n_updates            | 4400        |
|    policy_gradient_loss | -0.0341     |
|    std                  | 1.04        |
|    value_loss           | 0.0758      |
-----------------------------------------
-----------------------------------------
| rollout/                |             |
|    ep_len_mean          | 356         |
|    ep_rew_mean          | 120         |
| time/                   |             |
|    fps                  | 436         |
|    iterations           | 442         |
|    time_elapsed         | 2073        |
|    total_timesteps      | 905216      |
| train/                  |             |
|    approx_kl            | 0.019962572 |
|    clip_fraction        | 0.231       |
|    clip_range           | 0.2         |
|    entropy_loss         | -7.29       |
|    explained_variance   | 0.478       |
|    learning_rate        | 0.0003      |
|    loss                 | -0.0344     |
|    n_updates            | 4410        |
|    policy_gradient_loss | -0.0335     |
|    std                  | 1.04        |
|    value_loss           | 0.106       |
-----------------------------------------
---------------------------------------
| rollout/                |           |
|    ep_len_mean          | 354       |
|    ep_rew_mean          | 120       |
| time/                   |           |
|    fps                  | 437       |
|    iterations           | 443       |
|    time_elapsed         | 2075      |
|    total_timesteps      | 907264    |
| train/                  |           |
|    approx_kl            | 0.0237834 |
|    clip_fraction        | 0.243     |
|    clip_range           | 0.2       |
|    entropy_loss         | -7.29     |
|    explained_variance   | 0.37      |
|    learning_rate        | 0.0003    |
|    loss                 | -0.0276   |
|    n_updates            | 4420      |
|    policy_gradient_loss | -0.0327   |
|    std                  | 1.04      |
|    value_loss           | 0.12      |
---------------------------------------
-----------------------------------------
| rollout/                |             |
|    ep_len_mean          | 357         |
|    ep_rew_mean          | 121         |
| time/                   |             |
|    fps                  | 437         |
|    iterations           | 444         |
|    time_elapsed         | 2078        |
|    total_timesteps      | 909312      |
| train/                  |             |
|    approx_kl            | 0.022652358 |
|    clip_fraction        | 0.24        |
|    clip_range           | 0.2         |
|    entropy_loss         | -7.28       |
|    explained_variance   | 0.389       |
|    learning_rate        | 0.0003      |
|    loss                 | -0.00876    |
|    n_updates            | 4430        |
|    policy_gradient_loss | -0.035      |
|    std                  | 1.04        |
|    value_loss           | 0.138       |
-----------------------------------------
-----------------------------------------
| rollout/                |             |
|    ep_len_mean          | 360         |
|    ep_rew_mean          | 123         |
| time/                   |             |
|    fps                  | 438         |
|    iterations           | 445         |
|    time_elapsed         | 2080        |
|    total_timesteps      | 911360      |
| train/                  |             |
|    approx_kl            | 0.027900442 |
|    clip_fraction        | 0.252       |
|    clip_range           | 0.2         |
|    entropy_loss         | -7.28       |
|    explained_variance   | -0.0174     |
|    learning_rate        | 0.0003      |
|    loss                 | -0.0513     |
|    n_updates            | 4440        |
|    policy_gradient_loss | -0.0318     |
|    std                  | 1.04        |
|    value_loss           | 0.0784      |
-----------------------------------------
-----------------------------------------
| rollout/                |             |
|    ep_len_mean          | 360         |
|    ep_rew_mean          | 123         |
| time/                   |             |
|    fps                  | 438         |
|    iterations           | 446         |
|    time_elapsed         | 2082        |
|    total_timesteps      | 913408      |
| train/                  |             |
|    approx_kl            | 0.020375025 |
|    clip_fraction        | 0.232       |
|    clip_range           | 0.2         |
|    entropy_loss         | -7.27       |
|    explained_variance   | 0.285       |
|    learning_rate        | 0.0003      |
|    loss                 | 0.012       |
|    n_updates            | 4450        |
|    policy_gradient_loss | -0.0261     |
|    std                  | 1.04        |
|    value_loss           | 0.158       |
-----------------------------------------
----------------------------------------
| rollout/                |            |
|    ep_len_mean          | 364        |
|    ep_rew_mean          | 126        |
| time/                   |            |
|    fps                  | 439        |
|    iterations           | 447        |
|    time_elapsed         | 2084       |
|    total_timesteps      | 915456     |
| train/                  |            |
|    approx_kl            | 0.02167844 |
|    clip_fraction        | 0.233      |
|    clip_range           | 0.2        |
|    entropy_loss         | -7.26      |
|    explained_variance   | 0.465      |
|    learning_rate        | 0.0003     |
|    loss                 | -0.0453    |
|    n_updates            | 4460       |
|    policy_gradient_loss | -0.0325    |
|    std                  | 1.03       |
|    value_loss           | 0.0666     |
----------------------------------------
-----------------------------------------
| rollout/                |             |
|    ep_len_mean          | 364         |
|    ep_rew_mean          | 125         |
| time/                   |             |
|    fps                  | 439         |
|    iterations           | 448         |
|    time_elapsed         | 2087        |
|    total_timesteps      | 917504      |
| train/                  |             |
|    approx_kl            | 0.025303997 |
|    clip_fraction        | 0.24        |
|    clip_range           | 0.2         |
|    entropy_loss         | -7.25       |
|    explained_variance   | 0.571       |
|    learning_rate        | 0.0003      |
|    loss                 | -0.0725     |
|    n_updates            | 4470        |
|    policy_gradient_loss | -0.0364     |
|    std                  | 1.03        |
|    value_loss           | 0.0829      |
-----------------------------------------
-----------------------------------------
| rollout/                |             |
|    ep_len_mean          | 366         |
|    ep_rew_mean          | 126         |
| time/                   |             |
|    fps                  | 440         |
|    iterations           | 449         |
|    time_elapsed         | 2089        |
|    total_timesteps      | 919552      |
| train/                  |             |
|    approx_kl            | 0.023650667 |
|    clip_fraction        | 0.255       |
|    clip_range           | 0.2         |
|    entropy_loss         | -7.24       |
|    explained_variance   | 0.345       |
|    learning_rate        | 0.0003      |
|    loss                 | -0.0476     |
|    n_updates            | 4480        |
|    policy_gradient_loss | -0.0371     |
|    std                  | 1.03        |
|    value_loss           | 0.097       |
-----------------------------------------
-----------------------------------------
| rollout/                |             |
|    ep_len_mean          | 366         |
|    ep_rew_mean          | 125         |
| time/                   |             |
|    fps                  | 440         |
|    iterations           | 450         |
|    time_elapsed         | 2091        |
|    total_timesteps      | 921600      |
| train/                  |             |
|    approx_kl            | 0.022486906 |
|    clip_fraction        | 0.254       |
|    clip_range           | 0.2         |
|    entropy_loss         | -7.24       |
|    explained_variance   | 0.116       |
|    learning_rate        | 0.0003      |
|    loss                 | -0.0248     |
|    n_updates            | 4490        |
|    policy_gradient_loss | -0.0317     |
|    std                  | 1.03        |
|    value_loss           | 0.132       |
-----------------------------------------
-----------------------------------------
| rollout/                |             |
|    ep_len_mean          | 367         |
|    ep_rew_mean          | 126         |
| time/                   |             |
|    fps                  | 441         |
|    iterations           | 451         |
|    time_elapsed         | 2094        |
|    total_timesteps      | 923648      |
| train/                  |             |
|    approx_kl            | 0.028621271 |
|    clip_fraction        | 0.272       |
|    clip_range           | 0.2         |
|    entropy_loss         | -7.23       |
|    explained_variance   | 0.295       |
|    learning_rate        | 0.0003      |
|    loss                 | -0.0328     |
|    n_updates            | 4500        |
|    policy_gradient_loss | -0.0348     |
|    std                  | 1.03        |
|    value_loss           | 0.115       |
-----------------------------------------
-----------------------------------------
| rollout/                |             |
|    ep_len_mean          | 370         |
|    ep_rew_mean          | 127         |
| time/                   |             |
|    fps                  | 441         |
|    iterations           | 452         |
|    time_elapsed         | 2096        |
|    total_timesteps      | 925696      |
| train/                  |             |
|    approx_kl            | 0.023297885 |
|    clip_fraction        | 0.25        |
|    clip_range           | 0.2         |
|    entropy_loss         | -7.22       |
|    explained_variance   | 0.38        |
|    learning_rate        | 0.0003      |
|    loss                 | -0.0368     |
|    n_updates            | 4510        |
|    policy_gradient_loss | -0.0348     |
|    std                  | 1.03        |
|    value_loss           | 0.143       |
-----------------------------------------
-----------------------------------------
| rollout/                |             |
|    ep_len_mean          | 370         |
|    ep_rew_mean          | 128         |
| time/                   |             |
|    fps                  | 442         |
|    iterations           | 453         |
|    time_elapsed         | 2098        |
|    total_timesteps      | 927744      |
| train/                  |             |
|    approx_kl            | 0.020658467 |
|    clip_fraction        | 0.224       |
|    clip_range           | 0.2         |
|    entropy_loss         | -7.21       |
|    explained_variance   | 0.661       |
|    learning_rate        | 0.0003      |
|    loss                 | -0.0842     |
|    n_updates            | 4520        |
|    policy_gradient_loss | -0.0356     |
|    std                  | 1.02        |
|    value_loss           | 0.0348      |
-----------------------------------------
-----------------------------------------
| rollout/                |             |
|    ep_len_mean          | 370         |
|    ep_rew_mean          | 128         |
| time/                   |             |
|    fps                  | 442         |
|    iterations           | 454         |
|    time_elapsed         | 2101        |
|    total_timesteps      | 929792      |
| train/                  |             |
|    approx_kl            | 0.020257171 |
|    clip_fraction        | 0.24        |
|    clip_range           | 0.2         |
|    entropy_loss         | -7.19       |
|    explained_variance   | 0.566       |
|    learning_rate        | 0.0003      |
|    loss                 | -0.0443     |
|    n_updates            | 4530        |
|    policy_gradient_loss | -0.0297     |
|    std                  | 1.02        |
|    value_loss           | 0.0793      |
-----------------------------------------
-----------------------------------------
| rollout/                |             |
|    ep_len_mean          | 372         |
|    ep_rew_mean          | 129         |
| time/                   |             |
|    fps                  | 442         |
|    iterations           | 455         |
|    time_elapsed         | 2103        |
|    total_timesteps      | 931840      |
| train/                  |             |
|    approx_kl            | 0.022847047 |
|    clip_fraction        | 0.242       |
|    clip_range           | 0.2         |
|    entropy_loss         | -7.2        |
|    explained_variance   | 0.513       |
|    learning_rate        | 0.0003      |
|    loss                 | -0.038      |
|    n_updates            | 4540        |
|    policy_gradient_loss | -0.038      |
|    std                  | 1.02        |
|    value_loss           | 0.102       |
-----------------------------------------
-----------------------------------------
| rollout/                |             |
|    ep_len_mean          | 371         |
|    ep_rew_mean          | 128         |
| time/                   |             |
|    fps                  | 443         |
|    iterations           | 456         |
|    time_elapsed         | 2105        |
|    total_timesteps      | 933888      |
| train/                  |             |
|    approx_kl            | 0.025802702 |
|    clip_fraction        | 0.263       |
|    clip_range           | 0.2         |
|    entropy_loss         | -7.19       |
|    explained_variance   | 0.135       |
|    learning_rate        | 0.0003      |
|    loss                 | -0.053      |
|    n_updates            | 4550        |
|    policy_gradient_loss | -0.0421     |
|    std                  | 1.02        |
|    value_loss           | 0.0897      |
-----------------------------------------
-----------------------------------------
| rollout/                |             |
|    ep_len_mean          | 371         |
|    ep_rew_mean          | 127         |
| time/                   |             |
|    fps                  | 443         |
|    iterations           | 457         |
|    time_elapsed         | 2108        |
|    total_timesteps      | 935936      |
| train/                  |             |
|    approx_kl            | 0.019898266 |
|    clip_fraction        | 0.254       |
|    clip_range           | 0.2         |
|    entropy_loss         | -7.17       |
|    explained_variance   | 0.407       |
|    learning_rate        | 0.0003      |
|    loss                 | -0.0611     |
|    n_updates            | 4560        |
|    policy_gradient_loss | -0.0356     |
|    std                  | 1.01        |
|    value_loss           | 0.0997      |
-----------------------------------------
-----------------------------------------
| rollout/                |             |
|    ep_len_mean          | 371         |
|    ep_rew_mean          | 127         |
| time/                   |             |
|    fps                  | 444         |
|    iterations           | 458         |
|    time_elapsed         | 2110        |
|    total_timesteps      | 937984      |
| train/                  |             |
|    approx_kl            | 0.024399774 |
|    clip_fraction        | 0.27        |
|    clip_range           | 0.2         |
|    entropy_loss         | -7.15       |
|    explained_variance   | 0.43        |
|    learning_rate        | 0.0003      |
|    loss                 | -0.0486     |
|    n_updates            | 4570        |
|    policy_gradient_loss | -0.0347     |
|    std                  | 1.01        |
|    value_loss           | 0.126       |
-----------------------------------------
----------------------------------------
| rollout/                |            |
|    ep_len_mean          | 371        |
|    ep_rew_mean          | 126        |
| time/                   |            |
|    fps                  | 444        |
|    iterations           | 459        |
|    time_elapsed         | 2112       |
|    total_timesteps      | 940032     |
| train/                  |            |
|    approx_kl            | 0.02461284 |
|    clip_fraction        | 0.254      |
|    clip_range           | 0.2        |
|    entropy_loss         | -7.16      |
|    explained_variance   | 0.114      |
|    learning_rate        | 0.0003     |
|    loss                 | -0.0114    |
|    n_updates            | 4580       |
|    policy_gradient_loss | -0.0326    |
|    std                  | 1.01       |
|    value_loss           | 0.139      |
----------------------------------------
----------------------------------------
| rollout/                |            |
|    ep_len_mean          | 373        |
|    ep_rew_mean          | 133        |
| time/                   |            |
|    fps                  | 445        |
|    iterations           | 460        |
|    time_elapsed         | 2115       |
|    total_timesteps      | 942080     |
| train/                  |            |
|    approx_kl            | 0.02138909 |
|    clip_fraction        | 0.222      |
|    clip_range           | 0.2        |
|    entropy_loss         | -7.15      |
|    explained_variance   | 0.355      |
|    learning_rate        | 0.0003     |
|    loss                 | -0.0606    |
|    n_updates            | 4590       |
|    policy_gradient_loss | -0.0344    |
|    std                  | 1.01       |
|    value_loss           | 0.0559     |
----------------------------------------
-----------------------------------------
| rollout/                |             |
|    ep_len_mean          | 370         |
|    ep_rew_mean          | 132         |
| time/                   |             |
|    fps                  | 445         |
|    iterations           | 461         |
|    time_elapsed         | 2117        |
|    total_timesteps      | 944128      |
| train/                  |             |
|    approx_kl            | 0.027902842 |
|    clip_fraction        | 0.267       |
|    clip_range           | 0.2         |
|    entropy_loss         | -7.13       |
|    explained_variance   | 0.27        |
|    learning_rate        | 0.0003      |
|    loss                 | -0.0452     |
|    n_updates            | 4600        |
|    policy_gradient_loss | -0.0319     |
|    std                  | 1.01        |
|    value_loss           | 0.147       |
-----------------------------------------
-----------------------------------------
| rollout/                |             |
|    ep_len_mean          | 370         |
|    ep_rew_mean          | 132         |
| time/                   |             |
|    fps                  | 446         |
|    iterations           | 462         |
|    time_elapsed         | 2119        |
|    total_timesteps      | 946176      |
| train/                  |             |
|    approx_kl            | 0.020824533 |
|    clip_fraction        | 0.243       |
|    clip_range           | 0.2         |
|    entropy_loss         | -7.14       |
|    explained_variance   | 0.346       |
|    learning_rate        | 0.0003      |
|    loss                 | 0.00229     |
|    n_updates            | 4610        |
|    policy_gradient_loss | -0.0333     |
|    std                  | 1.01        |
|    value_loss           | 0.208       |
-----------------------------------------
-----------------------------------------
| rollout/                |             |
|    ep_len_mean          | 370         |
|    ep_rew_mean          | 131         |
| time/                   |             |
|    fps                  | 446         |
|    iterations           | 463         |
|    time_elapsed         | 2122        |
|    total_timesteps      | 948224      |
| train/                  |             |
|    approx_kl            | 0.018837307 |
|    clip_fraction        | 0.216       |
|    clip_range           | 0.2         |
|    entropy_loss         | -7.15       |
|    explained_variance   | 0.44        |
|    learning_rate        | 0.0003      |
|    loss                 | -0.0646     |
|    n_updates            | 4620        |
|    policy_gradient_loss | -0.0319     |
|    std                  | 1.01        |
|    value_loss           | 0.0495      |
-----------------------------------------
-----------------------------------------
| rollout/                |             |
|    ep_len_mean          | 370         |
|    ep_rew_mean          | 132         |
| time/                   |             |
|    fps                  | 447         |
|    iterations           | 464         |
|    time_elapsed         | 2124        |
|    total_timesteps      | 950272      |
| train/                  |             |
|    approx_kl            | 0.023584336 |
|    clip_fraction        | 0.272       |
|    clip_range           | 0.2         |
|    entropy_loss         | -7.14       |
|    explained_variance   | -0.0348     |
|    learning_rate        | 0.0003      |
|    loss                 | -0.0353     |
|    n_updates            | 4630        |
|    policy_gradient_loss | -0.0345     |
|    std                  | 1.01        |
|    value_loss           | 0.118       |
-----------------------------------------
-----------------------------------------
| rollout/                |             |
|    ep_len_mean          | 370         |
|    ep_rew_mean          | 132         |
| time/                   |             |
|    fps                  | 447         |
|    iterations           | 465         |
|    time_elapsed         | 2126        |
|    total_timesteps      | 952320      |
| train/                  |             |
|    approx_kl            | 0.019048583 |
|    clip_fraction        | 0.231       |
|    clip_range           | 0.2         |
|    entropy_loss         | -7.14       |
|    explained_variance   | 0.289       |
|    learning_rate        | 0.0003      |
|    loss                 | -0.0544     |
|    n_updates            | 4640        |
|    policy_gradient_loss | -0.0358     |
|    std                  | 1.01        |
|    value_loss           | 0.13        |
-----------------------------------------
-----------------------------------------
| rollout/                |             |
|    ep_len_mean          | 370         |
|    ep_rew_mean          | 132         |
| time/                   |             |
|    fps                  | 448         |
|    iterations           | 466         |
|    time_elapsed         | 2129        |
|    total_timesteps      | 954368      |
| train/                  |             |
|    approx_kl            | 0.022224566 |
|    clip_fraction        | 0.244       |
|    clip_range           | 0.2         |
|    entropy_loss         | -7.13       |
|    explained_variance   | 0.566       |
|    learning_rate        | 0.0003      |
|    loss                 | -0.078      |
|    n_updates            | 4650        |
|    policy_gradient_loss | -0.0372     |
|    std                  | 1.01        |
|    value_loss           | 0.0452      |
-----------------------------------------
---------------------------------------
| rollout/                |           |
|    ep_len_mean          | 370       |
|    ep_rew_mean          | 132       |
| time/                   |           |
|    fps                  | 448       |
|    iterations           | 467       |
|    time_elapsed         | 2131      |
|    total_timesteps      | 956416    |
| train/                  |           |
|    approx_kl            | 0.0216921 |
|    clip_fraction        | 0.23      |
|    clip_range           | 0.2       |
|    entropy_loss         | -7.12     |
|    explained_variance   | 0.461     |
|    learning_rate        | 0.0003    |
|    loss                 | -0.0245   |
|    n_updates            | 4660      |
|    policy_gradient_loss | -0.0275   |
|    std                  | 1.01      |
|    value_loss           | 0.113     |
---------------------------------------
-----------------------------------------
| rollout/                |             |
|    ep_len_mean          | 370         |
|    ep_rew_mean          | 132         |
| time/                   |             |
|    fps                  | 449         |
|    iterations           | 468         |
|    time_elapsed         | 2133        |
|    total_timesteps      | 958464      |
| train/                  |             |
|    approx_kl            | 0.024406139 |
|    clip_fraction        | 0.252       |
|    clip_range           | 0.2         |
|    entropy_loss         | -7.11       |
|    explained_variance   | 0.23        |
|    learning_rate        | 0.0003      |
|    loss                 | -0.00878    |
|    n_updates            | 4670        |
|    policy_gradient_loss | -0.034      |
|    std                  | 1           |
|    value_loss           | 0.17        |
-----------------------------------------
-----------------------------------------
| rollout/                |             |
|    ep_len_mean          | 368         |
|    ep_rew_mean          | 132         |
| time/                   |             |
|    fps                  | 449         |
|    iterations           | 469         |
|    time_elapsed         | 2136        |
|    total_timesteps      | 960512      |
| train/                  |             |
|    approx_kl            | 0.023891214 |
|    clip_fraction        | 0.252       |
|    clip_range           | 0.2         |
|    entropy_loss         | -7.1        |
|    explained_variance   | 0.608       |
|    learning_rate        | 0.0003      |
|    loss                 | -0.0481     |
|    n_updates            | 4680        |
|    policy_gradient_loss | -0.0386     |
|    std                  | 0.999       |
|    value_loss           | 0.0563      |
-----------------------------------------
-----------------------------------------
| rollout/                |             |
|    ep_len_mean          | 368         |
|    ep_rew_mean          | 132         |
| time/                   |             |
|    fps                  | 450         |
|    iterations           | 470         |
|    time_elapsed         | 2138        |
|    total_timesteps      | 962560      |
| train/                  |             |
|    approx_kl            | 0.021745522 |
|    clip_fraction        | 0.23        |
|    clip_range           | 0.2         |
|    entropy_loss         | -7.09       |
|    explained_variance   | 0.364       |
|    learning_rate        | 0.0003      |
|    loss                 | -0.048      |
|    n_updates            | 4690        |
|    policy_gradient_loss | -0.0312     |
|    std                  | 1           |
|    value_loss           | 0.1         |
-----------------------------------------
-----------------------------------------
| rollout/                |             |
|    ep_len_mean          | 368         |
|    ep_rew_mean          | 132         |
| time/                   |             |
|    fps                  | 450         |
|    iterations           | 471         |
|    time_elapsed         | 2140        |
|    total_timesteps      | 964608      |
| train/                  |             |
|    approx_kl            | 0.023315135 |
|    clip_fraction        | 0.253       |
|    clip_range           | 0.2         |
|    entropy_loss         | -7.1        |
|    explained_variance   | 0.171       |
|    learning_rate        | 0.0003      |
|    loss                 | -0.0493     |
|    n_updates            | 4700        |
|    policy_gradient_loss | -0.0318     |
|    std                  | 1           |
|    value_loss           | 0.101       |
-----------------------------------------
-----------------------------------------
| rollout/                |             |
|    ep_len_mean          | 368         |
|    ep_rew_mean          | 133         |
| time/                   |             |
|    fps                  | 451         |
|    iterations           | 472         |
|    time_elapsed         | 2142        |
|    total_timesteps      | 966656      |
| train/                  |             |
|    approx_kl            | 0.021623015 |
|    clip_fraction        | 0.233       |
|    clip_range           | 0.2         |
|    entropy_loss         | -7.11       |
|    explained_variance   | 0.573       |
|    learning_rate        | 0.0003      |
|    loss                 | -0.0759     |
|    n_updates            | 4710        |
|    policy_gradient_loss | -0.0338     |
|    std                  | 1           |
|    value_loss           | 0.0506      |
-----------------------------------------
-----------------------------------------
| rollout/                |             |
|    ep_len_mean          | 369         |
|    ep_rew_mean          | 133         |
| time/                   |             |
|    fps                  | 451         |
|    iterations           | 473         |
|    time_elapsed         | 2145        |
|    total_timesteps      | 968704      |
| train/                  |             |
|    approx_kl            | 0.023077298 |
|    clip_fraction        | 0.264       |
|    clip_range           | 0.2         |
|    entropy_loss         | -7.12       |
|    explained_variance   | 0.342       |
|    learning_rate        | 0.0003      |
|    loss                 | -0.0142     |
|    n_updates            | 4720        |
|    policy_gradient_loss | -0.0331     |
|    std                  | 1.01        |
|    value_loss           | 0.151       |
-----------------------------------------
----------------------------------------
| rollout/                |            |
|    ep_len_mean          | 369        |
|    ep_rew_mean          | 133        |
| time/                   |            |
|    fps                  | 452        |
|    iterations           | 474        |
|    time_elapsed         | 2147       |
|    total_timesteps      | 970752     |
| train/                  |            |
|    approx_kl            | 0.02405417 |
|    clip_fraction        | 0.25       |
|    clip_range           | 0.2        |
|    entropy_loss         | -7.13      |
|    explained_variance   | 0.141      |
|    learning_rate        | 0.0003     |
|    loss                 | 0.000933   |
|    n_updates            | 4730       |
|    policy_gradient_loss | -0.0389    |
|    std                  | 1.01       |
|    value_loss           | 0.179      |
----------------------------------------
-----------------------------------------
| rollout/                |             |
|    ep_len_mean          | 367         |
|    ep_rew_mean          | 133         |
| time/                   |             |
|    fps                  | 452         |
|    iterations           | 475         |
|    time_elapsed         | 2149        |
|    total_timesteps      | 972800      |
| train/                  |             |
|    approx_kl            | 0.018767286 |
|    clip_fraction        | 0.211       |
|    clip_range           | 0.2         |
|    entropy_loss         | -7.13       |
|    explained_variance   | 0.314       |
|    learning_rate        | 0.0003      |
|    loss                 | -0.0664     |
|    n_updates            | 4740        |
|    policy_gradient_loss | -0.0354     |
|    std                  | 1.01        |
|    value_loss           | 0.0609      |
-----------------------------------------
-----------------------------------------
| rollout/                |             |
|    ep_len_mean          | 367         |
|    ep_rew_mean          | 133         |
| time/                   |             |
|    fps                  | 452         |
|    iterations           | 476         |
|    time_elapsed         | 2152        |
|    total_timesteps      | 974848      |
| train/                  |             |
|    approx_kl            | 0.022901457 |
|    clip_fraction        | 0.272       |
|    clip_range           | 0.2         |
|    entropy_loss         | -7.13       |
|    explained_variance   | 0.369       |
|    learning_rate        | 0.0003      |
|    loss                 | -0.0523     |
|    n_updates            | 4750        |
|    policy_gradient_loss | -0.0346     |
|    std                  | 1.01        |
|    value_loss           | 0.12        |
-----------------------------------------
-----------------------------------------
| rollout/                |             |
|    ep_len_mean          | 367         |
|    ep_rew_mean          | 133         |
| time/                   |             |
|    fps                  | 453         |
|    iterations           | 477         |
|    time_elapsed         | 2154        |
|    total_timesteps      | 976896      |
| train/                  |             |
|    approx_kl            | 0.021014739 |
|    clip_fraction        | 0.238       |
|    clip_range           | 0.2         |
|    entropy_loss         | -7.12       |
|    explained_variance   | 0.238       |
|    learning_rate        | 0.0003      |
|    loss                 | -0.0587     |
|    n_updates            | 4760        |
|    policy_gradient_loss | -0.0366     |
|    std                  | 1           |
|    value_loss           | 0.0867      |
-----------------------------------------
----------------------------------------
| rollout/                |            |
|    ep_len_mean          | 366        |
|    ep_rew_mean          | 129        |
| time/                   |            |
|    fps                  | 453        |
|    iterations           | 478        |
|    time_elapsed         | 2156       |
|    total_timesteps      | 978944     |
| train/                  |            |
|    approx_kl            | 0.02102693 |
|    clip_fraction        | 0.237      |
|    clip_range           | 0.2        |
|    entropy_loss         | -7.1       |
|    explained_variance   | 0.536      |
|    learning_rate        | 0.0003     |
|    loss                 | -0.0678    |
|    n_updates            | 4770       |
|    policy_gradient_loss | -0.0343    |
|    std                  | 1          |
|    value_loss           | 0.0676     |
----------------------------------------
-----------------------------------------
| rollout/                |             |
|    ep_len_mean          | 369         |
|    ep_rew_mean          | 130         |
| time/                   |             |
|    fps                  | 454         |
|    iterations           | 479         |
|    time_elapsed         | 2158        |
|    total_timesteps      | 980992      |
| train/                  |             |
|    approx_kl            | 0.026255205 |
|    clip_fraction        | 0.266       |
|    clip_range           | 0.2         |
|    entropy_loss         | -7.09       |
|    explained_variance   | 0.198       |
|    learning_rate        | 0.0003      |
|    loss                 | -0.0327     |
|    n_updates            | 4780        |
|    policy_gradient_loss | -0.0334     |
|    std                  | 1           |
|    value_loss           | 0.154       |
-----------------------------------------
-----------------------------------------
| rollout/                |             |
|    ep_len_mean          | 370         |
|    ep_rew_mean          | 130         |
| time/                   |             |
|    fps                  | 454         |
|    iterations           | 480         |
|    time_elapsed         | 2161        |
|    total_timesteps      | 983040      |
| train/                  |             |
|    approx_kl            | 0.019172985 |
|    clip_fraction        | 0.222       |
|    clip_range           | 0.2         |
|    entropy_loss         | -7.09       |
|    explained_variance   | 0.466       |
|    learning_rate        | 0.0003      |
|    loss                 | -0.00451    |
|    n_updates            | 4790        |
|    policy_gradient_loss | -0.0299     |
|    std                  | 1           |
|    value_loss           | 0.126       |
-----------------------------------------
-----------------------------------------
| rollout/                |             |
|    ep_len_mean          | 365         |
|    ep_rew_mean          | 128         |
| time/                   |             |
|    fps                  | 455         |
|    iterations           | 481         |
|    time_elapsed         | 2163        |
|    total_timesteps      | 985088      |
| train/                  |             |
|    approx_kl            | 0.019695733 |
|    clip_fraction        | 0.238       |
|    clip_range           | 0.2         |
|    entropy_loss         | -7.1        |
|    explained_variance   | 0.523       |
|    learning_rate        | 0.0003      |
|    loss                 | -0.0395     |
|    n_updates            | 4800        |
|    policy_gradient_loss | -0.0343     |
|    std                  | 1           |
|    value_loss           | 0.0757      |
-----------------------------------------
-----------------------------------------
| rollout/                |             |
|    ep_len_mean          | 362         |
|    ep_rew_mean          | 126         |
| time/                   |             |
|    fps                  | 455         |
|    iterations           | 482         |
|    time_elapsed         | 2165        |
|    total_timesteps      | 987136      |
| train/                  |             |
|    approx_kl            | 0.022015596 |
|    clip_fraction        | 0.215       |
|    clip_range           | 0.2         |
|    entropy_loss         | -7.12       |
|    explained_variance   | 0.432       |
|    learning_rate        | 0.0003      |
|    loss                 | -0.00772    |
|    n_updates            | 4810        |
|    policy_gradient_loss | -0.035      |
|    std                  | 1.01        |
|    value_loss           | 0.146       |
-----------------------------------------
-----------------------------------------
| rollout/                |             |
|    ep_len_mean          | 362         |
|    ep_rew_mean          | 126         |
| time/                   |             |
|    fps                  | 456         |
|    iterations           | 483         |
|    time_elapsed         | 2168        |
|    total_timesteps      | 989184      |
| train/                  |             |
|    approx_kl            | 0.020902364 |
|    clip_fraction        | 0.229       |
|    clip_range           | 0.2         |
|    entropy_loss         | -7.12       |
|    explained_variance   | 0.581       |
|    learning_rate        | 0.0003      |
|    loss                 | -0.0535     |
|    n_updates            | 4820        |
|    policy_gradient_loss | -0.0325     |
|    std                  | 1           |
|    value_loss           | 0.051       |
-----------------------------------------
-----------------------------------------
| rollout/                |             |
|    ep_len_mean          | 360         |
|    ep_rew_mean          | 125         |
| time/                   |             |
|    fps                  | 456         |
|    iterations           | 484         |
|    time_elapsed         | 2170        |
|    total_timesteps      | 991232      |
| train/                  |             |
|    approx_kl            | 0.019875456 |
|    clip_fraction        | 0.221       |
|    clip_range           | 0.2         |
|    entropy_loss         | -7.09       |
|    explained_variance   | 0.661       |
|    learning_rate        | 0.0003      |
|    loss                 | -0.064      |
|    n_updates            | 4830        |
|    policy_gradient_loss | -0.0353     |
|    std                  | 0.998       |
|    value_loss           | 0.0365      |
-----------------------------------------
-----------------------------------------
| rollout/                |             |
|    ep_len_mean          | 360         |
|    ep_rew_mean          | 125         |
| time/                   |             |
|    fps                  | 457         |
|    iterations           | 485         |
|    time_elapsed         | 2172        |
|    total_timesteps      | 993280      |
| train/                  |             |
|    approx_kl            | 0.023843853 |
|    clip_fraction        | 0.237       |
|    clip_range           | 0.2         |
|    entropy_loss         | -7.08       |
|    explained_variance   | 0.557       |
|    learning_rate        | 0.0003      |
|    loss                 | -0.0325     |
|    n_updates            | 4840        |
|    policy_gradient_loss | -0.0314     |
|    std                  | 1           |
|    value_loss           | 0.101       |
-----------------------------------------
-----------------------------------------
| rollout/                |             |
|    ep_len_mean          | 362         |
|    ep_rew_mean          | 126         |
| time/                   |             |
|    fps                  | 457         |
|    iterations           | 486         |
|    time_elapsed         | 2175        |
|    total_timesteps      | 995328      |
| train/                  |             |
|    approx_kl            | 0.025782734 |
|    clip_fraction        | 0.253       |
|    clip_range           | 0.2         |
|    entropy_loss         | -7.09       |
|    explained_variance   | 0.451       |
|    learning_rate        | 0.0003      |
|    loss                 | -0.00443    |
|    n_updates            | 4850        |
|    policy_gradient_loss | -0.0299     |
|    std                  | 1           |
|    value_loss           | 0.132       |
-----------------------------------------
----------------------------------------
| rollout/                |            |
|    ep_len_mean          | 362        |
|    ep_rew_mean          | 126        |
| time/                   |            |
|    fps                  | 458        |
|    iterations           | 487        |
|    time_elapsed         | 2177       |
|    total_timesteps      | 997376     |
| train/                  |            |
|    approx_kl            | 0.02345996 |
|    clip_fraction        | 0.258      |
|    clip_range           | 0.2        |
|    entropy_loss         | -7.09      |
|    explained_variance   | 0.464      |
|    learning_rate        | 0.0003     |
|    loss                 | -0.051     |
|    n_updates            | 4860       |
|    policy_gradient_loss | -0.0362    |
|    std                  | 1          |
|    value_loss           | 0.104      |
----------------------------------------
-----------------------------------------
| rollout/                |             |
|    ep_len_mean          | 359         |
|    ep_rew_mean          | 124         |
| time/                   |             |
|    fps                  | 458         |
|    iterations           | 488         |
|    time_elapsed         | 2180        |
|    total_timesteps      | 999424      |
| train/                  |             |
|    approx_kl            | 0.020610407 |
|    clip_fraction        | 0.244       |
|    clip_range           | 0.2         |
|    entropy_loss         | -7.09       |
|    explained_variance   | 0.322       |
|    learning_rate        | 0.0003      |
|    loss                 | -0.0436     |
|    n_updates            | 4870        |
|    policy_gradient_loss | -0.0373     |
|    std                  | 1           |
|    value_loss           | 0.125       |
-----------------------------------------
-----------------------------------------
| rollout/                |             |
|    ep_len_mean          | 359         |
|    ep_rew_mean          | 124         |
| time/                   |             |
|    fps                  | 458         |
|    iterations           | 489         |
|    time_elapsed         | 2182        |
|    total_timesteps      | 1001472     |
| train/                  |             |
|    approx_kl            | 0.022299517 |
|    clip_fraction        | 0.249       |
|    clip_range           | 0.2         |
|    entropy_loss         | -7.08       |
|    explained_variance   | 0.38        |
|    learning_rate        | 0.0003      |
|    loss                 | -0.0563     |
|    n_updates            | 4880        |
|    policy_gradient_loss | -0.0357     |
|    std                  | 0.997       |
|    value_loss           | 0.106       |
-----------------------------------------
-----------------------------------------
| rollout/                |             |
|    ep_len_mean          | 359         |
|    ep_rew_mean          | 124         |
| time/                   |             |
|    fps                  | 459         |
|    iterations           | 490         |
|    time_elapsed         | 2185        |
|    total_timesteps      | 1003520     |
| train/                  |             |
|    approx_kl            | 0.023154462 |
|    clip_fraction        | 0.244       |
|    clip_range           | 0.2         |
|    entropy_loss         | -7.08       |
|    explained_variance   | 0.598       |
|    learning_rate        | 0.0003      |
|    loss                 | -0.0572     |
|    n_updates            | 4890        |
|    policy_gradient_loss | -0.0375     |
|    std                  | 0.999       |
|    value_loss           | 0.0753      |
-----------------------------------------
-----------------------------------------
| rollout/                |             |
|    ep_len_mean          | 359         |
|    ep_rew_mean          | 125         |
| time/                   |             |
|    fps                  | 459         |
|    iterations           | 491         |
|    time_elapsed         | 2187        |
|    total_timesteps      | 1005568     |
| train/                  |             |
|    approx_kl            | 0.021428378 |
|    clip_fraction        | 0.242       |
|    clip_range           | 0.2         |
|    entropy_loss         | -7.08       |
|    explained_variance   | 0.728       |
|    learning_rate        | 0.0003      |
|    loss                 | -0.0595     |
|    n_updates            | 4900        |
|    policy_gradient_loss | -0.0334     |
|    std                  | 0.999       |
|    value_loss           | 0.075       |
-----------------------------------------
-----------------------------------------
| rollout/                |             |
|    ep_len_mean          | 359         |
|    ep_rew_mean          | 125         |
| time/                   |             |
|    fps                  | 460         |
|    iterations           | 492         |
|    time_elapsed         | 2189        |
|    total_timesteps      | 1007616     |
| train/                  |             |
|    approx_kl            | 0.025246156 |
|    clip_fraction        | 0.248       |
|    clip_range           | 0.2         |
|    entropy_loss         | -7.08       |
|    explained_variance   | 0.626       |
|    learning_rate        | 0.0003      |
|    loss                 | -0.0582     |
|    n_updates            | 4910        |
|    policy_gradient_loss | -0.0407     |
|    std                  | 0.997       |
|    value_loss           | 0.0778      |
-----------------------------------------
----------------------------------------
| rollout/                |            |
|    ep_len_mean          | 359        |
|    ep_rew_mean          | 125        |
| time/                   |            |
|    fps                  | 460        |
|    iterations           | 493        |
|    time_elapsed         | 2192       |
|    total_timesteps      | 1009664    |
| train/                  |            |
|    approx_kl            | 0.02268921 |
|    clip_fraction        | 0.257      |
|    clip_range           | 0.2        |
|    entropy_loss         | -7.07      |
|    explained_variance   | 0.621      |
|    learning_rate        | 0.0003     |
|    loss                 | -0.0238    |
|    n_updates            | 4920       |
|    policy_gradient_loss | -0.0325    |
|    std                  | 0.996      |
|    value_loss           | 0.121      |
----------------------------------------
-----------------------------------------
| rollout/                |             |
|    ep_len_mean          | 361         |
|    ep_rew_mean          | 126         |
| time/                   |             |
|    fps                  | 460         |
|    iterations           | 494         |
|    time_elapsed         | 2194        |
|    total_timesteps      | 1011712     |
| train/                  |             |
|    approx_kl            | 0.022425802 |
|    clip_fraction        | 0.274       |
|    clip_range           | 0.2         |
|    entropy_loss         | -7.07       |
|    explained_variance   | 0.627       |
|    learning_rate        | 0.0003      |
|    loss                 | -0.0222     |
|    n_updates            | 4930        |
|    policy_gradient_loss | -0.0377     |
|    std                  | 0.996       |
|    value_loss           | 0.143       |
-----------------------------------------
-----------------------------------------
| rollout/                |             |
|    ep_len_mean          | 361         |
|    ep_rew_mean          | 126         |
| time/                   |             |
|    fps                  | 461         |
|    iterations           | 495         |
|    time_elapsed         | 2197        |
|    total_timesteps      | 1013760     |
| train/                  |             |
|    approx_kl            | 0.023559883 |
|    clip_fraction        | 0.241       |
|    clip_range           | 0.2         |
|    entropy_loss         | -7.06       |
|    explained_variance   | 0.501       |
|    learning_rate        | 0.0003      |
|    loss                 | -0.0478     |
|    n_updates            | 4940        |
|    policy_gradient_loss | -0.0328     |
|    std                  | 0.993       |
|    value_loss           | 0.0809      |
-----------------------------------------
----------------------------------------
| rollout/                |            |
|    ep_len_mean          | 361        |
|    ep_rew_mean          | 129        |
| time/                   |            |
|    fps                  | 461        |
|    iterations           | 496        |
|    time_elapsed         | 2199       |
|    total_timesteps      | 1015808    |
| train/                  |            |
|    approx_kl            | 0.01845843 |
|    clip_fraction        | 0.216      |
|    clip_range           | 0.2        |
|    entropy_loss         | -7.05      |
|    explained_variance   | 0.32       |
|    learning_rate        | 0.0003     |
|    loss                 | -0.0374    |
|    n_updates            | 4950       |
|    policy_gradient_loss | -0.0317    |
|    std                  | 0.994      |
|    value_loss           | 0.129      |
----------------------------------------
--------------------------------------
| rollout/                |          |
|    ep_len_mean          | 361      |
|    ep_rew_mean          | 130      |
| time/                   |          |
|    fps                  | 462      |
|    iterations           | 497      |
|    time_elapsed         | 2201     |
|    total_timesteps      | 1017856  |
| train/                  |          |
|    approx_kl            | 0.026517 |
|    clip_fraction        | 0.254    |
|    clip_range           | 0.2      |
|    entropy_loss         | -7.06    |
|    explained_variance   | 0.277    |
|    learning_rate        | 0.0003   |
|    loss                 | -0.0505  |
|    n_updates            | 4960     |
|    policy_gradient_loss | -0.038   |
|    std                  | 0.994    |
|    value_loss           | 0.0798   |
--------------------------------------
-----------------------------------------
| rollout/                |             |
|    ep_len_mean          | 363         |
|    ep_rew_mean          | 132         |
| time/                   |             |
|    fps                  | 462         |
|    iterations           | 498         |
|    time_elapsed         | 2204        |
|    total_timesteps      | 1019904     |
| train/                  |             |
|    approx_kl            | 0.017963544 |
|    clip_fraction        | 0.249       |
|    clip_range           | 0.2         |
|    entropy_loss         | -7.07       |
|    explained_variance   | 0.468       |
|    learning_rate        | 0.0003      |
|    loss                 | -0.0235     |
|    n_updates            | 4970        |
|    policy_gradient_loss | -0.0268     |
|    std                  | 0.998       |
|    value_loss           | 0.0917      |
-----------------------------------------
-----------------------------------------
| rollout/                |             |
|    ep_len_mean          | 368         |
|    ep_rew_mean          | 134         |
| time/                   |             |
|    fps                  | 463         |
|    iterations           | 499         |
|    time_elapsed         | 2206        |
|    total_timesteps      | 1021952     |
| train/                  |             |
|    approx_kl            | 0.023648713 |
|    clip_fraction        | 0.279       |
|    clip_range           | 0.2         |
|    entropy_loss         | -7.08       |
|    explained_variance   | 0.435       |
|    learning_rate        | 0.0003      |
|    loss                 | -0.06       |
|    n_updates            | 4980        |
|    policy_gradient_loss | -0.0375     |
|    std                  | 1           |
|    value_loss           | 0.141       |
-----------------------------------------
-----------------------------------------
| rollout/                |             |
|    ep_len_mean          | 368         |
|    ep_rew_mean          | 134         |
| time/                   |             |
|    fps                  | 463         |
|    iterations           | 500         |
|    time_elapsed         | 2209        |
|    total_timesteps      | 1024000     |
| train/                  |             |
|    approx_kl            | 0.026660806 |
|    clip_fraction        | 0.258       |
|    clip_range           | 0.2         |
|    entropy_loss         | -7.08       |
|    explained_variance   | 0.412       |
|    learning_rate        | 0.0003      |
|    loss                 | -0.0228     |
|    n_updates            | 4990        |
|    policy_gradient_loss | -0.0359     |
|    std                  | 0.998       |
|    value_loss           | 0.129       |
-----------------------------------------
-----------------------------------------
| rollout/                |             |
|    ep_len_mean          | 369         |
|    ep_rew_mean          | 135         |
| time/                   |             |
|    fps                  | 463         |
|    iterations           | 501         |
|    time_elapsed         | 2211        |
|    total_timesteps      | 1026048     |
| train/                  |             |
|    approx_kl            | 0.023234062 |
|    clip_fraction        | 0.242       |
|    clip_range           | 0.2         |
|    entropy_loss         | -7.08       |
|    explained_variance   | 0.453       |
|    learning_rate        | 0.0003      |
|    loss                 | -0.0798     |
|    n_updates            | 5000        |
|    policy_gradient_loss | -0.04       |
|    std                  | 0.997       |
|    value_loss           | 0.0271      |
-----------------------------------------
-----------------------------------------
| rollout/                |             |
|    ep_len_mean          | 370         |
|    ep_rew_mean          | 135         |
| time/                   |             |
|    fps                  | 464         |
|    iterations           | 502         |
|    time_elapsed         | 2214        |
|    total_timesteps      | 1028096     |
| train/                  |             |
|    approx_kl            | 0.021917056 |
|    clip_fraction        | 0.254       |
|    clip_range           | 0.2         |
|    entropy_loss         | -7.07       |
|    explained_variance   | 0.337       |
|    learning_rate        | 0.0003      |
|    loss                 | -0.0202     |
|    n_updates            | 5010        |
|    policy_gradient_loss | -0.0334     |
|    std                  | 0.997       |
|    value_loss           | 0.127       |
-----------------------------------------
----------------------------------------
| rollout/                |            |
|    ep_len_mean          | 370        |
|    ep_rew_mean          | 135        |
| time/                   |            |
|    fps                  | 464        |
|    iterations           | 503        |
|    time_elapsed         | 2216       |
|    total_timesteps      | 1030144    |
| train/                  |            |
|    approx_kl            | 0.02093825 |
|    clip_fraction        | 0.253      |
|    clip_range           | 0.2        |
|    entropy_loss         | -7.07      |
|    explained_variance   | 0.589      |
|    learning_rate        | 0.0003     |
|    loss                 | -0.0594    |
|    n_updates            | 5020       |
|    policy_gradient_loss | -0.0372    |
|    std                  | 0.996      |
|    value_loss           | 0.0763     |
----------------------------------------
-----------------------------------------
| rollout/                |             |
|    ep_len_mean          | 370         |
|    ep_rew_mean          | 136         |
| time/                   |             |
|    fps                  | 465         |
|    iterations           | 504         |
|    time_elapsed         | 2218        |
|    total_timesteps      | 1032192     |
| train/                  |             |
|    approx_kl            | 0.025234813 |
|    clip_fraction        | 0.267       |
|    clip_range           | 0.2         |
|    entropy_loss         | -7.07       |
|    explained_variance   | 0.5         |
|    learning_rate        | 0.0003      |
|    loss                 | -0.0501     |
|    n_updates            | 5030        |
|    policy_gradient_loss | -0.0356     |
|    std                  | 0.996       |
|    value_loss           | 0.087       |
-----------------------------------------
-----------------------------------------
| rollout/                |             |
|    ep_len_mean          | 370         |
|    ep_rew_mean          | 135         |
| time/                   |             |
|    fps                  | 465         |
|    iterations           | 505         |
|    time_elapsed         | 2221        |
|    total_timesteps      | 1034240     |
| train/                  |             |
|    approx_kl            | 0.024748567 |
|    clip_fraction        | 0.253       |
|    clip_range           | 0.2         |
|    entropy_loss         | -7.08       |
|    explained_variance   | 0.486       |
|    learning_rate        | 0.0003      |
|    loss                 | -0.0415     |
|    n_updates            | 5040        |
|    policy_gradient_loss | -0.0379     |
|    std                  | 1           |
|    value_loss           | 0.126       |
-----------------------------------------
-----------------------------------------
| rollout/                |             |
|    ep_len_mean          | 370         |
|    ep_rew_mean          | 135         |
| time/                   |             |
|    fps                  | 466         |
|    iterations           | 506         |
|    time_elapsed         | 2223        |
|    total_timesteps      | 1036288     |
| train/                  |             |
|    approx_kl            | 0.021579634 |
|    clip_fraction        | 0.233       |
|    clip_range           | 0.2         |
|    entropy_loss         | -7.09       |
|    explained_variance   | 0.493       |
|    learning_rate        | 0.0003      |
|    loss                 | -0.055      |
|    n_updates            | 5050        |
|    policy_gradient_loss | -0.034      |
|    std                  | 1           |
|    value_loss           | 0.0914      |
-----------------------------------------
-----------------------------------------
| rollout/                |             |
|    ep_len_mean          | 371         |
|    ep_rew_mean          | 136         |
| time/                   |             |
|    fps                  | 466         |
|    iterations           | 507         |
|    time_elapsed         | 2225        |
|    total_timesteps      | 1038336     |
| train/                  |             |
|    approx_kl            | 0.024756398 |
|    clip_fraction        | 0.239       |
|    clip_range           | 0.2         |
|    entropy_loss         | -7.09       |
|    explained_variance   | 0.414       |
|    learning_rate        | 0.0003      |
|    loss                 | -0.0723     |
|    n_updates            | 5060        |
|    policy_gradient_loss | -0.037      |
|    std                  | 0.998       |
|    value_loss           | 0.0377      |
-----------------------------------------
-----------------------------------------
| rollout/                |             |
|    ep_len_mean          | 367         |
|    ep_rew_mean          | 134         |
| time/                   |             |
|    fps                  | 466         |
|    iterations           | 508         |
|    time_elapsed         | 2228        |
|    total_timesteps      | 1040384     |
| train/                  |             |
|    approx_kl            | 0.026401559 |
|    clip_fraction        | 0.274       |
|    clip_range           | 0.2         |
|    entropy_loss         | -7.08       |
|    explained_variance   | 0.423       |
|    learning_rate        | 0.0003      |
|    loss                 | -0.0502     |
|    n_updates            | 5070        |
|    policy_gradient_loss | -0.0332     |
|    std                  | 1           |
|    value_loss           | 0.116       |
-----------------------------------------
----------------------------------------
| rollout/                |            |
|    ep_len_mean          | 365        |
|    ep_rew_mean          | 132        |
| time/                   |            |
|    fps                  | 467        |
|    iterations           | 509        |
|    time_elapsed         | 2230       |
|    total_timesteps      | 1042432    |
| train/                  |            |
|    approx_kl            | 0.02402005 |
|    clip_fraction        | 0.271      |
|    clip_range           | 0.2        |
|    entropy_loss         | -7.1       |
|    explained_variance   | 0.424      |
|    learning_rate        | 0.0003     |
|    loss                 | -0.0623    |
|    n_updates            | 5080       |
|    policy_gradient_loss | -0.0341    |
|    std                  | 1          |
|    value_loss           | 0.115      |
----------------------------------------
-----------------------------------------
| rollout/                |             |
|    ep_len_mean          | 365         |
|    ep_rew_mean          | 132         |
| time/                   |             |
|    fps                  | 467         |
|    iterations           | 510         |
|    time_elapsed         | 2233        |
|    total_timesteps      | 1044480     |
| train/                  |             |
|    approx_kl            | 0.023099937 |
|    clip_fraction        | 0.252       |
|    clip_range           | 0.2         |
|    entropy_loss         | -7.1        |
|    explained_variance   | 0.56        |
|    learning_rate        | 0.0003      |
|    loss                 | -0.0688     |
|    n_updates            | 5090        |
|    policy_gradient_loss | -0.0369     |
|    std                  | 1           |
|    value_loss           | 0.05        |
-----------------------------------------
----------------------------------------
| rollout/                |            |
|    ep_len_mean          | 365        |
|    ep_rew_mean          | 132        |
| time/                   |            |
|    fps                  | 468        |
|    iterations           | 511        |
|    time_elapsed         | 2235       |
|    total_timesteps      | 1046528    |
| train/                  |            |
|    approx_kl            | 0.02283688 |
|    clip_fraction        | 0.276      |
|    clip_range           | 0.2        |
|    entropy_loss         | -7.1       |
|    explained_variance   | 0.435      |
|    learning_rate        | 0.0003     |
|    loss                 | -0.0249    |
|    n_updates            | 5100       |
|    policy_gradient_loss | -0.0373    |
|    std                  | 1          |
|    value_loss           | 0.12       |
----------------------------------------
-----------------------------------------
| rollout/                |             |
|    ep_len_mean          | 366         |
|    ep_rew_mean          | 133         |
| time/                   |             |
|    fps                  | 468         |
|    iterations           | 512         |
|    time_elapsed         | 2237        |
|    total_timesteps      | 1048576     |
| train/                  |             |
|    approx_kl            | 0.028516289 |
|    clip_fraction        | 0.276       |
|    clip_range           | 0.2         |
|    entropy_loss         | -7.11       |
|    explained_variance   | 0.661       |
|    learning_rate        | 0.0003      |
|    loss                 | -0.0611     |
|    n_updates            | 5110        |
|    policy_gradient_loss | -0.0372     |
|    std                  | 1.01        |
|    value_loss           | 0.0849      |
-----------------------------------------
-----------------------------------------
| rollout/                |             |
|    ep_len_mean          | 365         |
|    ep_rew_mean          | 133         |
| time/                   |             |
|    fps                  | 469         |
|    iterations           | 513         |
|    time_elapsed         | 2240        |
|    total_timesteps      | 1050624     |
| train/                  |             |
|    approx_kl            | 0.027943365 |
|    clip_fraction        | 0.265       |
|    clip_range           | 0.2         |
|    entropy_loss         | -7.11       |
|    explained_variance   | 0.682       |
|    learning_rate        | 0.0003      |
|    loss                 | -0.0708     |
|    n_updates            | 5120        |
|    policy_gradient_loss | -0.0385     |
|    std                  | 1           |
|    value_loss           | 0.0639      |
-----------------------------------------
-----------------------------------------
| rollout/                |             |
|    ep_len_mean          | 364         |
|    ep_rew_mean          | 133         |
| time/                   |             |
|    fps                  | 469         |
|    iterations           | 514         |
|    time_elapsed         | 2242        |
|    total_timesteps      | 1052672     |
| train/                  |             |
|    approx_kl            | 0.027629849 |
|    clip_fraction        | 0.25        |
|    clip_range           | 0.2         |
|    entropy_loss         | -7.1        |
|    explained_variance   | 0.484       |
|    learning_rate        | 0.0003      |
|    loss                 | -0.0557     |
|    n_updates            | 5130        |
|    policy_gradient_loss | -0.0346     |
|    std                  | 1.01        |
|    value_loss           | 0.119       |
-----------------------------------------
-----------------------------------------
| rollout/                |             |
|    ep_len_mean          | 362         |
|    ep_rew_mean          | 130         |
| time/                   |             |
|    fps                  | 469         |
|    iterations           | 515         |
|    time_elapsed         | 2244        |
|    total_timesteps      | 1054720     |
| train/                  |             |
|    approx_kl            | 0.027059706 |
|    clip_fraction        | 0.281       |
|    clip_range           | 0.2         |
|    entropy_loss         | -7.11       |
|    explained_variance   | 0.457       |
|    learning_rate        | 0.0003      |
|    loss                 | 0.0107      |
|    n_updates            | 5140        |
|    policy_gradient_loss | -0.03       |
|    std                  | 1           |
|    value_loss           | 0.128       |
-----------------------------------------
-----------------------------------------
| rollout/                |             |
|    ep_len_mean          | 363         |
|    ep_rew_mean          | 131         |
| time/                   |             |
|    fps                  | 470         |
|    iterations           | 516         |
|    time_elapsed         | 2247        |
|    total_timesteps      | 1056768     |
| train/                  |             |
|    approx_kl            | 0.025532816 |
|    clip_fraction        | 0.24        |
|    clip_range           | 0.2         |
|    entropy_loss         | -7.11       |
|    explained_variance   | 0.422       |
|    learning_rate        | 0.0003      |
|    loss                 | -0.046      |
|    n_updates            | 5150        |
|    policy_gradient_loss | -0.037      |
|    std                  | 1           |
|    value_loss           | 0.101       |
-----------------------------------------
----------------------------------------
| rollout/                |            |
|    ep_len_mean          | 363        |
|    ep_rew_mean          | 131        |
| time/                   |            |
|    fps                  | 470        |
|    iterations           | 517        |
|    time_elapsed         | 2249       |
|    total_timesteps      | 1058816    |
| train/                  |            |
|    approx_kl            | 0.02386792 |
|    clip_fraction        | 0.256      |
|    clip_range           | 0.2        |
|    entropy_loss         | -7.11      |
|    explained_variance   | 0.542      |
|    learning_rate        | 0.0003     |
|    loss                 | -0.0462    |
|    n_updates            | 5160       |
|    policy_gradient_loss | -0.0358    |
|    std                  | 1          |
|    value_loss           | 0.0757     |
----------------------------------------
-----------------------------------------
| rollout/                |             |
|    ep_len_mean          | 361         |
|    ep_rew_mean          | 131         |
| time/                   |             |
|    fps                  | 471         |
|    iterations           | 518         |
|    time_elapsed         | 2251        |
|    total_timesteps      | 1060864     |
| train/                  |             |
|    approx_kl            | 0.022073202 |
|    clip_fraction        | 0.238       |
|    clip_range           | 0.2         |
|    entropy_loss         | -7.1        |
|    explained_variance   | 0.421       |
|    learning_rate        | 0.0003      |
|    loss                 | -0.024      |
|    n_updates            | 5170        |
|    policy_gradient_loss | -0.0313     |
|    std                  | 1           |
|    value_loss           | 0.0884      |
-----------------------------------------
-----------------------------------------
| rollout/                |             |
|    ep_len_mean          | 361         |
|    ep_rew_mean          | 131         |
| time/                   |             |
|    fps                  | 471         |
|    iterations           | 519         |
|    time_elapsed         | 2254        |
|    total_timesteps      | 1062912     |
| train/                  |             |
|    approx_kl            | 0.021811629 |
|    clip_fraction        | 0.247       |
|    clip_range           | 0.2         |
|    entropy_loss         | -7.09       |
|    explained_variance   | 0.448       |
|    learning_rate        | 0.0003      |
|    loss                 | -0.052      |
|    n_updates            | 5180        |
|    policy_gradient_loss | -0.035      |
|    std                  | 0.999       |
|    value_loss           | 0.117       |
-----------------------------------------
-----------------------------------------
| rollout/                |             |
|    ep_len_mean          | 359         |
|    ep_rew_mean          | 130         |
| time/                   |             |
|    fps                  | 471         |
|    iterations           | 520         |
|    time_elapsed         | 2256        |
|    total_timesteps      | 1064960     |
| train/                  |             |
|    approx_kl            | 0.019823737 |
|    clip_fraction        | 0.223       |
|    clip_range           | 0.2         |
|    entropy_loss         | -7.08       |
|    explained_variance   | 0.447       |
|    learning_rate        | 0.0003      |
|    loss                 | -0.0297     |
|    n_updates            | 5190        |
|    policy_gradient_loss | -0.0325     |
|    std                  | 0.998       |
|    value_loss           | 0.107       |
-----------------------------------------
-----------------------------------------
| rollout/                |             |
|    ep_len_mean          | 359         |
|    ep_rew_mean          | 130         |
| time/                   |             |
|    fps                  | 472         |
|    iterations           | 521         |
|    time_elapsed         | 2258        |
|    total_timesteps      | 1067008     |
| train/                  |             |
|    approx_kl            | 0.025151718 |
|    clip_fraction        | 0.255       |
|    clip_range           | 0.2         |
|    entropy_loss         | -7.08       |
|    explained_variance   | 0.652       |
|    learning_rate        | 0.0003      |
|    loss                 | -0.0528     |
|    n_updates            | 5200        |
|    policy_gradient_loss | -0.0398     |
|    std                  | 0.997       |
|    value_loss           | 0.0808      |
-----------------------------------------
-----------------------------------------
| rollout/                |             |
|    ep_len_mean          | 359         |
|    ep_rew_mean          | 130         |
| time/                   |             |
|    fps                  | 472         |
|    iterations           | 522         |
|    time_elapsed         | 2261        |
|    total_timesteps      | 1069056     |
| train/                  |             |
|    approx_kl            | 0.024279267 |
|    clip_fraction        | 0.242       |
|    clip_range           | 0.2         |
|    entropy_loss         | -7.06       |
|    explained_variance   | 0.298       |
|    learning_rate        | 0.0003      |
|    loss                 | -0.0574     |
|    n_updates            | 5210        |
|    policy_gradient_loss | -0.0386     |
|    std                  | 0.992       |
|    value_loss           | 0.0748      |
-----------------------------------------
-----------------------------------------
| rollout/                |             |
|    ep_len_mean          | 359         |
|    ep_rew_mean          | 130         |
| time/                   |             |
|    fps                  | 473         |
|    iterations           | 523         |
|    time_elapsed         | 2263        |
|    total_timesteps      | 1071104     |
| train/                  |             |
|    approx_kl            | 0.021166869 |
|    clip_fraction        | 0.27        |
|    clip_range           | 0.2         |
|    entropy_loss         | -7.05       |
|    explained_variance   | 0.152       |
|    learning_rate        | 0.0003      |
|    loss                 | -0.0251     |
|    n_updates            | 5220        |
|    policy_gradient_loss | -0.0363     |
|    std                  | 0.993       |
|    value_loss           | 0.128       |
-----------------------------------------
-----------------------------------------
| rollout/                |             |
|    ep_len_mean          | 359         |
|    ep_rew_mean          | 130         |
| time/                   |             |
|    fps                  | 473         |
|    iterations           | 524         |
|    time_elapsed         | 2265        |
|    total_timesteps      | 1073152     |
| train/                  |             |
|    approx_kl            | 0.023665119 |
|    clip_fraction        | 0.246       |
|    clip_range           | 0.2         |
|    entropy_loss         | -7.06       |
|    explained_variance   | 0.292       |
|    learning_rate        | 0.0003      |
|    loss                 | -0.0556     |
|    n_updates            | 5230        |
|    policy_gradient_loss | -0.0408     |
|    std                  | 0.993       |
|    value_loss           | 0.0944      |
-----------------------------------------
----------------------------------------
| rollout/                |            |
|    ep_len_mean          | 360        |
|    ep_rew_mean          | 131        |
| time/                   |            |
|    fps                  | 474        |
|    iterations           | 525        |
|    time_elapsed         | 2268       |
|    total_timesteps      | 1075200    |
| train/                  |            |
|    approx_kl            | 0.02706854 |
|    clip_fraction        | 0.259      |
|    clip_range           | 0.2        |
|    entropy_loss         | -7.07      |
|    explained_variance   | 0.453      |
|    learning_rate        | 0.0003     |
|    loss                 | -0.0471    |
|    n_updates            | 5240       |
|    policy_gradient_loss | -0.0362    |
|    std                  | 0.998      |
|    value_loss           | 0.121      |
----------------------------------------
-----------------------------------------
| rollout/                |             |
|    ep_len_mean          | 366         |
|    ep_rew_mean          | 133         |
| time/                   |             |
|    fps                  | 474         |
|    iterations           | 526         |
|    time_elapsed         | 2270        |
|    total_timesteps      | 1077248     |
| train/                  |             |
|    approx_kl            | 0.022235176 |
|    clip_fraction        | 0.266       |
|    clip_range           | 0.2         |
|    entropy_loss         | -7.08       |
|    explained_variance   | 0.285       |
|    learning_rate        | 0.0003      |
|    loss                 | -0.0611     |
|    n_updates            | 5250        |
|    policy_gradient_loss | -0.0371     |
|    std                  | 0.999       |
|    value_loss           | 0.0847      |
-----------------------------------------
-----------------------------------------
| rollout/                |             |
|    ep_len_mean          | 366         |
|    ep_rew_mean          | 133         |
| time/                   |             |
|    fps                  | 474         |
|    iterations           | 527         |
|    time_elapsed         | 2272        |
|    total_timesteps      | 1079296     |
| train/                  |             |
|    approx_kl            | 0.021788191 |
|    clip_fraction        | 0.26        |
|    clip_range           | 0.2         |
|    entropy_loss         | -7.08       |
|    explained_variance   | 0.329       |
|    learning_rate        | 0.0003      |
|    loss                 | -0.0596     |
|    n_updates            | 5260        |
|    policy_gradient_loss | -0.0349     |
|    std                  | 0.999       |
|    value_loss           | 0.0847      |
-----------------------------------------
-----------------------------------------
| rollout/                |             |
|    ep_len_mean          | 366         |
|    ep_rew_mean          | 134         |
| time/                   |             |
|    fps                  | 475         |
|    iterations           | 528         |
|    time_elapsed         | 2275        |
|    total_timesteps      | 1081344     |
| train/                  |             |
|    approx_kl            | 0.027480088 |
|    clip_fraction        | 0.267       |
|    clip_range           | 0.2         |
|    entropy_loss         | -7.07       |
|    explained_variance   | 0.219       |
|    learning_rate        | 0.0003      |
|    loss                 | -0.0492     |
|    n_updates            | 5270        |
|    policy_gradient_loss | -0.0325     |
|    std                  | 0.995       |
|    value_loss           | 0.0962      |
-----------------------------------------
-----------------------------------------
| rollout/                |             |
|    ep_len_mean          | 366         |
|    ep_rew_mean          | 133         |
| time/                   |             |
|    fps                  | 475         |
|    iterations           | 529         |
|    time_elapsed         | 2277        |
|    total_timesteps      | 1083392     |
| train/                  |             |
|    approx_kl            | 0.024288341 |
|    clip_fraction        | 0.261       |
|    clip_range           | 0.2         |
|    entropy_loss         | -7.06       |
|    explained_variance   | 0.163       |
|    learning_rate        | 0.0003      |
|    loss                 | -0.0531     |
|    n_updates            | 5280        |
|    policy_gradient_loss | -0.0375     |
|    std                  | 0.993       |
|    value_loss           | 0.104       |
-----------------------------------------
-----------------------------------------
| rollout/                |             |
|    ep_len_mean          | 366         |
|    ep_rew_mean          | 134         |
| time/                   |             |
|    fps                  | 476         |
|    iterations           | 530         |
|    time_elapsed         | 2279        |
|    total_timesteps      | 1085440     |
| train/                  |             |
|    approx_kl            | 0.024340136 |
|    clip_fraction        | 0.27        |
|    clip_range           | 0.2         |
|    entropy_loss         | -7.04       |
|    explained_variance   | 0.341       |
|    learning_rate        | 0.0003      |
|    loss                 | -0.0461     |
|    n_updates            | 5290        |
|    policy_gradient_loss | -0.0393     |
|    std                  | 0.987       |
|    value_loss           | 0.106       |
-----------------------------------------
-----------------------------------------
| rollout/                |             |
|    ep_len_mean          | 366         |
|    ep_rew_mean          | 133         |
| time/                   |             |
|    fps                  | 476         |
|    iterations           | 531         |
|    time_elapsed         | 2282        |
|    total_timesteps      | 1087488     |
| train/                  |             |
|    approx_kl            | 0.026190313 |
|    clip_fraction        | 0.244       |
|    clip_range           | 0.2         |
|    entropy_loss         | -7.02       |
|    explained_variance   | 0.304       |
|    learning_rate        | 0.0003      |
|    loss                 | -0.0229     |
|    n_updates            | 5300        |
|    policy_gradient_loss | -0.0371     |
|    std                  | 0.988       |
|    value_loss           | 0.146       |
-----------------------------------------
----------------------------------------
| rollout/                |            |
|    ep_len_mean          | 368        |
|    ep_rew_mean          | 134        |
| time/                   |            |
|    fps                  | 476        |
|    iterations           | 532        |
|    time_elapsed         | 2284       |
|    total_timesteps      | 1089536    |
| train/                  |            |
|    approx_kl            | 0.02264487 |
|    clip_fraction        | 0.259      |
|    clip_range           | 0.2        |
|    entropy_loss         | -7.03      |
|    explained_variance   | 0.126      |
|    learning_rate        | 0.0003     |
|    loss                 | -0.0596    |
|    n_updates            | 5310       |
|    policy_gradient_loss | -0.0331    |
|    std                  | 0.988      |
|    value_loss           | 0.0807     |
----------------------------------------
-----------------------------------------
| rollout/                |             |
|    ep_len_mean          | 370         |
|    ep_rew_mean          | 135         |
| time/                   |             |
|    fps                  | 477         |
|    iterations           | 533         |
|    time_elapsed         | 2286        |
|    total_timesteps      | 1091584     |
| train/                  |             |
|    approx_kl            | 0.024077244 |
|    clip_fraction        | 0.243       |
|    clip_range           | 0.2         |
|    entropy_loss         | -7.03       |
|    explained_variance   | 0.354       |
|    learning_rate        | 0.0003      |
|    loss                 | -0.0693     |
|    n_updates            | 5320        |
|    policy_gradient_loss | -0.037      |
|    std                  | 0.99        |
|    value_loss           | 0.0837      |
-----------------------------------------
-----------------------------------------
| rollout/                |             |
|    ep_len_mean          | 370         |
|    ep_rew_mean          | 135         |
| time/                   |             |
|    fps                  | 477         |
|    iterations           | 534         |
|    time_elapsed         | 2288        |
|    total_timesteps      | 1093632     |
| train/                  |             |
|    approx_kl            | 0.022480361 |
|    clip_fraction        | 0.257       |
|    clip_range           | 0.2         |
|    entropy_loss         | -7.03       |
|    explained_variance   | 0.41        |
|    learning_rate        | 0.0003      |
|    loss                 | -0.0629     |
|    n_updates            | 5330        |
|    policy_gradient_loss | -0.0389     |
|    std                  | 0.988       |
|    value_loss           | 0.0869      |
-----------------------------------------
-----------------------------------------
| rollout/                |             |
|    ep_len_mean          | 370         |
|    ep_rew_mean          | 132         |
| time/                   |             |
|    fps                  | 478         |
|    iterations           | 535         |
|    time_elapsed         | 2291        |
|    total_timesteps      | 1095680     |
| train/                  |             |
|    approx_kl            | 0.021785695 |
|    clip_fraction        | 0.25        |
|    clip_range           | 0.2         |
|    entropy_loss         | -7.02       |
|    explained_variance   | 0.697       |
|    learning_rate        | 0.0003      |
|    loss                 | -0.0625     |
|    n_updates            | 5340        |
|    policy_gradient_loss | -0.0397     |
|    std                  | 0.986       |
|    value_loss           | 0.0622      |
-----------------------------------------
----------------------------------------
| rollout/                |            |
|    ep_len_mean          | 371        |
|    ep_rew_mean          | 132        |
| time/                   |            |
|    fps                  | 478        |
|    iterations           | 536        |
|    time_elapsed         | 2293       |
|    total_timesteps      | 1097728    |
| train/                  |            |
|    approx_kl            | 0.02122145 |
|    clip_fraction        | 0.238      |
|    clip_range           | 0.2        |
|    entropy_loss         | -7         |
|    explained_variance   | 0.517      |
|    learning_rate        | 0.0003     |
|    loss                 | -0.0445    |
|    n_updates            | 5350       |
|    policy_gradient_loss | -0.0292    |
|    std                  | 0.981      |
|    value_loss           | 0.0677     |
----------------------------------------
-----------------------------------------
| rollout/                |             |
|    ep_len_mean          | 371         |
|    ep_rew_mean          | 132         |
| time/                   |             |
|    fps                  | 479         |
|    iterations           | 537         |
|    time_elapsed         | 2295        |
|    total_timesteps      | 1099776     |
| train/                  |             |
|    approx_kl            | 0.026927412 |
|    clip_fraction        | 0.282       |
|    clip_range           | 0.2         |
|    entropy_loss         | -7          |
|    explained_variance   | 0.453       |
|    learning_rate        | 0.0003      |
|    loss                 | -0.0645     |
|    n_updates            | 5360        |
|    policy_gradient_loss | -0.0419     |
|    std                  | 0.983       |
|    value_loss           | 0.103       |
-----------------------------------------
----------------------------------------
| rollout/                |            |
|    ep_len_mean          | 373        |
|    ep_rew_mean          | 133        |
| time/                   |            |
|    fps                  | 479        |
|    iterations           | 538        |
|    time_elapsed         | 2298       |
|    total_timesteps      | 1101824    |
| train/                  |            |
|    approx_kl            | 0.02309075 |
|    clip_fraction        | 0.273      |
|    clip_range           | 0.2        |
|    entropy_loss         | -7         |
|    explained_variance   | 0.283      |
|    learning_rate        | 0.0003     |
|    loss                 | -0.0448    |
|    n_updates            | 5370       |
|    policy_gradient_loss | -0.0335    |
|    std                  | 0.982      |
|    value_loss           | 0.0951     |
----------------------------------------
-----------------------------------------
| rollout/                |             |
|    ep_len_mean          | 373         |
|    ep_rew_mean          | 133         |
| time/                   |             |
|    fps                  | 479         |
|    iterations           | 539         |
|    time_elapsed         | 2300        |
|    total_timesteps      | 1103872     |
| train/                  |             |
|    approx_kl            | 0.021787869 |
|    clip_fraction        | 0.248       |
|    clip_range           | 0.2         |
|    entropy_loss         | -7          |
|    explained_variance   | 0.407       |
|    learning_rate        | 0.0003      |
|    loss                 | -0.0163     |
|    n_updates            | 5380        |
|    policy_gradient_loss | -0.0333     |
|    std                  | 0.984       |
|    value_loss           | 0.13        |
-----------------------------------------
---------------------------------------
| rollout/                |           |
|    ep_len_mean          | 373       |
|    ep_rew_mean          | 133       |
| time/                   |           |
|    fps                  | 480       |
|    iterations           | 540       |
|    time_elapsed         | 2302      |
|    total_timesteps      | 1105920   |
| train/                  |           |
|    approx_kl            | 0.0270526 |
|    clip_fraction        | 0.273     |
|    clip_range           | 0.2       |
|    entropy_loss         | -7.01     |
|    explained_variance   | 0.459     |
|    learning_rate        | 0.0003    |
|    loss                 | -0.0499   |
|    n_updates            | 5390      |
|    policy_gradient_loss | -0.038    |
|    std                  | 0.985     |
|    value_loss           | 0.0909    |
---------------------------------------
-----------------------------------------
| rollout/                |             |
|    ep_len_mean          | 371         |
|    ep_rew_mean          | 132         |
| time/                   |             |
|    fps                  | 480         |
|    iterations           | 541         |
|    time_elapsed         | 2304        |
|    total_timesteps      | 1107968     |
| train/                  |             |
|    approx_kl            | 0.024079915 |
|    clip_fraction        | 0.253       |
|    clip_range           | 0.2         |
|    entropy_loss         | -7.01       |
|    explained_variance   | 0.315       |
|    learning_rate        | 0.0003      |
|    loss                 | -0.0354     |
|    n_updates            | 5400        |
|    policy_gradient_loss | -0.0385     |
|    std                  | 0.986       |
|    value_loss           | 0.116       |
-----------------------------------------
-----------------------------------------
| rollout/                |             |
|    ep_len_mean          | 374         |
|    ep_rew_mean          | 132         |
| time/                   |             |
|    fps                  | 481         |
|    iterations           | 542         |
|    time_elapsed         | 2307        |
|    total_timesteps      | 1110016     |
| train/                  |             |
|    approx_kl            | 0.023119036 |
|    clip_fraction        | 0.252       |
|    clip_range           | 0.2         |
|    entropy_loss         | -6.99       |
|    explained_variance   | 0.119       |
|    learning_rate        | 0.0003      |
|    loss                 | -0.0526     |
|    n_updates            | 5410        |
|    policy_gradient_loss | -0.0374     |
|    std                  | 0.974       |
|    value_loss           | 0.0663      |
-----------------------------------------
-----------------------------------------
| rollout/                |             |
|    ep_len_mean          | 374         |
|    ep_rew_mean          | 132         |
| time/                   |             |
|    fps                  | 481         |
|    iterations           | 543         |
|    time_elapsed         | 2309        |
|    total_timesteps      | 1112064     |
| train/                  |             |
|    approx_kl            | 0.027877888 |
|    clip_fraction        | 0.275       |
|    clip_range           | 0.2         |
|    entropy_loss         | -6.94       |
|    explained_variance   | 0.222       |
|    learning_rate        | 0.0003      |
|    loss                 | -0.0362     |
|    n_updates            | 5420        |
|    policy_gradient_loss | -0.0401     |
|    std                  | 0.969       |
|    value_loss           | 0.136       |
-----------------------------------------
-----------------------------------------
| rollout/                |             |
|    ep_len_mean          | 374         |
|    ep_rew_mean          | 132         |
| time/                   |             |
|    fps                  | 481         |
|    iterations           | 544         |
|    time_elapsed         | 2311        |
|    total_timesteps      | 1114112     |
| train/                  |             |
|    approx_kl            | 0.024191286 |
|    clip_fraction        | 0.276       |
|    clip_range           | 0.2         |
|    entropy_loss         | -6.93       |
|    explained_variance   | 0.41        |
|    learning_rate        | 0.0003      |
|    loss                 | -0.0609     |
|    n_updates            | 5430        |
|    policy_gradient_loss | -0.0345     |
|    std                  | 0.969       |
|    value_loss           | 0.0637      |
-----------------------------------------
-----------------------------------------
| rollout/                |             |
|    ep_len_mean          | 373         |
|    ep_rew_mean          | 131         |
| time/                   |             |
|    fps                  | 482         |
|    iterations           | 545         |
|    time_elapsed         | 2314        |
|    total_timesteps      | 1116160     |
| train/                  |             |
|    approx_kl            | 0.022792894 |
|    clip_fraction        | 0.227       |
|    clip_range           | 0.2         |
|    entropy_loss         | -6.93       |
|    explained_variance   | 0.393       |
|    learning_rate        | 0.0003      |
|    loss                 | -0.013      |
|    n_updates            | 5440        |
|    policy_gradient_loss | -0.0294     |
|    std                  | 0.97        |
|    value_loss           | 0.138       |
-----------------------------------------
-----------------------------------------
| rollout/                |             |
|    ep_len_mean          | 373         |
|    ep_rew_mean          | 132         |
| time/                   |             |
|    fps                  | 482         |
|    iterations           | 546         |
|    time_elapsed         | 2316        |
|    total_timesteps      | 1118208     |
| train/                  |             |
|    approx_kl            | 0.023829969 |
|    clip_fraction        | 0.238       |
|    clip_range           | 0.2         |
|    entropy_loss         | -6.94       |
|    explained_variance   | 0.206       |
|    learning_rate        | 0.0003      |
|    loss                 | -0.0596     |
|    n_updates            | 5450        |
|    policy_gradient_loss | -0.0378     |
|    std                  | 0.972       |
|    value_loss           | 0.0806      |
-----------------------------------------
-----------------------------------------
| rollout/                |             |
|    ep_len_mean          | 373         |
|    ep_rew_mean          | 132         |
| time/                   |             |
|    fps                  | 483         |
|    iterations           | 547         |
|    time_elapsed         | 2318        |
|    total_timesteps      | 1120256     |
| train/                  |             |
|    approx_kl            | 0.022954034 |
|    clip_fraction        | 0.265       |
|    clip_range           | 0.2         |
|    entropy_loss         | -6.95       |
|    explained_variance   | 0.404       |
|    learning_rate        | 0.0003      |
|    loss                 | -0.0518     |
|    n_updates            | 5460        |
|    policy_gradient_loss | -0.041      |
|    std                  | 0.973       |
|    value_loss           | 0.131       |
-----------------------------------------
-----------------------------------------
| rollout/                |             |
|    ep_len_mean          | 373         |
|    ep_rew_mean          | 132         |
| time/                   |             |
|    fps                  | 483         |
|    iterations           | 548         |
|    time_elapsed         | 2321        |
|    total_timesteps      | 1122304     |
| train/                  |             |
|    approx_kl            | 0.026080392 |
|    clip_fraction        | 0.257       |
|    clip_range           | 0.2         |
|    entropy_loss         | -6.95       |
|    explained_variance   | 0.516       |
|    learning_rate        | 0.0003      |
|    loss                 | -0.0639     |
|    n_updates            | 5470        |
|    policy_gradient_loss | -0.0392     |
|    std                  | 0.974       |
|    value_loss           | 0.0553      |
-----------------------------------------
-----------------------------------------
| rollout/                |             |
|    ep_len_mean          | 373         |
|    ep_rew_mean          | 132         |
| time/                   |             |
|    fps                  | 483         |
|    iterations           | 549         |
|    time_elapsed         | 2323        |
|    total_timesteps      | 1124352     |
| train/                  |             |
|    approx_kl            | 0.023582796 |
|    clip_fraction        | 0.258       |
|    clip_range           | 0.2         |
|    entropy_loss         | -6.95       |
|    explained_variance   | 0.308       |
|    learning_rate        | 0.0003      |
|    loss                 | -0.0203     |
|    n_updates            | 5480        |
|    policy_gradient_loss | -0.0353     |
|    std                  | 0.973       |
|    value_loss           | 0.127       |
-----------------------------------------
-----------------------------------------
| rollout/                |             |
|    ep_len_mean          | 371         |
|    ep_rew_mean          | 131         |
| time/                   |             |
|    fps                  | 484         |
|    iterations           | 550         |
|    time_elapsed         | 2326        |
|    total_timesteps      | 1126400     |
| train/                  |             |
|    approx_kl            | 0.024307042 |
|    clip_fraction        | 0.242       |
|    clip_range           | 0.2         |
|    entropy_loss         | -6.94       |
|    explained_variance   | 0.504       |
|    learning_rate        | 0.0003      |
|    loss                 | -0.0578     |
|    n_updates            | 5490        |
|    policy_gradient_loss | -0.0371     |
|    std                  | 0.968       |
|    value_loss           | 0.0703      |
-----------------------------------------
-----------------------------------------
| rollout/                |             |
|    ep_len_mean          | 371         |
|    ep_rew_mean          | 131         |
| time/                   |             |
|    fps                  | 484         |
|    iterations           | 551         |
|    time_elapsed         | 2328        |
|    total_timesteps      | 1128448     |
| train/                  |             |
|    approx_kl            | 0.027448304 |
|    clip_fraction        | 0.275       |
|    clip_range           | 0.2         |
|    entropy_loss         | -6.92       |
|    explained_variance   | 0.185       |
|    learning_rate        | 0.0003      |
|    loss                 | -0.0325     |
|    n_updates            | 5500        |
|    policy_gradient_loss | -0.0373     |
|    std                  | 0.968       |
|    value_loss           | 0.156       |
-----------------------------------------
----------------------------------------
| rollout/                |            |
|    ep_len_mean          | 371        |
|    ep_rew_mean          | 131        |
| time/                   |            |
|    fps                  | 484        |
|    iterations           | 552        |
|    time_elapsed         | 2331       |
|    total_timesteps      | 1130496    |
| train/                  |            |
|    approx_kl            | 0.02356501 |
|    clip_fraction        | 0.255      |
|    clip_range           | 0.2        |
|    entropy_loss         | -6.92      |
|    explained_variance   | 0.102      |
|    learning_rate        | 0.0003     |
|    loss                 | -0.0624    |
|    n_updates            | 5510       |
|    policy_gradient_loss | -0.0373    |
|    std                  | 0.967      |
|    value_loss           | 0.0601     |
----------------------------------------
-----------------------------------------
| rollout/                |             |
|    ep_len_mean          | 371         |
|    ep_rew_mean          | 134         |
| time/                   |             |
|    fps                  | 485         |
|    iterations           | 553         |
|    time_elapsed         | 2333        |
|    total_timesteps      | 1132544     |
| train/                  |             |
|    approx_kl            | 0.027805109 |
|    clip_fraction        | 0.282       |
|    clip_range           | 0.2         |
|    entropy_loss         | -6.92       |
|    explained_variance   | 0.226       |
|    learning_rate        | 0.0003      |
|    loss                 | -0.0406     |
|    n_updates            | 5520        |
|    policy_gradient_loss | -0.0356     |
|    std                  | 0.97        |
|    value_loss           | 0.118       |
-----------------------------------------
-----------------------------------------
| rollout/                |             |
|    ep_len_mean          | 369         |
|    ep_rew_mean          | 133         |
| time/                   |             |
|    fps                  | 485         |
|    iterations           | 554         |
|    time_elapsed         | 2335        |
|    total_timesteps      | 1134592     |
| train/                  |             |
|    approx_kl            | 0.025811303 |
|    clip_fraction        | 0.277       |
|    clip_range           | 0.2         |
|    entropy_loss         | -6.92       |
|    explained_variance   | 0.351       |
|    learning_rate        | 0.0003      |
|    loss                 | -0.0667     |
|    n_updates            | 5530        |
|    policy_gradient_loss | -0.0399     |
|    std                  | 0.964       |
|    value_loss           | 0.0821      |
-----------------------------------------
-----------------------------------------
| rollout/                |             |
|    ep_len_mean          | 369         |
|    ep_rew_mean          | 133         |
| time/                   |             |
|    fps                  | 486         |
|    iterations           | 555         |
|    time_elapsed         | 2338        |
|    total_timesteps      | 1136640     |
| train/                  |             |
|    approx_kl            | 0.027950231 |
|    clip_fraction        | 0.299       |
|    clip_range           | 0.2         |
|    entropy_loss         | -6.91       |
|    explained_variance   | 0.356       |
|    learning_rate        | 0.0003      |
|    loss                 | -0.0256     |
|    n_updates            | 5540        |
|    policy_gradient_loss | -0.0316     |
|    std                  | 0.965       |
|    value_loss           | 0.139       |
-----------------------------------------
-----------------------------------------
| rollout/                |             |
|    ep_len_mean          | 368         |
|    ep_rew_mean          | 133         |
| time/                   |             |
|    fps                  | 486         |
|    iterations           | 556         |
|    time_elapsed         | 2340        |
|    total_timesteps      | 1138688     |
| train/                  |             |
|    approx_kl            | 0.026723532 |
|    clip_fraction        | 0.276       |
|    clip_range           | 0.2         |
|    entropy_loss         | -6.92       |
|    explained_variance   | 0.265       |
|    learning_rate        | 0.0003      |
|    loss                 | -0.0553     |
|    n_updates            | 5550        |
|    policy_gradient_loss | -0.0355     |
|    std                  | 0.967       |
|    value_loss           | 0.077       |
-----------------------------------------
-----------------------------------------
| rollout/                |             |
|    ep_len_mean          | 368         |
|    ep_rew_mean          | 133         |
| time/                   |             |
|    fps                  | 486         |
|    iterations           | 557         |
|    time_elapsed         | 2343        |
|    total_timesteps      | 1140736     |
| train/                  |             |
|    approx_kl            | 0.022553045 |
|    clip_fraction        | 0.242       |
|    clip_range           | 0.2         |
|    entropy_loss         | -6.92       |
|    explained_variance   | 0.338       |
|    learning_rate        | 0.0003      |
|    loss                 | -0.0456     |
|    n_updates            | 5560        |
|    policy_gradient_loss | -0.0382     |
|    std                  | 0.966       |
|    value_loss           | 0.133       |
-----------------------------------------
----------------------------------------
| rollout/                |            |
|    ep_len_mean          | 368        |
|    ep_rew_mean          | 133        |
| time/                   |            |
|    fps                  | 487        |
|    iterations           | 558        |
|    time_elapsed         | 2345       |
|    total_timesteps      | 1142784    |
| train/                  |            |
|    approx_kl            | 0.02638108 |
|    clip_fraction        | 0.247      |
|    clip_range           | 0.2        |
|    entropy_loss         | -6.91      |
|    explained_variance   | 0.255      |
|    learning_rate        | 0.0003     |
|    loss                 | -0.0542    |
|    n_updates            | 5570       |
|    policy_gradient_loss | -0.0397    |
|    std                  | 0.961      |
|    value_loss           | 0.0574     |
----------------------------------------
----------------------------------------
| rollout/                |            |
|    ep_len_mean          | 370        |
|    ep_rew_mean          | 134        |
| time/                   |            |
|    fps                  | 487        |
|    iterations           | 559        |
|    time_elapsed         | 2347       |
|    total_timesteps      | 1144832    |
| train/                  |            |
|    approx_kl            | 0.02722624 |
|    clip_fraction        | 0.275      |
|    clip_range           | 0.2        |
|    entropy_loss         | -6.89      |
|    explained_variance   | 0.297      |
|    learning_rate        | 0.0003     |
|    loss                 | -0.034     |
|    n_updates            | 5580       |
|    policy_gradient_loss | -0.0353    |
|    std                  | 0.962      |
|    value_loss           | 0.134      |
----------------------------------------
----------------------------------------
| rollout/                |            |
|    ep_len_mean          | 370        |
|    ep_rew_mean          | 133        |
| time/                   |            |
|    fps                  | 487        |
|    iterations           | 560        |
|    time_elapsed         | 2350       |
|    total_timesteps      | 1146880    |
| train/                  |            |
|    approx_kl            | 0.02413736 |
|    clip_fraction        | 0.243      |
|    clip_range           | 0.2        |
|    entropy_loss         | -6.89      |
|    explained_variance   | 0.398      |
|    learning_rate        | 0.0003     |
|    loss                 | -0.0273    |
|    n_updates            | 5590       |
|    policy_gradient_loss | -0.0322    |
|    std                  | 0.961      |
|    value_loss           | 0.148      |
----------------------------------------
-----------------------------------------
| rollout/                |             |
|    ep_len_mean          | 367         |
|    ep_rew_mean          | 133         |
| time/                   |             |
|    fps                  | 488         |
|    iterations           | 561         |
|    time_elapsed         | 2352        |
|    total_timesteps      | 1148928     |
| train/                  |             |
|    approx_kl            | 0.024072137 |
|    clip_fraction        | 0.283       |
|    clip_range           | 0.2         |
|    entropy_loss         | -6.89       |
|    explained_variance   | 0.483       |
|    learning_rate        | 0.0003      |
|    loss                 | -0.0483     |
|    n_updates            | 5600        |
|    policy_gradient_loss | -0.0355     |
|    std                  | 0.964       |
|    value_loss           | 0.112       |
-----------------------------------------
-----------------------------------------
| rollout/                |             |
|    ep_len_mean          | 367         |
|    ep_rew_mean          | 132         |
| time/                   |             |
|    fps                  | 488         |
|    iterations           | 562         |
|    time_elapsed         | 2354        |
|    total_timesteps      | 1150976     |
| train/                  |             |
|    approx_kl            | 0.023855228 |
|    clip_fraction        | 0.267       |
|    clip_range           | 0.2         |
|    entropy_loss         | -6.91       |
|    explained_variance   | 0.447       |
|    learning_rate        | 0.0003      |
|    loss                 | -0.0465     |
|    n_updates            | 5610        |
|    policy_gradient_loss | -0.0384     |
|    std                  | 0.965       |
|    value_loss           | 0.129       |
-----------------------------------------
-----------------------------------------
| rollout/                |             |
|    ep_len_mean          | 367         |
|    ep_rew_mean          | 132         |
| time/                   |             |
|    fps                  | 489         |
|    iterations           | 563         |
|    time_elapsed         | 2357        |
|    total_timesteps      | 1153024     |
| train/                  |             |
|    approx_kl            | 0.029323472 |
|    clip_fraction        | 0.304       |
|    clip_range           | 0.2         |
|    entropy_loss         | -6.9        |
|    explained_variance   | 0.361       |
|    learning_rate        | 0.0003      |
|    loss                 | -0.0498     |
|    n_updates            | 5620        |
|    policy_gradient_loss | -0.0358     |
|    std                  | 0.962       |
|    value_loss           | 0.091       |
-----------------------------------------
-----------------------------------------
| rollout/                |             |
|    ep_len_mean          | 367         |
|    ep_rew_mean          | 133         |
| time/                   |             |
|    fps                  | 489         |
|    iterations           | 564         |
|    time_elapsed         | 2359        |
|    total_timesteps      | 1155072     |
| train/                  |             |
|    approx_kl            | 0.029212084 |
|    clip_fraction        | 0.273       |
|    clip_range           | 0.2         |
|    entropy_loss         | -6.89       |
|    explained_variance   | 0.463       |
|    learning_rate        | 0.0003      |
|    loss                 | -0.0846     |
|    n_updates            | 5630        |
|    policy_gradient_loss | -0.0425     |
|    std                  | 0.961       |
|    value_loss           | 0.0514      |
-----------------------------------------
----------------------------------------
| rollout/                |            |
|    ep_len_mean          | 367        |
|    ep_rew_mean          | 133        |
| time/                   |            |
|    fps                  | 489        |
|    iterations           | 565        |
|    time_elapsed         | 2362       |
|    total_timesteps      | 1157120    |
| train/                  |            |
|    approx_kl            | 0.02663697 |
|    clip_fraction        | 0.299      |
|    clip_range           | 0.2        |
|    entropy_loss         | -6.88      |
|    explained_variance   | 0.24       |
|    learning_rate        | 0.0003     |
|    loss                 | -0.0332    |
|    n_updates            | 5640       |
|    policy_gradient_loss | -0.0359    |
|    std                  | 0.958      |
|    value_loss           | 0.129      |
----------------------------------------
-----------------------------------------
| rollout/                |             |
|    ep_len_mean          | 367         |
|    ep_rew_mean          | 132         |
| time/                   |             |
|    fps                  | 490         |
|    iterations           | 566         |
|    time_elapsed         | 2364        |
|    total_timesteps      | 1159168     |
| train/                  |             |
|    approx_kl            | 0.029279865 |
|    clip_fraction        | 0.281       |
|    clip_range           | 0.2         |
|    entropy_loss         | -6.86       |
|    explained_variance   | 0.3         |
|    learning_rate        | 0.0003      |
|    loss                 | -0.0462     |
|    n_updates            | 5650        |
|    policy_gradient_loss | -0.0377     |
|    std                  | 0.955       |
|    value_loss           | 0.131       |
-----------------------------------------
-----------------------------------------
| rollout/                |             |
|    ep_len_mean          | 369         |
|    ep_rew_mean          | 134         |
| time/                   |             |
|    fps                  | 490         |
|    iterations           | 567         |
|    time_elapsed         | 2366        |
|    total_timesteps      | 1161216     |
| train/                  |             |
|    approx_kl            | 0.026911527 |
|    clip_fraction        | 0.262       |
|    clip_range           | 0.2         |
|    entropy_loss         | -6.85       |
|    explained_variance   | 0.394       |
|    learning_rate        | 0.0003      |
|    loss                 | -0.0404     |
|    n_updates            | 5660        |
|    policy_gradient_loss | -0.0332     |
|    std                  | 0.954       |
|    value_loss           | 0.0962      |
-----------------------------------------
----------------------------------------
| rollout/                |            |
|    ep_len_mean          | 367        |
|    ep_rew_mean          | 133        |
| time/                   |            |
|    fps                  | 490        |
|    iterations           | 568        |
|    time_elapsed         | 2369       |
|    total_timesteps      | 1163264    |
| train/                  |            |
|    approx_kl            | 0.02755347 |
|    clip_fraction        | 0.266      |
|    clip_range           | 0.2        |
|    entropy_loss         | -6.85      |
|    explained_variance   | 0.302      |
|    learning_rate        | 0.0003     |
|    loss                 | -0.0277    |
|    n_updates            | 5670       |
|    policy_gradient_loss | -0.0391    |
|    std                  | 0.955      |
|    value_loss           | 0.149      |
----------------------------------------
-----------------------------------------
| rollout/                |             |
|    ep_len_mean          | 367         |
|    ep_rew_mean          | 133         |
| time/                   |             |
|    fps                  | 491         |
|    iterations           | 569         |
|    time_elapsed         | 2371        |
|    total_timesteps      | 1165312     |
| train/                  |             |
|    approx_kl            | 0.024499906 |
|    clip_fraction        | 0.28        |
|    clip_range           | 0.2         |
|    entropy_loss         | -6.86       |
|    explained_variance   | 0.507       |
|    learning_rate        | 0.0003      |
|    loss                 | -0.0549     |
|    n_updates            | 5680        |
|    policy_gradient_loss | -0.0381     |
|    std                  | 0.956       |
|    value_loss           | 0.0951      |
-----------------------------------------
-----------------------------------------
| rollout/                |             |
|    ep_len_mean          | 367         |
|    ep_rew_mean          | 132         |
| time/                   |             |
|    fps                  | 491         |
|    iterations           | 570         |
|    time_elapsed         | 2374        |
|    total_timesteps      | 1167360     |
| train/                  |             |
|    approx_kl            | 0.030280437 |
|    clip_fraction        | 0.292       |
|    clip_range           | 0.2         |
|    entropy_loss         | -6.85       |
|    explained_variance   | 0.435       |
|    learning_rate        | 0.0003      |
|    loss                 | -0.0677     |
|    n_updates            | 5690        |
|    policy_gradient_loss | -0.0373     |
|    std                  | 0.952       |
|    value_loss           | 0.0701      |
-----------------------------------------
-----------------------------------------
| rollout/                |             |
|    ep_len_mean          | 367         |
|    ep_rew_mean          | 132         |
| time/                   |             |
|    fps                  | 492         |
|    iterations           | 571         |
|    time_elapsed         | 2376        |
|    total_timesteps      | 1169408     |
| train/                  |             |
|    approx_kl            | 0.025687262 |
|    clip_fraction        | 0.255       |
|    clip_range           | 0.2         |
|    entropy_loss         | -6.84       |
|    explained_variance   | 0.468       |
|    learning_rate        | 0.0003      |
|    loss                 | -0.0399     |
|    n_updates            | 5700        |
|    policy_gradient_loss | -0.0359     |
|    std                  | 0.953       |
|    value_loss           | 0.109       |
-----------------------------------------
-----------------------------------------
| rollout/                |             |
|    ep_len_mean          | 369         |
|    ep_rew_mean          | 133         |
| time/                   |             |
|    fps                  | 492         |
|    iterations           | 572         |
|    time_elapsed         | 2378        |
|    total_timesteps      | 1171456     |
| train/                  |             |
|    approx_kl            | 0.028399322 |
|    clip_fraction        | 0.276       |
|    clip_range           | 0.2         |
|    entropy_loss         | -6.84       |
|    explained_variance   | 0.273       |
|    learning_rate        | 0.0003      |
|    loss                 | -0.0161     |
|    n_updates            | 5710        |
|    policy_gradient_loss | -0.0407     |
|    std                  | 0.952       |
|    value_loss           | 0.18        |
-----------------------------------------
-----------------------------------------
| rollout/                |             |
|    ep_len_mean          | 369         |
|    ep_rew_mean          | 133         |
| time/                   |             |
|    fps                  | 492         |
|    iterations           | 573         |
|    time_elapsed         | 2381        |
|    total_timesteps      | 1173504     |
| train/                  |             |
|    approx_kl            | 0.023317058 |
|    clip_fraction        | 0.249       |
|    clip_range           | 0.2         |
|    entropy_loss         | -6.82       |
|    explained_variance   | 0.272       |
|    learning_rate        | 0.0003      |
|    loss                 | -0.0576     |
|    n_updates            | 5720        |
|    policy_gradient_loss | -0.0433     |
|    std                  | 0.948       |
|    value_loss           | 0.108       |
-----------------------------------------
-----------------------------------------
| rollout/                |             |
|    ep_len_mean          | 370         |
|    ep_rew_mean          | 134         |
| time/                   |             |
|    fps                  | 493         |
|    iterations           | 574         |
|    time_elapsed         | 2383        |
|    total_timesteps      | 1175552     |
| train/                  |             |
|    approx_kl            | 0.024169093 |
|    clip_fraction        | 0.26        |
|    clip_range           | 0.2         |
|    entropy_loss         | -6.81       |
|    explained_variance   | 0.469       |
|    learning_rate        | 0.0003      |
|    loss                 | -0.0249     |
|    n_updates            | 5730        |
|    policy_gradient_loss | -0.0355     |
|    std                  | 0.946       |
|    value_loss           | 0.13        |
-----------------------------------------
-----------------------------------------
| rollout/                |             |
|    ep_len_mean          | 369         |
|    ep_rew_mean          | 134         |
| time/                   |             |
|    fps                  | 493         |
|    iterations           | 575         |
|    time_elapsed         | 2385        |
|    total_timesteps      | 1177600     |
| train/                  |             |
|    approx_kl            | 0.026662534 |
|    clip_fraction        | 0.259       |
|    clip_range           | 0.2         |
|    entropy_loss         | -6.82       |
|    explained_variance   | 0.459       |
|    learning_rate        | 0.0003      |
|    loss                 | -0.0446     |
|    n_updates            | 5740        |
|    policy_gradient_loss | -0.0363     |
|    std                  | 0.949       |
|    value_loss           | 0.0794      |
-----------------------------------------
-----------------------------------------
| rollout/                |             |
|    ep_len_mean          | 368         |
|    ep_rew_mean          | 133         |
| time/                   |             |
|    fps                  | 493         |
|    iterations           | 576         |
|    time_elapsed         | 2388        |
|    total_timesteps      | 1179648     |
| train/                  |             |
|    approx_kl            | 0.024440907 |
|    clip_fraction        | 0.247       |
|    clip_range           | 0.2         |
|    entropy_loss         | -6.82       |
|    explained_variance   | 0.253       |
|    learning_rate        | 0.0003      |
|    loss                 | -0.08       |
|    n_updates            | 5750        |
|    policy_gradient_loss | -0.0435     |
|    std                  | 0.948       |
|    value_loss           | 0.0675      |
-----------------------------------------
----------------------------------------
| rollout/                |            |
|    ep_len_mean          | 368        |
|    ep_rew_mean          | 133        |
| time/                   |            |
|    fps                  | 494        |
|    iterations           | 577        |
|    time_elapsed         | 2390       |
|    total_timesteps      | 1181696    |
| train/                  |            |
|    approx_kl            | 0.02457434 |
|    clip_fraction        | 0.263      |
|    clip_range           | 0.2        |
|    entropy_loss         | -6.8       |
|    explained_variance   | 0.475      |
|    learning_rate        | 0.0003     |
|    loss                 | -0.0492    |
|    n_updates            | 5760       |
|    policy_gradient_loss | -0.0392    |
|    std                  | 0.944      |
|    value_loss           | 0.105      |
----------------------------------------
-----------------------------------------
| rollout/                |             |
|    ep_len_mean          | 367         |
|    ep_rew_mean          | 133         |
| time/                   |             |
|    fps                  | 494         |
|    iterations           | 578         |
|    time_elapsed         | 2393        |
|    total_timesteps      | 1183744     |
| train/                  |             |
|    approx_kl            | 0.026143607 |
|    clip_fraction        | 0.269       |
|    clip_range           | 0.2         |
|    entropy_loss         | -6.8        |
|    explained_variance   | 0.532       |
|    learning_rate        | 0.0003      |
|    loss                 | -0.0405     |
|    n_updates            | 5770        |
|    policy_gradient_loss | -0.0441     |
|    std                  | 0.944       |
|    value_loss           | 0.111       |
-----------------------------------------
----------------------------------------
| rollout/                |            |
|    ep_len_mean          | 366        |
|    ep_rew_mean          | 133        |
| time/                   |            |
|    fps                  | 495        |
|    iterations           | 579        |
|    time_elapsed         | 2395       |
|    total_timesteps      | 1185792    |
| train/                  |            |
|    approx_kl            | 0.02632267 |
|    clip_fraction        | 0.281      |
|    clip_range           | 0.2        |
|    entropy_loss         | -6.8       |
|    explained_variance   | 0.311      |
|    learning_rate        | 0.0003     |
|    loss                 | -0.0267    |
|    n_updates            | 5780       |
|    policy_gradient_loss | -0.0377    |
|    std                  | 0.945      |
|    value_loss           | 0.134      |
----------------------------------------
----------------------------------------
| rollout/                |            |
|    ep_len_mean          | 366        |
|    ep_rew_mean          | 133        |
| time/                   |            |
|    fps                  | 495        |
|    iterations           | 580        |
|    time_elapsed         | 2397       |
|    total_timesteps      | 1187840    |
| train/                  |            |
|    approx_kl            | 0.02159543 |
|    clip_fraction        | 0.238      |
|    clip_range           | 0.2        |
|    entropy_loss         | -6.81      |
|    explained_variance   | 0.385      |
|    learning_rate        | 0.0003     |
|    loss                 | -0.0233    |
|    n_updates            | 5790       |
|    policy_gradient_loss | -0.0322    |
|    std                  | 0.946      |
|    value_loss           | 0.13       |
----------------------------------------
-----------------------------------------
| rollout/                |             |
|    ep_len_mean          | 366         |
|    ep_rew_mean          | 133         |
| time/                   |             |
|    fps                  | 495         |
|    iterations           | 581         |
|    time_elapsed         | 2400        |
|    total_timesteps      | 1189888     |
| train/                  |             |
|    approx_kl            | 0.026523553 |
|    clip_fraction        | 0.259       |
|    clip_range           | 0.2         |
|    entropy_loss         | -6.8        |
|    explained_variance   | 0.571       |
|    learning_rate        | 0.0003      |
|    loss                 | -0.0839     |
|    n_updates            | 5800        |
|    policy_gradient_loss | -0.0418     |
|    std                  | 0.946       |
|    value_loss           | 0.0454      |
-----------------------------------------
-----------------------------------------
| rollout/                |             |
|    ep_len_mean          | 363         |
|    ep_rew_mean          | 131         |
| time/                   |             |
|    fps                  | 496         |
|    iterations           | 582         |
|    time_elapsed         | 2402        |
|    total_timesteps      | 1191936     |
| train/                  |             |
|    approx_kl            | 0.023591895 |
|    clip_fraction        | 0.27        |
|    clip_range           | 0.2         |
|    entropy_loss         | -6.79       |
|    explained_variance   | 0.442       |
|    learning_rate        | 0.0003      |
|    loss                 | -0.0507     |
|    n_updates            | 5810        |
|    policy_gradient_loss | -0.0373     |
|    std                  | 0.942       |
|    value_loss           | 0.0799      |
-----------------------------------------
-----------------------------------------
| rollout/                |             |
|    ep_len_mean          | 363         |
|    ep_rew_mean          | 131         |
| time/                   |             |
|    fps                  | 496         |
|    iterations           | 583         |
|    time_elapsed         | 2405        |
|    total_timesteps      | 1193984     |
| train/                  |             |
|    approx_kl            | 0.027667698 |
|    clip_fraction        | 0.27        |
|    clip_range           | 0.2         |
|    entropy_loss         | -6.78       |
|    explained_variance   | 0.386       |
|    learning_rate        | 0.0003      |
|    loss                 | -0.0666     |
|    n_updates            | 5820        |
|    policy_gradient_loss | -0.0403     |
|    std                  | 0.94        |
|    value_loss           | 0.111       |
-----------------------------------------
-----------------------------------------
| rollout/                |             |
|    ep_len_mean          | 364         |
|    ep_rew_mean          | 132         |
| time/                   |             |
|    fps                  | 496         |
|    iterations           | 584         |
|    time_elapsed         | 2407        |
|    total_timesteps      | 1196032     |
| train/                  |             |
|    approx_kl            | 0.027391601 |
|    clip_fraction        | 0.268       |
|    clip_range           | 0.2         |
|    entropy_loss         | -6.78       |
|    explained_variance   | 0.42        |
|    learning_rate        | 0.0003      |
|    loss                 | -0.0623     |
|    n_updates            | 5830        |
|    policy_gradient_loss | -0.0396     |
|    std                  | 0.941       |
|    value_loss           | 0.0873      |
-----------------------------------------
-----------------------------------------
| rollout/                |             |
|    ep_len_mean          | 364         |
|    ep_rew_mean          | 131         |
| time/                   |             |
|    fps                  | 497         |
|    iterations           | 585         |
|    time_elapsed         | 2409        |
|    total_timesteps      | 1198080     |
| train/                  |             |
|    approx_kl            | 0.024497129 |
|    clip_fraction        | 0.303       |
|    clip_range           | 0.2         |
|    entropy_loss         | -6.78       |
|    explained_variance   | 0.266       |
|    learning_rate        | 0.0003      |
|    loss                 | -0.0334     |
|    n_updates            | 5840        |
|    policy_gradient_loss | -0.0402     |
|    std                  | 0.941       |
|    value_loss           | 0.154       |
-----------------------------------------
-----------------------------------------
| rollout/                |             |
|    ep_len_mean          | 364         |
|    ep_rew_mean          | 132         |
| time/                   |             |
|    fps                  | 497         |
|    iterations           | 586         |
|    time_elapsed         | 2412        |
|    total_timesteps      | 1200128     |
| train/                  |             |
|    approx_kl            | 0.030286543 |
|    clip_fraction        | 0.309       |
|    clip_range           | 0.2         |
|    entropy_loss         | -6.78       |
|    explained_variance   | 0.391       |
|    learning_rate        | 0.0003      |
|    loss                 | -0.0487     |
|    n_updates            | 5850        |
|    policy_gradient_loss | -0.0387     |
|    std                  | 0.941       |
|    value_loss           | 0.0983      |
-----------------------------------------
-----------------------------------------
| rollout/                |             |
|    ep_len_mean          | 366         |
|    ep_rew_mean          | 132         |
| time/                   |             |
|    fps                  | 497         |
|    iterations           | 587         |
|    time_elapsed         | 2414        |
|    total_timesteps      | 1202176     |
| train/                  |             |
|    approx_kl            | 0.023357265 |
|    clip_fraction        | 0.27        |
|    clip_range           | 0.2         |
|    entropy_loss         | -6.77       |
|    explained_variance   | 0.458       |
|    learning_rate        | 0.0003      |
|    loss                 | -0.0622     |
|    n_updates            | 5860        |
|    policy_gradient_loss | -0.0389     |
|    std                  | 0.939       |
|    value_loss           | 0.0557      |
-----------------------------------------
-----------------------------------------
| rollout/                |             |
|    ep_len_mean          | 364         |
|    ep_rew_mean          | 131         |
| time/                   |             |
|    fps                  | 498         |
|    iterations           | 588         |
|    time_elapsed         | 2416        |
|    total_timesteps      | 1204224     |
| train/                  |             |
|    approx_kl            | 0.021919591 |
|    clip_fraction        | 0.27        |
|    clip_range           | 0.2         |
|    entropy_loss         | -6.77       |
|    explained_variance   | 0.459       |
|    learning_rate        | 0.0003      |
|    loss                 | -0.0624     |
|    n_updates            | 5870        |
|    policy_gradient_loss | -0.035      |
|    std                  | 0.939       |
|    value_loss           | 0.0967      |
-----------------------------------------
----------------------------------------
| rollout/                |            |
|    ep_len_mean          | 362        |
|    ep_rew_mean          | 130        |
| time/                   |            |
|    fps                  | 498        |
|    iterations           | 589        |
|    time_elapsed         | 2419       |
|    total_timesteps      | 1206272    |
| train/                  |            |
|    approx_kl            | 0.02605974 |
|    clip_fraction        | 0.278      |
|    clip_range           | 0.2        |
|    entropy_loss         | -6.77      |
|    explained_variance   | 0.303      |
|    learning_rate        | 0.0003     |
|    loss                 | -0.0315    |
|    n_updates            | 5880       |
|    policy_gradient_loss | -0.0313    |
|    std                  | 0.938      |
|    value_loss           | 0.123      |
----------------------------------------
-----------------------------------------
| rollout/                |             |
|    ep_len_mean          | 362         |
|    ep_rew_mean          | 127         |
| time/                   |             |
|    fps                  | 499         |
|    iterations           | 590         |
|    time_elapsed         | 2421        |
|    total_timesteps      | 1208320     |
| train/                  |             |
|    approx_kl            | 0.024780389 |
|    clip_fraction        | 0.27        |
|    clip_range           | 0.2         |
|    entropy_loss         | -6.75       |
|    explained_variance   | 0.36        |
|    learning_rate        | 0.0003      |
|    loss                 | -0.0428     |
|    n_updates            | 5890        |
|    policy_gradient_loss | -0.0412     |
|    std                  | 0.935       |
|    value_loss           | 0.107       |
-----------------------------------------
-----------------------------------------
| rollout/                |             |
|    ep_len_mean          | 362         |
|    ep_rew_mean          | 127         |
| time/                   |             |
|    fps                  | 499         |
|    iterations           | 591         |
|    time_elapsed         | 2423        |
|    total_timesteps      | 1210368     |
| train/                  |             |
|    approx_kl            | 0.025680985 |
|    clip_fraction        | 0.287       |
|    clip_range           | 0.2         |
|    entropy_loss         | -6.75       |
|    explained_variance   | 0.337       |
|    learning_rate        | 0.0003      |
|    loss                 | -0.0601     |
|    n_updates            | 5900        |
|    policy_gradient_loss | -0.039      |
|    std                  | 0.938       |
|    value_loss           | 0.128       |
-----------------------------------------
----------------------------------------
| rollout/                |            |
|    ep_len_mean          | 362        |
|    ep_rew_mean          | 127        |
| time/                   |            |
|    fps                  | 499        |
|    iterations           | 592        |
|    time_elapsed         | 2426       |
|    total_timesteps      | 1212416    |
| train/                  |            |
|    approx_kl            | 0.02499526 |
|    clip_fraction        | 0.276      |
|    clip_range           | 0.2        |
|    entropy_loss         | -6.76      |
|    explained_variance   | 0.498      |
|    learning_rate        | 0.0003     |
|    loss                 | -0.078     |
|    n_updates            | 5910       |
|    policy_gradient_loss | -0.0413    |
|    std                  | 0.937      |
|    value_loss           | 0.0541     |
----------------------------------------
----------------------------------------
| rollout/                |            |
|    ep_len_mean          | 362        |
|    ep_rew_mean          | 128        |
| time/                   |            |
|    fps                  | 500        |
|    iterations           | 593        |
|    time_elapsed         | 2428       |
|    total_timesteps      | 1214464    |
| train/                  |            |
|    approx_kl            | 0.02709146 |
|    clip_fraction        | 0.269      |
|    clip_range           | 0.2        |
|    entropy_loss         | -6.76      |
|    explained_variance   | 0.542      |
|    learning_rate        | 0.0003     |
|    loss                 | -0.0737    |
|    n_updates            | 5920       |
|    policy_gradient_loss | -0.0396    |
|    std                  | 0.939      |
|    value_loss           | 0.0784     |
----------------------------------------
-----------------------------------------
| rollout/                |             |
|    ep_len_mean          | 363         |
|    ep_rew_mean          | 128         |
| time/                   |             |
|    fps                  | 500         |
|    iterations           | 594         |
|    time_elapsed         | 2430        |
|    total_timesteps      | 1216512     |
| train/                  |             |
|    approx_kl            | 0.030114323 |
|    clip_fraction        | 0.285       |
|    clip_range           | 0.2         |
|    entropy_loss         | -6.77       |
|    explained_variance   | 0.752       |
|    learning_rate        | 0.0003      |
|    loss                 | -0.091      |
|    n_updates            | 5930        |
|    policy_gradient_loss | -0.0446     |
|    std                  | 0.941       |
|    value_loss           | 0.044       |
-----------------------------------------
-----------------------------------------
| rollout/                |             |
|    ep_len_mean          | 365         |
|    ep_rew_mean          | 128         |
| time/                   |             |
|    fps                  | 500         |
|    iterations           | 595         |
|    time_elapsed         | 2436        |
|    total_timesteps      | 1218560     |
| train/                  |             |
|    approx_kl            | 0.028576989 |
|    clip_fraction        | 0.28        |
|    clip_range           | 0.2         |
|    entropy_loss         | -6.77       |
|    explained_variance   | 0.513       |
|    learning_rate        | 0.0003      |
|    loss                 | -0.0677     |
|    n_updates            | 5940        |
|    policy_gradient_loss | -0.0428     |
|    std                  | 0.938       |
|    value_loss           | 0.0948      |
-----------------------------------------
-----------------------------------------
| rollout/                |             |
|    ep_len_mean          | 365         |
|    ep_rew_mean          | 128         |
| time/                   |             |
|    fps                  | 499         |
|    iterations           | 596         |
|    time_elapsed         | 2442        |
|    total_timesteps      | 1220608     |
| train/                  |             |
|    approx_kl            | 0.028777674 |
|    clip_fraction        | 0.264       |
|    clip_range           | 0.2         |
|    entropy_loss         | -6.76       |
|    explained_variance   | 0.218       |
|    learning_rate        | 0.0003      |
|    loss                 | -0.00493    |
|    n_updates            | 5950        |
|    policy_gradient_loss | -0.0375     |
|    std                  | 0.937       |
|    value_loss           | 0.17        |
-----------------------------------------
-----------------------------------------
| rollout/                |             |
|    ep_len_mean          | 365         |
|    ep_rew_mean          | 128         |
| time/                   |             |
|    fps                  | 499         |
|    iterations           | 597         |
|    time_elapsed         | 2447        |
|    total_timesteps      | 1222656     |
| train/                  |             |
|    approx_kl            | 0.026078815 |
|    clip_fraction        | 0.264       |
|    clip_range           | 0.2         |
|    entropy_loss         | -6.75       |
|    explained_variance   | 0.443       |
|    learning_rate        | 0.0003      |
|    loss                 | -0.0346     |
|    n_updates            | 5960        |
|    policy_gradient_loss | -0.0381     |
|    std                  | 0.935       |
|    value_loss           | 0.11        |
-----------------------------------------
-----------------------------------------
| rollout/                |             |
|    ep_len_mean          | 365         |
|    ep_rew_mean          | 129         |
| time/                   |             |
|    fps                  | 499         |
|    iterations           | 598         |
|    time_elapsed         | 2452        |
|    total_timesteps      | 1224704     |
| train/                  |             |
|    approx_kl            | 0.023708604 |
|    clip_fraction        | 0.285       |
|    clip_range           | 0.2         |
|    entropy_loss         | -6.73       |
|    explained_variance   | 0.403       |
|    learning_rate        | 0.0003      |
|    loss                 | -0.0624     |
|    n_updates            | 5970        |
|    policy_gradient_loss | -0.0379     |
|    std                  | 0.928       |
|    value_loss           | 0.0766      |
-----------------------------------------
-----------------------------------------
| rollout/                |             |
|    ep_len_mean          | 369         |
|    ep_rew_mean          | 130         |
| time/                   |             |
|    fps                  | 499         |
|    iterations           | 599         |
|    time_elapsed         | 2457        |
|    total_timesteps      | 1226752     |
| train/                  |             |
|    approx_kl            | 0.026906062 |
|    clip_fraction        | 0.281       |
|    clip_range           | 0.2         |
|    entropy_loss         | -6.71       |
|    explained_variance   | 0.532       |
|    learning_rate        | 0.0003      |
|    loss                 | -0.0684     |
|    n_updates            | 5980        |
|    policy_gradient_loss | -0.0391     |
|    std                  | 0.93        |
|    value_loss           | 0.0478      |
-----------------------------------------
----------------------------------------
| rollout/                |            |
|    ep_len_mean          | 371        |
|    ep_rew_mean          | 131        |
| time/                   |            |
|    fps                  | 498        |
|    iterations           | 600        |
|    time_elapsed         | 2463       |
|    total_timesteps      | 1228800    |
| train/                  |            |
|    approx_kl            | 0.02691445 |
|    clip_fraction        | 0.315      |
|    clip_range           | 0.2        |
|    entropy_loss         | -6.72      |
|    explained_variance   | 0.205      |
|    learning_rate        | 0.0003     |
|    loss                 | -0.0419    |
|    n_updates            | 5990       |
|    policy_gradient_loss | -0.035     |
|    std                  | 0.932      |
|    value_loss           | 0.134      |
----------------------------------------
-----------------------------------------
| rollout/                |             |
|    ep_len_mean          | 371         |
|    ep_rew_mean          | 129         |
| time/                   |             |
|    fps                  | 498         |
|    iterations           | 601         |
|    time_elapsed         | 2468        |
|    total_timesteps      | 1230848     |
| train/                  |             |
|    approx_kl            | 0.025121946 |
|    clip_fraction        | 0.259       |
|    clip_range           | 0.2         |
|    entropy_loss         | -6.72       |
|    explained_variance   | 0.274       |
|    learning_rate        | 0.0003      |
|    loss                 | -0.0445     |
|    n_updates            | 6000        |
|    policy_gradient_loss | -0.0354     |
|    std                  | 0.93        |
|    value_loss           | 0.107       |
-----------------------------------------
-----------------------------------------
| rollout/                |             |
|    ep_len_mean          | 371         |
|    ep_rew_mean          | 129         |
| time/                   |             |
|    fps                  | 498         |
|    iterations           | 602         |
|    time_elapsed         | 2474        |
|    total_timesteps      | 1232896     |
| train/                  |             |
|    approx_kl            | 0.026158769 |
|    clip_fraction        | 0.263       |
|    clip_range           | 0.2         |
|    entropy_loss         | -6.71       |
|    explained_variance   | 0.116       |
|    learning_rate        | 0.0003      |
|    loss                 | -0.00605    |
|    n_updates            | 6010        |
|    policy_gradient_loss | -0.0246     |
|    std                  | 0.929       |
|    value_loss           | 0.153       |
-----------------------------------------
-----------------------------------------
| rollout/                |             |
|    ep_len_mean          | 370         |
|    ep_rew_mean          | 128         |
| time/                   |             |
|    fps                  | 498         |
|    iterations           | 603         |
|    time_elapsed         | 2479        |
|    total_timesteps      | 1234944     |
| train/                  |             |
|    approx_kl            | 0.027544737 |
|    clip_fraction        | 0.286       |
|    clip_range           | 0.2         |
|    entropy_loss         | -6.71       |
|    explained_variance   | 0.168       |
|    learning_rate        | 0.0003      |
|    loss                 | -0.0018     |
|    n_updates            | 6020        |
|    policy_gradient_loss | -0.0382     |
|    std                  | 0.931       |
|    value_loss           | 0.143       |
-----------------------------------------
-----------------------------------------
| rollout/                |             |
|    ep_len_mean          | 370         |
|    ep_rew_mean          | 128         |
| time/                   |             |
|    fps                  | 497         |
|    iterations           | 604         |
|    time_elapsed         | 2484        |
|    total_timesteps      | 1236992     |
| train/                  |             |
|    approx_kl            | 0.024897713 |
|    clip_fraction        | 0.238       |
|    clip_range           | 0.2         |
|    entropy_loss         | -6.73       |
|    explained_variance   | 0.455       |
|    learning_rate        | 0.0003      |
|    loss                 | -0.0605     |
|    n_updates            | 6030        |
|    policy_gradient_loss | -0.0393     |
|    std                  | 0.935       |
|    value_loss           | 0.0564      |
-----------------------------------------
-----------------------------------------
| rollout/                |             |
|    ep_len_mean          | 370         |
|    ep_rew_mean          | 128         |
| time/                   |             |
|    fps                  | 497         |
|    iterations           | 605         |
|    time_elapsed         | 2489        |
|    total_timesteps      | 1239040     |
| train/                  |             |
|    approx_kl            | 0.026147757 |
|    clip_fraction        | 0.267       |
|    clip_range           | 0.2         |
|    entropy_loss         | -6.74       |
|    explained_variance   | 0.576       |
|    learning_rate        | 0.0003      |
|    loss                 | -0.0592     |
|    n_updates            | 6040        |
|    policy_gradient_loss | -0.0351     |
|    std                  | 0.935       |
|    value_loss           | 0.053       |
-----------------------------------------
-----------------------------------------
| rollout/                |             |
|    ep_len_mean          | 372         |
|    ep_rew_mean          | 129         |
| time/                   |             |
|    fps                  | 497         |
|    iterations           | 606         |
|    time_elapsed         | 2495        |
|    total_timesteps      | 1241088     |
| train/                  |             |
|    approx_kl            | 0.028877366 |
|    clip_fraction        | 0.281       |
|    clip_range           | 0.2         |
|    entropy_loss         | -6.75       |
|    explained_variance   | 0.282       |
|    learning_rate        | 0.0003      |
|    loss                 | -0.0642     |
|    n_updates            | 6050        |
|    policy_gradient_loss | -0.0377     |
|    std                  | 0.938       |
|    value_loss           | 0.0996      |
-----------------------------------------
-----------------------------------------
| rollout/                |             |
|    ep_len_mean          | 375         |
|    ep_rew_mean          | 130         |
| time/                   |             |
|    fps                  | 497         |
|    iterations           | 607         |
|    time_elapsed         | 2500        |
|    total_timesteps      | 1243136     |
| train/                  |             |
|    approx_kl            | 0.023662118 |
|    clip_fraction        | 0.275       |
|    clip_range           | 0.2         |
|    entropy_loss         | -6.74       |
|    explained_variance   | 0.224       |
|    learning_rate        | 0.0003      |
|    loss                 | -0.0297     |
|    n_updates            | 6060        |
|    policy_gradient_loss | -0.0323     |
|    std                  | 0.933       |
|    value_loss           | 0.164       |
-----------------------------------------
----------------------------------------
| rollout/                |            |
|    ep_len_mean          | 375        |
|    ep_rew_mean          | 134        |
| time/                   |            |
|    fps                  | 496        |
|    iterations           | 608        |
|    time_elapsed         | 2506       |
|    total_timesteps      | 1245184    |
| train/                  |            |
|    approx_kl            | 0.03070046 |
|    clip_fraction        | 0.306      |
|    clip_range           | 0.2        |
|    entropy_loss         | -6.73      |
|    explained_variance   | 0.491      |
|    learning_rate        | 0.0003     |
|    loss                 | -0.0824    |
|    n_updates            | 6070       |
|    policy_gradient_loss | -0.0421    |
|    std                  | 0.934      |
|    value_loss           | 0.0843     |
----------------------------------------
-----------------------------------------
| rollout/                |             |
|    ep_len_mean          | 375         |
|    ep_rew_mean          | 134         |
| time/                   |             |
|    fps                  | 496         |
|    iterations           | 609         |
|    time_elapsed         | 2511        |
|    total_timesteps      | 1247232     |
| train/                  |             |
|    approx_kl            | 0.025907546 |
|    clip_fraction        | 0.288       |
|    clip_range           | 0.2         |
|    entropy_loss         | -6.73       |
|    explained_variance   | 0.443       |
|    learning_rate        | 0.0003      |
|    loss                 | -0.0393     |
|    n_updates            | 6080        |
|    policy_gradient_loss | -0.0413     |
|    std                  | 0.933       |
|    value_loss           | 0.117       |
-----------------------------------------
-----------------------------------------
| rollout/                |             |
|    ep_len_mean          | 375         |
|    ep_rew_mean          | 133         |
| time/                   |             |
|    fps                  | 496         |
|    iterations           | 610         |
|    time_elapsed         | 2516        |
|    total_timesteps      | 1249280     |
| train/                  |             |
|    approx_kl            | 0.029289156 |
|    clip_fraction        | 0.288       |
|    clip_range           | 0.2         |
|    entropy_loss         | -6.73       |
|    explained_variance   | 0.439       |
|    learning_rate        | 0.0003      |
|    loss                 | -0.0394     |
|    n_updates            | 6090        |
|    policy_gradient_loss | -0.0302     |
|    std                  | 0.934       |
|    value_loss           | 0.0725      |
-----------------------------------------
----------------------------------------
| rollout/                |            |
|    ep_len_mean          | 375        |
|    ep_rew_mean          | 131        |
| time/                   |            |
|    fps                  | 496        |
|    iterations           | 611        |
|    time_elapsed         | 2521       |
|    total_timesteps      | 1251328    |
| train/                  |            |
|    approx_kl            | 0.03085282 |
|    clip_fraction        | 0.287      |
|    clip_range           | 0.2        |
|    entropy_loss         | -6.74      |
|    explained_variance   | 0.497      |
|    learning_rate        | 0.0003     |
|    loss                 | -0.0878    |
|    n_updates            | 6100       |
|    policy_gradient_loss | -0.0439    |
|    std                  | 0.934      |
|    value_loss           | 0.0542     |
----------------------------------------
-----------------------------------------
| rollout/                |             |
|    ep_len_mean          | 375         |
|    ep_rew_mean          | 131         |
| time/                   |             |
|    fps                  | 495         |
|    iterations           | 612         |
|    time_elapsed         | 2527        |
|    total_timesteps      | 1253376     |
| train/                  |             |
|    approx_kl            | 0.027030945 |
|    clip_fraction        | 0.265       |
|    clip_range           | 0.2         |
|    entropy_loss         | -6.73       |
|    explained_variance   | 0.535       |
|    learning_rate        | 0.0003      |
|    loss                 | -0.0499     |
|    n_updates            | 6110        |
|    policy_gradient_loss | -0.036      |
|    std                  | 0.932       |
|    value_loss           | 0.0883      |
-----------------------------------------
-----------------------------------------
| rollout/                |             |
|    ep_len_mean          | 375         |
|    ep_rew_mean          | 132         |
| time/                   |             |
|    fps                  | 495         |
|    iterations           | 613         |
|    time_elapsed         | 2532        |
|    total_timesteps      | 1255424     |
| train/                  |             |
|    approx_kl            | 0.028863966 |
|    clip_fraction        | 0.282       |
|    clip_range           | 0.2         |
|    entropy_loss         | -6.72       |
|    explained_variance   | 0.588       |
|    learning_rate        | 0.0003      |
|    loss                 | -0.0582     |
|    n_updates            | 6120        |
|    policy_gradient_loss | -0.0408     |
|    std                  | 0.932       |
|    value_loss           | 0.0919      |
-----------------------------------------
-----------------------------------------
| rollout/                |             |
|    ep_len_mean          | 374         |
|    ep_rew_mean          | 131         |
| time/                   |             |
|    fps                  | 495         |
|    iterations           | 614         |
|    time_elapsed         | 2537        |
|    total_timesteps      | 1257472     |
| train/                  |             |
|    approx_kl            | 0.026387632 |
|    clip_fraction        | 0.275       |
|    clip_range           | 0.2         |
|    entropy_loss         | -6.73       |
|    explained_variance   | 0.331       |
|    learning_rate        | 0.0003      |
|    loss                 | -0.065      |
|    n_updates            | 6130        |
|    policy_gradient_loss | -0.039      |
|    std                  | 0.934       |
|    value_loss           | 0.0989      |
-----------------------------------------
-----------------------------------------
| rollout/                |             |
|    ep_len_mean          | 374         |
|    ep_rew_mean          | 131         |
| time/                   |             |
|    fps                  | 495         |
|    iterations           | 615         |
|    time_elapsed         | 2542        |
|    total_timesteps      | 1259520     |
| train/                  |             |
|    approx_kl            | 0.028260756 |
|    clip_fraction        | 0.279       |
|    clip_range           | 0.2         |
|    entropy_loss         | -6.74       |
|    explained_variance   | 0.358       |
|    learning_rate        | 0.0003      |
|    loss                 | -0.0365     |
|    n_updates            | 6140        |
|    policy_gradient_loss | -0.0418     |
|    std                  | 0.937       |
|    value_loss           | 0.134       |
-----------------------------------------
-----------------------------------------
| rollout/                |             |
|    ep_len_mean          | 374         |
|    ep_rew_mean          | 131         |
| time/                   |             |
|    fps                  | 495         |
|    iterations           | 616         |
|    time_elapsed         | 2548        |
|    total_timesteps      | 1261568     |
| train/                  |             |
|    approx_kl            | 0.026592169 |
|    clip_fraction        | 0.262       |
|    clip_range           | 0.2         |
|    entropy_loss         | -6.75       |
|    explained_variance   | 0.433       |
|    learning_rate        | 0.0003      |
|    loss                 | -0.0796     |
|    n_updates            | 6150        |
|    policy_gradient_loss | -0.0428     |
|    std                  | 0.938       |
|    value_loss           | 0.051       |
-----------------------------------------
----------------------------------------
| rollout/                |            |
|    ep_len_mean          | 374        |
|    ep_rew_mean          | 131        |
| time/                   |            |
|    fps                  | 494        |
|    iterations           | 617        |
|    time_elapsed         | 2553       |
|    total_timesteps      | 1263616    |
| train/                  |            |
|    approx_kl            | 0.03306875 |
|    clip_fraction        | 0.315      |
|    clip_range           | 0.2        |
|    entropy_loss         | -6.76      |
|    explained_variance   | 0.307      |
|    learning_rate        | 0.0003     |
|    loss                 | -0.0589    |
|    n_updates            | 6160       |
|    policy_gradient_loss | -0.0457    |
|    std                  | 0.94       |
|    value_loss           | 0.0658     |
----------------------------------------
----------------------------------------
| rollout/                |            |
|    ep_len_mean          | 374        |
|    ep_rew_mean          | 131        |
| time/                   |            |
|    fps                  | 494        |
|    iterations           | 618        |
|    time_elapsed         | 2559       |
|    total_timesteps      | 1265664    |
| train/                  |            |
|    approx_kl            | 0.02538421 |
|    clip_fraction        | 0.269      |
|    clip_range           | 0.2        |
|    entropy_loss         | -6.77      |
|    explained_variance   | 0.451      |
|    learning_rate        | 0.0003     |
|    loss                 | -0.0602    |
|    n_updates            | 6170       |
|    policy_gradient_loss | -0.0409    |
|    std                  | 0.942      |
|    value_loss           | 0.124      |
----------------------------------------
-----------------------------------------
| rollout/                |             |
|    ep_len_mean          | 374         |
|    ep_rew_mean          | 134         |
| time/                   |             |
|    fps                  | 494         |
|    iterations           | 619         |
|    time_elapsed         | 2565        |
|    total_timesteps      | 1267712     |
| train/                  |             |
|    approx_kl            | 0.023325969 |
|    clip_fraction        | 0.271       |
|    clip_range           | 0.2         |
|    entropy_loss         | -6.78       |
|    explained_variance   | 0.415       |
|    learning_rate        | 0.0003      |
|    loss                 | -0.0459     |
|    n_updates            | 6180        |
|    policy_gradient_loss | -0.0397     |
|    std                  | 0.942       |
|    value_loss           | 0.111       |
-----------------------------------------
-----------------------------------------
| rollout/                |             |
|    ep_len_mean          | 374         |
|    ep_rew_mean          | 134         |
| time/                   |             |
|    fps                  | 494         |
|    iterations           | 620         |
|    time_elapsed         | 2570        |
|    total_timesteps      | 1269760     |
| train/                  |             |
|    approx_kl            | 0.025151007 |
|    clip_fraction        | 0.259       |
|    clip_range           | 0.2         |
|    entropy_loss         | -6.78       |
|    explained_variance   | 0.348       |
|    learning_rate        | 0.0003      |
|    loss                 | -0.0633     |
|    n_updates            | 6190        |
|    policy_gradient_loss | -0.0412     |
|    std                  | 0.944       |
|    value_loss           | 0.0993      |
-----------------------------------------
-----------------------------------------
| rollout/                |             |
|    ep_len_mean          | 374         |
|    ep_rew_mean          | 134         |
| time/                   |             |
|    fps                  | 493         |
|    iterations           | 621         |
|    time_elapsed         | 2575        |
|    total_timesteps      | 1271808     |
| train/                  |             |
|    approx_kl            | 0.023885053 |
|    clip_fraction        | 0.282       |
|    clip_range           | 0.2         |
|    entropy_loss         | -6.78       |
|    explained_variance   | 0.354       |
|    learning_rate        | 0.0003      |
|    loss                 | -0.0482     |
|    n_updates            | 6200        |
|    policy_gradient_loss | -0.0354     |
|    std                  | 0.942       |
|    value_loss           | 0.112       |
-----------------------------------------
-----------------------------------------
| rollout/                |             |
|    ep_len_mean          | 374         |
|    ep_rew_mean          | 134         |
| time/                   |             |
|    fps                  | 493         |
|    iterations           | 622         |
|    time_elapsed         | 2581        |
|    total_timesteps      | 1273856     |
| train/                  |             |
|    approx_kl            | 0.025495924 |
|    clip_fraction        | 0.259       |
|    clip_range           | 0.2         |
|    entropy_loss         | -6.76       |
|    explained_variance   | 0.491       |
|    learning_rate        | 0.0003      |
|    loss                 | -0.0764     |
|    n_updates            | 6210        |
|    policy_gradient_loss | -0.043      |
|    std                  | 0.938       |
|    value_loss           | 0.038       |
-----------------------------------------
-----------------------------------------
| rollout/                |             |
|    ep_len_mean          | 375         |
|    ep_rew_mean          | 134         |
| time/                   |             |
|    fps                  | 493         |
|    iterations           | 623         |
|    time_elapsed         | 2586        |
|    total_timesteps      | 1275904     |
| train/                  |             |
|    approx_kl            | 0.027578479 |
|    clip_fraction        | 0.283       |
|    clip_range           | 0.2         |
|    entropy_loss         | -6.75       |
|    explained_variance   | 0.375       |
|    learning_rate        | 0.0003      |
|    loss                 | -0.0721     |
|    n_updates            | 6220        |
|    policy_gradient_loss | -0.0433     |
|    std                  | 0.939       |
|    value_loss           | 0.0449      |
-----------------------------------------
-----------------------------------------
| rollout/                |             |
|    ep_len_mean          | 374         |
|    ep_rew_mean          | 134         |
| time/                   |             |
|    fps                  | 492         |
|    iterations           | 624         |
|    time_elapsed         | 2592        |
|    total_timesteps      | 1277952     |
| train/                  |             |
|    approx_kl            | 0.024185397 |
|    clip_fraction        | 0.271       |
|    clip_range           | 0.2         |
|    entropy_loss         | -6.76       |
|    explained_variance   | 0.274       |
|    learning_rate        | 0.0003      |
|    loss                 | -0.0618     |
|    n_updates            | 6230        |
|    policy_gradient_loss | -0.0388     |
|    std                  | 0.942       |
|    value_loss           | 0.122       |
-----------------------------------------
----------------------------------------
| rollout/                |            |
|    ep_len_mean          | 374        |
|    ep_rew_mean          | 134        |
| time/                   |            |
|    fps                  | 492        |
|    iterations           | 625        |
|    time_elapsed         | 2597       |
|    total_timesteps      | 1280000    |
| train/                  |            |
|    approx_kl            | 0.02698849 |
|    clip_fraction        | 0.298      |
|    clip_range           | 0.2        |
|    entropy_loss         | -6.77      |
|    explained_variance   | 0.183      |
|    learning_rate        | 0.0003     |
|    loss                 | -0.0563    |
|    n_updates            | 6240       |
|    policy_gradient_loss | -0.0413    |
|    std                  | 0.943      |
|    value_loss           | 0.0926     |
----------------------------------------
-----------------------------------------
| rollout/                |             |
|    ep_len_mean          | 373         |
|    ep_rew_mean          | 134         |
| time/                   |             |
|    fps                  | 492         |
|    iterations           | 626         |
|    time_elapsed         | 2603        |
|    total_timesteps      | 1282048     |
| train/                  |             |
|    approx_kl            | 0.028910402 |
|    clip_fraction        | 0.267       |
|    clip_range           | 0.2         |
|    entropy_loss         | -6.78       |
|    explained_variance   | 0.104       |
|    learning_rate        | 0.0003      |
|    loss                 | -0.0589     |
|    n_updates            | 6250        |
|    policy_gradient_loss | -0.0382     |
|    std                  | 0.944       |
|    value_loss           | 0.104       |
-----------------------------------------
-----------------------------------------
| rollout/                |             |
|    ep_len_mean          | 371         |
|    ep_rew_mean          | 132         |
| time/                   |             |
|    fps                  | 492         |
|    iterations           | 627         |
|    time_elapsed         | 2608        |
|    total_timesteps      | 1284096     |
| train/                  |             |
|    approx_kl            | 0.030256737 |
|    clip_fraction        | 0.295       |
|    clip_range           | 0.2         |
|    entropy_loss         | -6.79       |
|    explained_variance   | 0.449       |
|    learning_rate        | 0.0003      |
|    loss                 | -0.0862     |
|    n_updates            | 6260        |
|    policy_gradient_loss | -0.0403     |
|    std                  | 0.945       |
|    value_loss           | 0.0716      |
-----------------------------------------
-----------------------------------------
| rollout/                |             |
|    ep_len_mean          | 371         |
|    ep_rew_mean          | 132         |
| time/                   |             |
|    fps                  | 492         |
|    iterations           | 628         |
|    time_elapsed         | 2614        |
|    total_timesteps      | 1286144     |
| train/                  |             |
|    approx_kl            | 0.023962319 |
|    clip_fraction        | 0.282       |
|    clip_range           | 0.2         |
|    entropy_loss         | -6.78       |
|    explained_variance   | 0.337       |
|    learning_rate        | 0.0003      |
|    loss                 | -0.0736     |
|    n_updates            | 6270        |
|    policy_gradient_loss | -0.039      |
|    std                  | 0.94        |
|    value_loss           | 0.0859      |
-----------------------------------------
-----------------------------------------
| rollout/                |             |
|    ep_len_mean          | 371         |
|    ep_rew_mean          | 134         |
| time/                   |             |
|    fps                  | 491         |
|    iterations           | 629         |
|    time_elapsed         | 2619        |
|    total_timesteps      | 1288192     |
| train/                  |             |
|    approx_kl            | 0.026287518 |
|    clip_fraction        | 0.27        |
|    clip_range           | 0.2         |
|    entropy_loss         | -6.75       |
|    explained_variance   | 0.399       |
|    learning_rate        | 0.0003      |
|    loss                 | -0.0814     |
|    n_updates            | 6280        |
|    policy_gradient_loss | -0.0418     |
|    std                  | 0.936       |
|    value_loss           | 0.0531      |
-----------------------------------------
----------------------------------------
| rollout/                |            |
|    ep_len_mean          | 368        |
|    ep_rew_mean          | 133        |
| time/                   |            |
|    fps                  | 491        |
|    iterations           | 630        |
|    time_elapsed         | 2625       |
|    total_timesteps      | 1290240    |
| train/                  |            |
|    approx_kl            | 0.02241538 |
|    clip_fraction        | 0.272      |
|    clip_range           | 0.2        |
|    entropy_loss         | -6.74      |
|    explained_variance   | 0.297      |
|    learning_rate        | 0.0003     |
|    loss                 | -0.0273    |
|    n_updates            | 6290       |
|    policy_gradient_loss | -0.0386    |
|    std                  | 0.936      |
|    value_loss           | 0.154      |
----------------------------------------
-----------------------------------------
| rollout/                |             |
|    ep_len_mean          | 368         |
|    ep_rew_mean          | 133         |
| time/                   |             |
|    fps                  | 491         |
|    iterations           | 631         |
|    time_elapsed         | 2630        |
|    total_timesteps      | 1292288     |
| train/                  |             |
|    approx_kl            | 0.022697326 |
|    clip_fraction        | 0.251       |
|    clip_range           | 0.2         |
|    entropy_loss         | -6.73       |
|    explained_variance   | 0.389       |
|    learning_rate        | 0.0003      |
|    loss                 | -0.0769     |
|    n_updates            | 6300        |
|    policy_gradient_loss | -0.0406     |
|    std                  | 0.931       |
|    value_loss           | 0.0953      |
-----------------------------------------
-----------------------------------------
| rollout/                |             |
|    ep_len_mean          | 368         |
|    ep_rew_mean          | 132         |
| time/                   |             |
|    fps                  | 490         |
|    iterations           | 632         |
|    time_elapsed         | 2636        |
|    total_timesteps      | 1294336     |
| train/                  |             |
|    approx_kl            | 0.026786683 |
|    clip_fraction        | 0.268       |
|    clip_range           | 0.2         |
|    entropy_loss         | -6.72       |
|    explained_variance   | 0.587       |
|    learning_rate        | 0.0003      |
|    loss                 | -0.0515     |
|    n_updates            | 6310        |
|    policy_gradient_loss | -0.0443     |
|    std                  | 0.933       |
|    value_loss           | 0.115       |
-----------------------------------------
-----------------------------------------
| rollout/                |             |
|    ep_len_mean          | 368         |
|    ep_rew_mean          | 132         |
| time/                   |             |
|    fps                  | 490         |
|    iterations           | 633         |
|    time_elapsed         | 2641        |
|    total_timesteps      | 1296384     |
| train/                  |             |
|    approx_kl            | 0.024626827 |
|    clip_fraction        | 0.256       |
|    clip_range           | 0.2         |
|    entropy_loss         | -6.72       |
|    explained_variance   | 0.586       |
|    learning_rate        | 0.0003      |
|    loss                 | -0.0609     |
|    n_updates            | 6320        |
|    policy_gradient_loss | -0.0335     |
|    std                  | 0.932       |
|    value_loss           | 0.0819      |
-----------------------------------------
-----------------------------------------
| rollout/                |             |
|    ep_len_mean          | 368         |
|    ep_rew_mean          | 132         |
| time/                   |             |
|    fps                  | 490         |
|    iterations           | 634         |
|    time_elapsed         | 2647        |
|    total_timesteps      | 1298432     |
| train/                  |             |
|    approx_kl            | 0.021079235 |
|    clip_fraction        | 0.25        |
|    clip_range           | 0.2         |
|    entropy_loss         | -6.71       |
|    explained_variance   | 0.604       |
|    learning_rate        | 0.0003      |
|    loss                 | -0.0704     |
|    n_updates            | 6330        |
|    policy_gradient_loss | -0.0421     |
|    std                  | 0.929       |
|    value_loss           | 0.0451      |
-----------------------------------------
-----------------------------------------
| rollout/                |             |
|    ep_len_mean          | 368         |
|    ep_rew_mean          | 133         |
| time/                   |             |
|    fps                  | 490         |
|    iterations           | 635         |
|    time_elapsed         | 2652        |
|    total_timesteps      | 1300480     |
| train/                  |             |
|    approx_kl            | 0.027971152 |
|    clip_fraction        | 0.29        |
|    clip_range           | 0.2         |
|    entropy_loss         | -6.7        |
|    explained_variance   | 0.432       |
|    learning_rate        | 0.0003      |
|    loss                 | -0.0388     |
|    n_updates            | 6340        |
|    policy_gradient_loss | -0.0393     |
|    std                  | 0.929       |
|    value_loss           | 0.102       |
-----------------------------------------
-----------------------------------------
| rollout/                |             |
|    ep_len_mean          | 368         |
|    ep_rew_mean          | 133         |
| time/                   |             |
|    fps                  | 489         |
|    iterations           | 636         |
|    time_elapsed         | 2658        |
|    total_timesteps      | 1302528     |
| train/                  |             |
|    approx_kl            | 0.024760872 |
|    clip_fraction        | 0.281       |
|    clip_range           | 0.2         |
|    entropy_loss         | -6.71       |
|    explained_variance   | 0.402       |
|    learning_rate        | 0.0003      |
|    loss                 | -0.0391     |
|    n_updates            | 6350        |
|    policy_gradient_loss | -0.039      |
|    std                  | 0.93        |
|    value_loss           | 0.159       |
-----------------------------------------
----------------------------------------
| rollout/                |            |
|    ep_len_mean          | 368        |
|    ep_rew_mean          | 132        |
| time/                   |            |
|    fps                  | 489        |
|    iterations           | 637        |
|    time_elapsed         | 2663       |
|    total_timesteps      | 1304576    |
| train/                  |            |
|    approx_kl            | 0.02601944 |
|    clip_fraction        | 0.275      |
|    clip_range           | 0.2        |
|    entropy_loss         | -6.7       |
|    explained_variance   | 0.621      |
|    learning_rate        | 0.0003     |
|    loss                 | -0.0844    |
|    n_updates            | 6360       |
|    policy_gradient_loss | -0.0383    |
|    std                  | 0.927      |
|    value_loss           | 0.0599     |
----------------------------------------
-----------------------------------------
| rollout/                |             |
|    ep_len_mean          | 368         |
|    ep_rew_mean          | 132         |
| time/                   |             |
|    fps                  | 489         |
|    iterations           | 638         |
|    time_elapsed         | 2668        |
|    total_timesteps      | 1306624     |
| train/                  |             |
|    approx_kl            | 0.026418041 |
|    clip_fraction        | 0.271       |
|    clip_range           | 0.2         |
|    entropy_loss         | -6.7        |
|    explained_variance   | 0.343       |
|    learning_rate        | 0.0003      |
|    loss                 | 0.00955     |
|    n_updates            | 6370        |
|    policy_gradient_loss | -0.0377     |
|    std                  | 0.931       |
|    value_loss           | 0.167       |
-----------------------------------------
-----------------------------------------
| rollout/                |             |
|    ep_len_mean          | 367         |
|    ep_rew_mean          | 131         |
| time/                   |             |
|    fps                  | 489         |
|    iterations           | 639         |
|    time_elapsed         | 2674        |
|    total_timesteps      | 1308672     |
| train/                  |             |
|    approx_kl            | 0.025662495 |
|    clip_fraction        | 0.3         |
|    clip_range           | 0.2         |
|    entropy_loss         | -6.71       |
|    explained_variance   | 0.445       |
|    learning_rate        | 0.0003      |
|    loss                 | -0.0485     |
|    n_updates            | 6380        |
|    policy_gradient_loss | -0.0323     |
|    std                  | 0.929       |
|    value_loss           | 0.0665      |
-----------------------------------------
----------------------------------------
| rollout/                |            |
|    ep_len_mean          | 367        |
|    ep_rew_mean          | 132        |
| time/                   |            |
|    fps                  | 489        |
|    iterations           | 640        |
|    time_elapsed         | 2679       |
|    total_timesteps      | 1310720    |
| train/                  |            |
|    approx_kl            | 0.03004586 |
|    clip_fraction        | 0.267      |
|    clip_range           | 0.2        |
|    entropy_loss         | -6.7       |
|    explained_variance   | 0.466      |
|    learning_rate        | 0.0003     |
|    loss                 | -0.068     |
|    n_updates            | 6390       |
|    policy_gradient_loss | -0.0378    |
|    std                  | 0.929      |
|    value_loss           | 0.0669     |
----------------------------------------
-----------------------------------------
| rollout/                |             |
|    ep_len_mean          | 367         |
|    ep_rew_mean          | 132         |
| time/                   |             |
|    fps                  | 489         |
|    iterations           | 641         |
|    time_elapsed         | 2684        |
|    total_timesteps      | 1312768     |
| train/                  |             |
|    approx_kl            | 0.026479505 |
|    clip_fraction        | 0.26        |
|    clip_range           | 0.2         |
|    entropy_loss         | -6.7        |
|    explained_variance   | 0.498       |
|    learning_rate        | 0.0003      |
|    loss                 | -0.0913     |
|    n_updates            | 6400        |
|    policy_gradient_loss | -0.0444     |
|    std                  | 0.927       |
|    value_loss           | 0.0567      |
-----------------------------------------
-----------------------------------------
| rollout/                |             |
|    ep_len_mean          | 367         |
|    ep_rew_mean          | 133         |
| time/                   |             |
|    fps                  | 488         |
|    iterations           | 642         |
|    time_elapsed         | 2690        |
|    total_timesteps      | 1314816     |
| train/                  |             |
|    approx_kl            | 0.029059641 |
|    clip_fraction        | 0.271       |
|    clip_range           | 0.2         |
|    entropy_loss         | -6.69       |
|    explained_variance   | 0.345       |
|    learning_rate        | 0.0003      |
|    loss                 | -0.0479     |
|    n_updates            | 6410        |
|    policy_gradient_loss | -0.0456     |
|    std                  | 0.927       |
|    value_loss           | 0.13        |
-----------------------------------------
-----------------------------------------
| rollout/                |             |
|    ep_len_mean          | 367         |
|    ep_rew_mean          | 133         |
| time/                   |             |
|    fps                  | 488         |
|    iterations           | 643         |
|    time_elapsed         | 2695        |
|    total_timesteps      | 1316864     |
| train/                  |             |
|    approx_kl            | 0.031634986 |
|    clip_fraction        | 0.306       |
|    clip_range           | 0.2         |
|    entropy_loss         | -6.7        |
|    explained_variance   | 0.363       |
|    learning_rate        | 0.0003      |
|    loss                 | -0.054      |
|    n_updates            | 6420        |
|    policy_gradient_loss | -0.0423     |
|    std                  | 0.929       |
|    value_loss           | 0.116       |
-----------------------------------------
-----------------------------------------
| rollout/                |             |
|    ep_len_mean          | 367         |
|    ep_rew_mean          | 133         |
| time/                   |             |
|    fps                  | 488         |
|    iterations           | 644         |
|    time_elapsed         | 2700        |
|    total_timesteps      | 1318912     |
| train/                  |             |
|    approx_kl            | 0.026612576 |
|    clip_fraction        | 0.269       |
|    clip_range           | 0.2         |
|    entropy_loss         | -6.7        |
|    explained_variance   | 0.194       |
|    learning_rate        | 0.0003      |
|    loss                 | -0.0464     |
|    n_updates            | 6430        |
|    policy_gradient_loss | -0.0359     |
|    std                  | 0.927       |
|    value_loss           | 0.134       |
-----------------------------------------
----------------------------------------
| rollout/                |            |
|    ep_len_mean          | 368        |
|    ep_rew_mean          | 133        |
| time/                   |            |
|    fps                  | 488        |
|    iterations           | 645        |
|    time_elapsed         | 2706       |
|    total_timesteps      | 1320960    |
| train/                  |            |
|    approx_kl            | 0.02476393 |
|    clip_fraction        | 0.262      |
|    clip_range           | 0.2        |
|    entropy_loss         | -6.69      |
|    explained_variance   | 0.238      |
|    learning_rate        | 0.0003     |
|    loss                 | -0.0762    |
|    n_updates            | 6440       |
|    policy_gradient_loss | -0.0365    |
|    std                  | 0.928      |
|    value_loss           | 0.0559     |
----------------------------------------
-----------------------------------------
| rollout/                |             |
|    ep_len_mean          | 370         |
|    ep_rew_mean          | 134         |
| time/                   |             |
|    fps                  | 487         |
|    iterations           | 646         |
|    time_elapsed         | 2711        |
|    total_timesteps      | 1323008     |
| train/                  |             |
|    approx_kl            | 0.030441377 |
|    clip_fraction        | 0.285       |
|    clip_range           | 0.2         |
|    entropy_loss         | -6.7        |
|    explained_variance   | 0.323       |
|    learning_rate        | 0.0003      |
|    loss                 | -0.0575     |
|    n_updates            | 6450        |
|    policy_gradient_loss | -0.0454     |
|    std                  | 0.928       |
|    value_loss           | 0.0716      |
-----------------------------------------
-----------------------------------------
| rollout/                |             |
|    ep_len_mean          | 371         |
|    ep_rew_mean          | 135         |
| time/                   |             |
|    fps                  | 487         |
|    iterations           | 647         |
|    time_elapsed         | 2717        |
|    total_timesteps      | 1325056     |
| train/                  |             |
|    approx_kl            | 0.028016977 |
|    clip_fraction        | 0.259       |
|    clip_range           | 0.2         |
|    entropy_loss         | -6.69       |
|    explained_variance   | 0.338       |
|    learning_rate        | 0.0003      |
|    loss                 | -0.0673     |
|    n_updates            | 6460        |
|    policy_gradient_loss | -0.0457     |
|    std                  | 0.925       |
|    value_loss           | 0.0742      |
-----------------------------------------
-----------------------------------------
| rollout/                |             |
|    ep_len_mean          | 373         |
|    ep_rew_mean          | 137         |
| time/                   |             |
|    fps                  | 487         |
|    iterations           | 648         |
|    time_elapsed         | 2723        |
|    total_timesteps      | 1327104     |
| train/                  |             |
|    approx_kl            | 0.026388375 |
|    clip_fraction        | 0.274       |
|    clip_range           | 0.2         |
|    entropy_loss         | -6.68       |
|    explained_variance   | 0.081       |
|    learning_rate        | 0.0003      |
|    loss                 | 0.018       |
|    n_updates            | 6470        |
|    policy_gradient_loss | -0.045      |
|    std                  | 0.923       |
|    value_loss           | 0.241       |
-----------------------------------------
----------------------------------------
| rollout/                |            |
|    ep_len_mean          | 373        |
|    ep_rew_mean          | 136        |
| time/                   |            |
|    fps                  | 487        |
|    iterations           | 649        |
|    time_elapsed         | 2728       |
|    total_timesteps      | 1329152    |
| train/                  |            |
|    approx_kl            | 0.03083197 |
|    clip_fraction        | 0.286      |
|    clip_range           | 0.2        |
|    entropy_loss         | -6.66      |
|    explained_variance   | 0.274      |
|    learning_rate        | 0.0003     |
|    loss                 | -0.0869    |
|    n_updates            | 6480       |
|    policy_gradient_loss | -0.0471    |
|    std                  | 0.921      |
|    value_loss           | 0.0708     |
----------------------------------------
-----------------------------------------
| rollout/                |             |
|    ep_len_mean          | 373         |
|    ep_rew_mean          | 137         |
| time/                   |             |
|    fps                  | 487         |
|    iterations           | 650         |
|    time_elapsed         | 2733        |
|    total_timesteps      | 1331200     |
| train/                  |             |
|    approx_kl            | 0.027164776 |
|    clip_fraction        | 0.272       |
|    clip_range           | 0.2         |
|    entropy_loss         | -6.65       |
|    explained_variance   | 0.35        |
|    learning_rate        | 0.0003      |
|    loss                 | -0.0437     |
|    n_updates            | 6490        |
|    policy_gradient_loss | -0.0425     |
|    std                  | 0.919       |
|    value_loss           | 0.124       |
-----------------------------------------
-----------------------------------------
| rollout/                |             |
|    ep_len_mean          | 373         |
|    ep_rew_mean          | 137         |
| time/                   |             |
|    fps                  | 486         |
|    iterations           | 651         |
|    time_elapsed         | 2738        |
|    total_timesteps      | 1333248     |
| train/                  |             |
|    approx_kl            | 0.026342936 |
|    clip_fraction        | 0.244       |
|    clip_range           | 0.2         |
|    entropy_loss         | -6.63       |
|    explained_variance   | 0.445       |
|    learning_rate        | 0.0003      |
|    loss                 | -0.0722     |
|    n_updates            | 6500        |
|    policy_gradient_loss | -0.0369     |
|    std                  | 0.913       |
|    value_loss           | 0.0517      |
-----------------------------------------
-----------------------------------------
| rollout/                |             |
|    ep_len_mean          | 374         |
|    ep_rew_mean          | 137         |
| time/                   |             |
|    fps                  | 486         |
|    iterations           | 652         |
|    time_elapsed         | 2744        |
|    total_timesteps      | 1335296     |
| train/                  |             |
|    approx_kl            | 0.026907397 |
|    clip_fraction        | 0.266       |
|    clip_range           | 0.2         |
|    entropy_loss         | -6.61       |
|    explained_variance   | 0.434       |
|    learning_rate        | 0.0003      |
|    loss                 | -0.0852     |
|    n_updates            | 6510        |
|    policy_gradient_loss | -0.0419     |
|    std                  | 0.91        |
|    value_loss           | 0.0418      |
-----------------------------------------
-----------------------------------------
| rollout/                |             |
|    ep_len_mean          | 374         |
|    ep_rew_mean          | 137         |
| time/                   |             |
|    fps                  | 486         |
|    iterations           | 653         |
|    time_elapsed         | 2750        |
|    total_timesteps      | 1337344     |
| train/                  |             |
|    approx_kl            | 0.029000316 |
|    clip_fraction        | 0.299       |
|    clip_range           | 0.2         |
|    entropy_loss         | -6.59       |
|    explained_variance   | 0.37        |
|    learning_rate        | 0.0003      |
|    loss                 | -0.0878     |
|    n_updates            | 6520        |
|    policy_gradient_loss | -0.0442     |
|    std                  | 0.907       |
|    value_loss           | 0.0392      |
-----------------------------------------
-----------------------------------------
| rollout/                |             |
|    ep_len_mean          | 374         |
|    ep_rew_mean          | 137         |
| time/                   |             |
|    fps                  | 485         |
|    iterations           | 654         |
|    time_elapsed         | 2756        |
|    total_timesteps      | 1339392     |
| train/                  |             |
|    approx_kl            | 0.026540354 |
|    clip_fraction        | 0.296       |
|    clip_range           | 0.2         |
|    entropy_loss         | -6.59       |
|    explained_variance   | 0.181       |
|    learning_rate        | 0.0003      |
|    loss                 | 0.00421     |
|    n_updates            | 6530        |
|    policy_gradient_loss | -0.0385     |
|    std                  | 0.91        |
|    value_loss           | 0.229       |
-----------------------------------------
-----------------------------------------
| rollout/                |             |
|    ep_len_mean          | 374         |
|    ep_rew_mean          | 139         |
| time/                   |             |
|    fps                  | 485         |
|    iterations           | 655         |
|    time_elapsed         | 2761        |
|    total_timesteps      | 1341440     |
| train/                  |             |
|    approx_kl            | 0.027232276 |
|    clip_fraction        | 0.284       |
|    clip_range           | 0.2         |
|    entropy_loss         | -6.59       |
|    explained_variance   | 0.449       |
|    learning_rate        | 0.0003      |
|    loss                 | -0.0591     |
|    n_updates            | 6540        |
|    policy_gradient_loss | -0.0341     |
|    std                  | 0.909       |
|    value_loss           | 0.0726      |
-----------------------------------------
-----------------------------------------
| rollout/                |             |
|    ep_len_mean          | 374         |
|    ep_rew_mean          | 139         |
| time/                   |             |
|    fps                  | 485         |
|    iterations           | 656         |
|    time_elapsed         | 2765        |
|    total_timesteps      | 1343488     |
| train/                  |             |
|    approx_kl            | 0.026991434 |
|    clip_fraction        | 0.282       |
|    clip_range           | 0.2         |
|    entropy_loss         | -6.6        |
|    explained_variance   | 0.285       |
|    learning_rate        | 0.0003      |
|    loss                 | -0.0372     |
|    n_updates            | 6550        |
|    policy_gradient_loss | -0.0456     |
|    std                  | 0.911       |
|    value_loss           | 0.18        |
-----------------------------------------
-----------------------------------------
| rollout/                |             |
|    ep_len_mean          | 374         |
|    ep_rew_mean          | 139         |
| time/                   |             |
|    fps                  | 486         |
|    iterations           | 657         |
|    time_elapsed         | 2767        |
|    total_timesteps      | 1345536     |
| train/                  |             |
|    approx_kl            | 0.028012542 |
|    clip_fraction        | 0.267       |
|    clip_range           | 0.2         |
|    entropy_loss         | -6.6        |
|    explained_variance   | 0.0324      |
|    learning_rate        | 0.0003      |
|    loss                 | -0.0954     |
|    n_updates            | 6560        |
|    policy_gradient_loss | -0.0454     |
|    std                  | 0.909       |
|    value_loss           | 0.0376      |
-----------------------------------------
-----------------------------------------
| rollout/                |             |
|    ep_len_mean          | 374         |
|    ep_rew_mean          | 139         |
| time/                   |             |
|    fps                  | 486         |
|    iterations           | 658         |
|    time_elapsed         | 2770        |
|    total_timesteps      | 1347584     |
| train/                  |             |
|    approx_kl            | 0.023458261 |
|    clip_fraction        | 0.28        |
|    clip_range           | 0.2         |
|    entropy_loss         | -6.59       |
|    explained_variance   | 0.165       |
|    learning_rate        | 0.0003      |
|    loss                 | -0.0537     |
|    n_updates            | 6570        |
|    policy_gradient_loss | -0.0312     |
|    std                  | 0.907       |
|    value_loss           | 0.104       |
-----------------------------------------
-----------------------------------------
| rollout/                |             |
|    ep_len_mean          | 375         |
|    ep_rew_mean          | 139         |
| time/                   |             |
|    fps                  | 486         |
|    iterations           | 659         |
|    time_elapsed         | 2772        |
|    total_timesteps      | 1349632     |
| train/                  |             |
|    approx_kl            | 0.026297282 |
|    clip_fraction        | 0.284       |
|    clip_range           | 0.2         |
|    entropy_loss         | -6.57       |
|    explained_variance   | 0.461       |
|    learning_rate        | 0.0003      |
|    loss                 | -0.0765     |
|    n_updates            | 6580        |
|    policy_gradient_loss | -0.0362     |
|    std                  | 0.905       |
|    value_loss           | 0.0373      |
-----------------------------------------
-----------------------------------------
| rollout/                |             |
|    ep_len_mean          | 374         |
|    ep_rew_mean          | 139         |
| time/                   |             |
|    fps                  | 487         |
|    iterations           | 660         |
|    time_elapsed         | 2775        |
|    total_timesteps      | 1351680     |
| train/                  |             |
|    approx_kl            | 0.022871219 |
|    clip_fraction        | 0.279       |
|    clip_range           | 0.2         |
|    entropy_loss         | -6.58       |
|    explained_variance   | 0.0913      |
|    learning_rate        | 0.0003      |
|    loss                 | 0.0272      |
|    n_updates            | 6590        |
|    policy_gradient_loss | -0.0341     |
|    std                  | 0.909       |
|    value_loss           | 0.202       |
-----------------------------------------
-----------------------------------------
| rollout/                |             |
|    ep_len_mean          | 374         |
|    ep_rew_mean          | 139         |
| time/                   |             |
|    fps                  | 486         |
|    iterations           | 661         |
|    time_elapsed         | 2780        |
|    total_timesteps      | 1353728     |
| train/                  |             |
|    approx_kl            | 0.027612403 |
|    clip_fraction        | 0.284       |
|    clip_range           | 0.2         |
|    entropy_loss         | -6.58       |
|    explained_variance   | 0.113       |
|    learning_rate        | 0.0003      |
|    loss                 | -0.0556     |
|    n_updates            | 6600        |
|    policy_gradient_loss | -0.0408     |
|    std                  | 0.905       |
|    value_loss           | 0.106       |
-----------------------------------------
-----------------------------------------
| rollout/                |             |
|    ep_len_mean          | 373         |
|    ep_rew_mean          | 138         |
| time/                   |             |
|    fps                  | 486         |
|    iterations           | 662         |
|    time_elapsed         | 2785        |
|    total_timesteps      | 1355776     |
| train/                  |             |
|    approx_kl            | 0.025490876 |
|    clip_fraction        | 0.274       |
|    clip_range           | 0.2         |
|    entropy_loss         | -6.57       |
|    explained_variance   | 0.0652      |
|    learning_rate        | 0.0003      |
|    loss                 | -0.0104     |
|    n_updates            | 6610        |
|    policy_gradient_loss | -0.0299     |
|    std                  | 0.904       |
|    value_loss           | 0.152       |
-----------------------------------------
-----------------------------------------
| rollout/                |             |
|    ep_len_mean          | 373         |
|    ep_rew_mean          | 138         |
| time/                   |             |
|    fps                  | 486         |
|    iterations           | 663         |
|    time_elapsed         | 2790        |
|    total_timesteps      | 1357824     |
| train/                  |             |
|    approx_kl            | 0.028105926 |
|    clip_fraction        | 0.261       |
|    clip_range           | 0.2         |
|    entropy_loss         | -6.58       |
|    explained_variance   | 0.412       |
|    learning_rate        | 0.0003      |
|    loss                 | -0.0697     |
|    n_updates            | 6620        |
|    policy_gradient_loss | -0.0418     |
|    std                  | 0.907       |
|    value_loss           | 0.0503      |
-----------------------------------------
-----------------------------------------
| rollout/                |             |
|    ep_len_mean          | 373         |
|    ep_rew_mean          | 137         |
| time/                   |             |
|    fps                  | 486         |
|    iterations           | 664         |
|    time_elapsed         | 2796        |
|    total_timesteps      | 1359872     |
| train/                  |             |
|    approx_kl            | 0.026561875 |
|    clip_fraction        | 0.274       |
|    clip_range           | 0.2         |
|    entropy_loss         | -6.57       |
|    explained_variance   | 0.425       |
|    learning_rate        | 0.0003      |
|    loss                 | -0.0801     |
|    n_updates            | 6630        |
|    policy_gradient_loss | -0.0434     |
|    std                  | 0.901       |
|    value_loss           | 0.0581      |
-----------------------------------------
-----------------------------------------
| rollout/                |             |
|    ep_len_mean          | 371         |
|    ep_rew_mean          | 136         |
| time/                   |             |
|    fps                  | 486         |
|    iterations           | 665         |
|    time_elapsed         | 2801        |
|    total_timesteps      | 1361920     |
| train/                  |             |
|    approx_kl            | 0.027239326 |
|    clip_fraction        | 0.275       |
|    clip_range           | 0.2         |
|    entropy_loss         | -6.55       |
|    explained_variance   | 0.48        |
|    learning_rate        | 0.0003      |
|    loss                 | -0.0646     |
|    n_updates            | 6640        |
|    policy_gradient_loss | -0.0482     |
|    std                  | 0.901       |
|    value_loss           | 0.118       |
-----------------------------------------
-----------------------------------------
| rollout/                |             |
|    ep_len_mean          | 370         |
|    ep_rew_mean          | 135         |
| time/                   |             |
|    fps                  | 485         |
|    iterations           | 666         |
|    time_elapsed         | 2806        |
|    total_timesteps      | 1363968     |
| train/                  |             |
|    approx_kl            | 0.029028865 |
|    clip_fraction        | 0.301       |
|    clip_range           | 0.2         |
|    entropy_loss         | -6.56       |
|    explained_variance   | 0.0595      |
|    learning_rate        | 0.0003      |
|    loss                 | -0.0394     |
|    n_updates            | 6650        |
|    policy_gradient_loss | -0.0395     |
|    std                  | 0.905       |
|    value_loss           | 0.156       |
-----------------------------------------
----------------------------------------
| rollout/                |            |
|    ep_len_mean          | 370        |
|    ep_rew_mean          | 136        |
| time/                   |            |
|    fps                  | 485        |
|    iterations           | 667        |
|    time_elapsed         | 2811       |
|    total_timesteps      | 1366016    |
| train/                  |            |
|    approx_kl            | 0.03127549 |
|    clip_fraction        | 0.264      |
|    clip_range           | 0.2        |
|    entropy_loss         | -6.56      |
|    explained_variance   | 0.183      |
|    learning_rate        | 0.0003     |
|    loss                 | -0.0572    |
|    n_updates            | 6660       |
|    policy_gradient_loss | -0.042     |
|    std                  | 0.902      |
|    value_loss           | 0.14       |
----------------------------------------
-----------------------------------------
| rollout/                |             |
|    ep_len_mean          | 370         |
|    ep_rew_mean          | 136         |
| time/                   |             |
|    fps                  | 485         |
|    iterations           | 668         |
|    time_elapsed         | 2817        |
|    total_timesteps      | 1368064     |
| train/                  |             |
|    approx_kl            | 0.026697699 |
|    clip_fraction        | 0.331       |
|    clip_range           | 0.2         |
|    entropy_loss         | -6.55       |
|    explained_variance   | 0.21        |
|    learning_rate        | 0.0003      |
|    loss                 | -0.0524     |
|    n_updates            | 6670        |
|    policy_gradient_loss | -0.0335     |
|    std                  | 0.899       |
|    value_loss           | 0.098       |
-----------------------------------------
----------------------------------------
| rollout/                |            |
|    ep_len_mean          | 367        |
|    ep_rew_mean          | 134        |
| time/                   |            |
|    fps                  | 485        |
|    iterations           | 669        |
|    time_elapsed         | 2822       |
|    total_timesteps      | 1370112    |
| train/                  |            |
|    approx_kl            | 0.02970571 |
|    clip_fraction        | 0.271      |
|    clip_range           | 0.2        |
|    entropy_loss         | -6.54      |
|    explained_variance   | 0.325      |
|    learning_rate        | 0.0003     |
|    loss                 | -0.0644    |
|    n_updates            | 6680       |
|    policy_gradient_loss | -0.0425    |
|    std                  | 0.898      |
|    value_loss           | 0.0468     |
----------------------------------------
----------------------------------------
| rollout/                |            |
|    ep_len_mean          | 368        |
|    ep_rew_mean          | 131        |
| time/                   |            |
|    fps                  | 485        |
|    iterations           | 670        |
|    time_elapsed         | 2826       |
|    total_timesteps      | 1372160    |
| train/                  |            |
|    approx_kl            | 0.03482864 |
|    clip_fraction        | 0.304      |
|    clip_range           | 0.2        |
|    entropy_loss         | -6.54      |
|    explained_variance   | 0.409      |
|    learning_rate        | 0.0003     |
|    loss                 | -0.0577    |
|    n_updates            | 6690       |
|    policy_gradient_loss | -0.0422    |
|    std                  | 0.899      |
|    value_loss           | 0.0743     |
----------------------------------------
-----------------------------------------
| rollout/                |             |
|    ep_len_mean          | 368         |
|    ep_rew_mean          | 131         |
| time/                   |             |
|    fps                  | 485         |
|    iterations           | 671         |
|    time_elapsed         | 2830        |
|    total_timesteps      | 1374208     |
| train/                  |             |
|    approx_kl            | 0.027512783 |
|    clip_fraction        | 0.306       |
|    clip_range           | 0.2         |
|    entropy_loss         | -6.53       |
|    explained_variance   | 0.308       |
|    learning_rate        | 0.0003      |
|    loss                 | -0.0133     |
|    n_updates            | 6700        |
|    policy_gradient_loss | -0.0391     |
|    std                  | 0.896       |
|    value_loss           | 0.187       |
-----------------------------------------
-----------------------------------------
| rollout/                |             |
|    ep_len_mean          | 366         |
|    ep_rew_mean          | 130         |
| time/                   |             |
|    fps                  | 485         |
|    iterations           | 672         |
|    time_elapsed         | 2836        |
|    total_timesteps      | 1376256     |
| train/                  |             |
|    approx_kl            | 0.027484914 |
|    clip_fraction        | 0.316       |
|    clip_range           | 0.2         |
|    entropy_loss         | -6.52       |
|    explained_variance   | 0.184       |
|    learning_rate        | 0.0003      |
|    loss                 | -0.0287     |
|    n_updates            | 6710        |
|    policy_gradient_loss | -0.0379     |
|    std                  | 0.894       |
|    value_loss           | 0.137       |
-----------------------------------------
-----------------------------------------
| rollout/                |             |
|    ep_len_mean          | 366         |
|    ep_rew_mean          | 130         |
| time/                   |             |
|    fps                  | 485         |
|    iterations           | 673         |
|    time_elapsed         | 2841        |
|    total_timesteps      | 1378304     |
| train/                  |             |
|    approx_kl            | 0.026406422 |
|    clip_fraction        | 0.272       |
|    clip_range           | 0.2         |
|    entropy_loss         | -6.52       |
|    explained_variance   | 0.275       |
|    learning_rate        | 0.0003      |
|    loss                 | 0.0153      |
|    n_updates            | 6720        |
|    policy_gradient_loss | -0.0328     |
|    std                  | 0.894       |
|    value_loss           | 0.199       |
-----------------------------------------
----------------------------------------
| rollout/                |            |
|    ep_len_mean          | 366        |
|    ep_rew_mean          | 130        |
| time/                   |            |
|    fps                  | 484        |
|    iterations           | 674        |
|    time_elapsed         | 2846       |
|    total_timesteps      | 1380352    |
| train/                  |            |
|    approx_kl            | 0.02547834 |
|    clip_fraction        | 0.257      |
|    clip_range           | 0.2        |
|    entropy_loss         | -6.51      |
|    explained_variance   | 0.38       |
|    learning_rate        | 0.0003     |
|    loss                 | -0.0764    |
|    n_updates            | 6730       |
|    policy_gradient_loss | -0.0394    |
|    std                  | 0.89       |
|    value_loss           | 0.0471     |
----------------------------------------
-----------------------------------------
| rollout/                |             |
|    ep_len_mean          | 366         |
|    ep_rew_mean          | 130         |
| time/                   |             |
|    fps                  | 484         |
|    iterations           | 675         |
|    time_elapsed         | 2851        |
|    total_timesteps      | 1382400     |
| train/                  |             |
|    approx_kl            | 0.032676645 |
|    clip_fraction        | 0.272       |
|    clip_range           | 0.2         |
|    entropy_loss         | -6.49       |
|    explained_variance   | 0.354       |
|    learning_rate        | 0.0003      |
|    loss                 | -0.0954     |
|    n_updates            | 6740        |
|    policy_gradient_loss | -0.0405     |
|    std                  | 0.89        |
|    value_loss           | 0.0478      |
-----------------------------------------
-----------------------------------------
| rollout/                |             |
|    ep_len_mean          | 366         |
|    ep_rew_mean          | 130         |
| time/                   |             |
|    fps                  | 484         |
|    iterations           | 676         |
|    time_elapsed         | 2857        |
|    total_timesteps      | 1384448     |
| train/                  |             |
|    approx_kl            | 0.027741898 |
|    clip_fraction        | 0.275       |
|    clip_range           | 0.2         |
|    entropy_loss         | -6.49       |
|    explained_variance   | 0.697       |
|    learning_rate        | 0.0003      |
|    loss                 | -0.0813     |
|    n_updates            | 6750        |
|    policy_gradient_loss | -0.0411     |
|    std                  | 0.89        |
|    value_loss           | 0.0378      |
-----------------------------------------
-----------------------------------------
| rollout/                |             |
|    ep_len_mean          | 366         |
|    ep_rew_mean          | 131         |
| time/                   |             |
|    fps                  | 484         |
|    iterations           | 677         |
|    time_elapsed         | 2862        |
|    total_timesteps      | 1386496     |
| train/                  |             |
|    approx_kl            | 0.024511846 |
|    clip_fraction        | 0.286       |
|    clip_range           | 0.2         |
|    entropy_loss         | -6.49       |
|    explained_variance   | 0.323       |
|    learning_rate        | 0.0003      |
|    loss                 | -0.0279     |
|    n_updates            | 6760        |
|    policy_gradient_loss | -0.0357     |
|    std                  | 0.891       |
|    value_loss           | 0.16        |
-----------------------------------------
-----------------------------------------
| rollout/                |             |
|    ep_len_mean          | 364         |
|    ep_rew_mean          | 130         |
| time/                   |             |
|    fps                  | 484         |
|    iterations           | 678         |
|    time_elapsed         | 2867        |
|    total_timesteps      | 1388544     |
| train/                  |             |
|    approx_kl            | 0.030145153 |
|    clip_fraction        | 0.312       |
|    clip_range           | 0.2         |
|    entropy_loss         | -6.48       |
|    explained_variance   | 0.356       |
|    learning_rate        | 0.0003      |
|    loss                 | -0.051      |
|    n_updates            | 6770        |
|    policy_gradient_loss | -0.0425     |
|    std                  | 0.889       |
|    value_loss           | 0.0994      |
-----------------------------------------
----------------------------------------
| rollout/                |            |
|    ep_len_mean          | 364        |
|    ep_rew_mean          | 130        |
| time/                   |            |
|    fps                  | 484        |
|    iterations           | 679        |
|    time_elapsed         | 2872       |
|    total_timesteps      | 1390592    |
| train/                  |            |
|    approx_kl            | 0.02683036 |
|    clip_fraction        | 0.279      |
|    clip_range           | 0.2        |
|    entropy_loss         | -6.48      |
|    explained_variance   | 0.353      |
|    learning_rate        | 0.0003     |
|    loss                 | 0.0038     |
|    n_updates            | 6780       |
|    policy_gradient_loss | -0.0406    |
|    std                  | 0.889      |
|    value_loss           | 0.192      |
----------------------------------------
-----------------------------------------
| rollout/                |             |
|    ep_len_mean          | 364         |
|    ep_rew_mean          | 130         |
| time/                   |             |
|    fps                  | 483         |
|    iterations           | 680         |
|    time_elapsed         | 2877        |
|    total_timesteps      | 1392640     |
| train/                  |             |
|    approx_kl            | 0.027590645 |
|    clip_fraction        | 0.282       |
|    clip_range           | 0.2         |
|    entropy_loss         | -6.48       |
|    explained_variance   | 0.541       |
|    learning_rate        | 0.0003      |
|    loss                 | -0.0874     |
|    n_updates            | 6790        |
|    policy_gradient_loss | -0.0401     |
|    std                  | 0.89        |
|    value_loss           | 0.0395      |
-----------------------------------------
-----------------------------------------
| rollout/                |             |
|    ep_len_mean          | 365         |
|    ep_rew_mean          | 131         |
| time/                   |             |
|    fps                  | 483         |
|    iterations           | 681         |
|    time_elapsed         | 2882        |
|    total_timesteps      | 1394688     |
| train/                  |             |
|    approx_kl            | 0.028484274 |
|    clip_fraction        | 0.269       |
|    clip_range           | 0.2         |
|    entropy_loss         | -6.48       |
|    explained_variance   | 0.452       |
|    learning_rate        | 0.0003      |
|    loss                 | -0.0889     |
|    n_updates            | 6800        |
|    policy_gradient_loss | -0.0475     |
|    std                  | 0.886       |
|    value_loss           | 0.0283      |
-----------------------------------------
---------------------------------------
| rollout/                |           |
|    ep_len_mean          | 365       |
|    ep_rew_mean          | 131       |
| time/                   |           |
|    fps                  | 484       |
|    iterations           | 682       |
|    time_elapsed         | 2885      |
|    total_timesteps      | 1396736   |
| train/                  |           |
|    approx_kl            | 0.0315396 |
|    clip_fraction        | 0.309     |
|    clip_range           | 0.2       |
|    entropy_loss         | -6.46     |
|    explained_variance   | 0.477     |
|    learning_rate        | 0.0003    |
|    loss                 | -0.0581   |
|    n_updates            | 6810      |
|    policy_gradient_loss | -0.0364   |
|    std                  | 0.884     |
|    value_loss           | 0.0655    |
---------------------------------------
-----------------------------------------
| rollout/                |             |
|    ep_len_mean          | 365         |
|    ep_rew_mean          | 132         |
| time/                   |             |
|    fps                  | 484         |
|    iterations           | 683         |
|    time_elapsed         | 2887        |
|    total_timesteps      | 1398784     |
| train/                  |             |
|    approx_kl            | 0.025967695 |
|    clip_fraction        | 0.269       |
|    clip_range           | 0.2         |
|    entropy_loss         | -6.46       |
|    explained_variance   | 0.331       |
|    learning_rate        | 0.0003      |
|    loss                 | -0.0189     |
|    n_updates            | 6820        |
|    policy_gradient_loss | -0.0383     |
|    std                  | 0.886       |
|    value_loss           | 0.187       |
-----------------------------------------
----------------------------------------
| rollout/                |            |
|    ep_len_mean          | 367        |
|    ep_rew_mean          | 133        |
| time/                   |            |
|    fps                  | 484        |
|    iterations           | 684        |
|    time_elapsed         | 2889       |
|    total_timesteps      | 1400832    |
| train/                  |            |
|    approx_kl            | 0.02861393 |
|    clip_fraction        | 0.271      |
|    clip_range           | 0.2        |
|    entropy_loss         | -6.48      |
|    explained_variance   | 0.272      |
|    learning_rate        | 0.0003     |
|    loss                 | -0.0396    |
|    n_updates            | 6830       |
|    policy_gradient_loss | -0.0328    |
|    std                  | 0.89       |
|    value_loss           | 0.108      |
----------------------------------------
-----------------------------------------
| rollout/                |             |
|    ep_len_mean          | 367         |
|    ep_rew_mean          | 133         |
| time/                   |             |
|    fps                  | 485         |
|    iterations           | 685         |
|    time_elapsed         | 2891        |
|    total_timesteps      | 1402880     |
| train/                  |             |
|    approx_kl            | 0.025983365 |
|    clip_fraction        | 0.301       |
|    clip_range           | 0.2         |
|    entropy_loss         | -6.49       |
|    explained_variance   | 0.278       |
|    learning_rate        | 0.0003      |
|    loss                 | -0.0188     |
|    n_updates            | 6840        |
|    policy_gradient_loss | -0.0378     |
|    std                  | 0.892       |
|    value_loss           | 0.179       |
-----------------------------------------
-----------------------------------------
| rollout/                |             |
|    ep_len_mean          | 364         |
|    ep_rew_mean          | 131         |
| time/                   |             |
|    fps                  | 485         |
|    iterations           | 686         |
|    time_elapsed         | 2894        |
|    total_timesteps      | 1404928     |
| train/                  |             |
|    approx_kl            | 0.027258614 |
|    clip_fraction        | 0.289       |
|    clip_range           | 0.2         |
|    entropy_loss         | -6.5        |
|    explained_variance   | 0.309       |
|    learning_rate        | 0.0003      |
|    loss                 | -0.0689     |
|    n_updates            | 6850        |
|    policy_gradient_loss | -0.0311     |
|    std                  | 0.892       |
|    value_loss           | 0.0515      |
-----------------------------------------
----------------------------------------
| rollout/                |            |
|    ep_len_mean          | 367        |
|    ep_rew_mean          | 133        |
| time/                   |            |
|    fps                  | 485        |
|    iterations           | 687        |
|    time_elapsed         | 2896       |
|    total_timesteps      | 1406976    |
| train/                  |            |
|    approx_kl            | 0.02650379 |
|    clip_fraction        | 0.277      |
|    clip_range           | 0.2        |
|    entropy_loss         | -6.5       |
|    explained_variance   | 0.412      |
|    learning_rate        | 0.0003     |
|    loss                 | -0.0698    |
|    n_updates            | 6860       |
|    policy_gradient_loss | -0.0405    |
|    std                  | 0.892      |
|    value_loss           | 0.0562     |
----------------------------------------
-----------------------------------------
| rollout/                |             |
|    ep_len_mean          | 367         |
|    ep_rew_mean          | 136         |
| time/                   |             |
|    fps                  | 486         |
|    iterations           | 688         |
|    time_elapsed         | 2898        |
|    total_timesteps      | 1409024     |
| train/                  |             |
|    approx_kl            | 0.028937183 |
|    clip_fraction        | 0.297       |
|    clip_range           | 0.2         |
|    entropy_loss         | -6.5        |
|    explained_variance   | 0.317       |
|    learning_rate        | 0.0003      |
|    loss                 | -0.0596     |
|    n_updates            | 6870        |
|    policy_gradient_loss | -0.0357     |
|    std                  | 0.892       |
|    value_loss           | 0.0576      |
-----------------------------------------
-----------------------------------------
| rollout/                |             |
|    ep_len_mean          | 367         |
|    ep_rew_mean          | 136         |
| time/                   |             |
|    fps                  | 486         |
|    iterations           | 689         |
|    time_elapsed         | 2901        |
|    total_timesteps      | 1411072     |
| train/                  |             |
|    approx_kl            | 0.027556557 |
|    clip_fraction        | 0.317       |
|    clip_range           | 0.2         |
|    entropy_loss         | -6.5        |
|    explained_variance   | 0.146       |
|    learning_rate        | 0.0003      |
|    loss                 | -0.0569     |
|    n_updates            | 6880        |
|    policy_gradient_loss | -0.0429     |
|    std                  | 0.892       |
|    value_loss           | 0.149       |
-----------------------------------------
-----------------------------------------
| rollout/                |             |
|    ep_len_mean          | 369         |
|    ep_rew_mean          | 137         |
| time/                   |             |
|    fps                  | 486         |
|    iterations           | 690         |
|    time_elapsed         | 2903        |
|    total_timesteps      | 1413120     |
| train/                  |             |
|    approx_kl            | 0.028437989 |
|    clip_fraction        | 0.272       |
|    clip_range           | 0.2         |
|    entropy_loss         | -6.5        |
|    explained_variance   | 0.249       |
|    learning_rate        | 0.0003      |
|    loss                 | -0.049      |
|    n_updates            | 6890        |
|    policy_gradient_loss | -0.0405     |
|    std                  | 0.891       |
|    value_loss           | 0.0773      |
-----------------------------------------
-----------------------------------------
| rollout/                |             |
|    ep_len_mean          | 369         |
|    ep_rew_mean          | 137         |
| time/                   |             |
|    fps                  | 487         |
|    iterations           | 691         |
|    time_elapsed         | 2905        |
|    total_timesteps      | 1415168     |
| train/                  |             |
|    approx_kl            | 0.027262468 |
|    clip_fraction        | 0.315       |
|    clip_range           | 0.2         |
|    entropy_loss         | -6.5        |
|    explained_variance   | 0.189       |
|    learning_rate        | 0.0003      |
|    loss                 | -0.0154     |
|    n_updates            | 6900        |
|    policy_gradient_loss | -0.039      |
|    std                  | 0.891       |
|    value_loss           | 0.168       |
-----------------------------------------
----------------------------------------
| rollout/                |            |
|    ep_len_mean          | 369        |
|    ep_rew_mean          | 137        |
| time/                   |            |
|    fps                  | 487        |
|    iterations           | 692        |
|    time_elapsed         | 2908       |
|    total_timesteps      | 1417216    |
| train/                  |            |
|    approx_kl            | 0.03230398 |
|    clip_fraction        | 0.277      |
|    clip_range           | 0.2        |
|    entropy_loss         | -6.48      |
|    explained_variance   | 0.556      |
|    learning_rate        | 0.0003     |
|    loss                 | -0.078     |
|    n_updates            | 6910       |
|    policy_gradient_loss | -0.0432    |
|    std                  | 0.885      |
|    value_loss           | 0.0224     |
----------------------------------------
-----------------------------------------
| rollout/                |             |
|    ep_len_mean          | 369         |
|    ep_rew_mean          | 137         |
| time/                   |             |
|    fps                  | 487         |
|    iterations           | 693         |
|    time_elapsed         | 2910        |
|    total_timesteps      | 1419264     |
| train/                  |             |
|    approx_kl            | 0.037227992 |
|    clip_fraction        | 0.335       |
|    clip_range           | 0.2         |
|    entropy_loss         | -6.46       |
|    explained_variance   | 0.624       |
|    learning_rate        | 0.0003      |
|    loss                 | -0.0693     |
|    n_updates            | 6920        |
|    policy_gradient_loss | -0.0452     |
|    std                  | 0.885       |
|    value_loss           | 0.0766      |
-----------------------------------------
-----------------------------------------
| rollout/                |             |
|    ep_len_mean          | 366         |
|    ep_rew_mean          | 136         |
| time/                   |             |
|    fps                  | 487         |
|    iterations           | 694         |
|    time_elapsed         | 2912        |
|    total_timesteps      | 1421312     |
| train/                  |             |
|    approx_kl            | 0.029660966 |
|    clip_fraction        | 0.309       |
|    clip_range           | 0.2         |
|    entropy_loss         | -6.46       |
|    explained_variance   | 0.57        |
|    learning_rate        | 0.0003      |
|    loss                 | -0.0655     |
|    n_updates            | 6930        |
|    policy_gradient_loss | -0.0429     |
|    std                  | 0.884       |
|    value_loss           | 0.0794      |
-----------------------------------------
-----------------------------------------
| rollout/                |             |
|    ep_len_mean          | 367         |
|    ep_rew_mean          | 136         |
| time/                   |             |
|    fps                  | 488         |
|    iterations           | 695         |
|    time_elapsed         | 2915        |
|    total_timesteps      | 1423360     |
| train/                  |             |
|    approx_kl            | 0.028205393 |
|    clip_fraction        | 0.279       |
|    clip_range           | 0.2         |
|    entropy_loss         | -6.46       |
|    explained_variance   | 0.262       |
|    learning_rate        | 0.0003      |
|    loss                 | -0.0257     |
|    n_updates            | 6940        |
|    policy_gradient_loss | -0.0431     |
|    std                  | 0.886       |
|    value_loss           | 0.212       |
-----------------------------------------
-----------------------------------------
| rollout/                |             |
|    ep_len_mean          | 369         |
|    ep_rew_mean          | 137         |
| time/                   |             |
|    fps                  | 488         |
|    iterations           | 696         |
|    time_elapsed         | 2917        |
|    total_timesteps      | 1425408     |
| train/                  |             |
|    approx_kl            | 0.027744826 |
|    clip_fraction        | 0.286       |
|    clip_range           | 0.2         |
|    entropy_loss         | -6.47       |
|    explained_variance   | 0.159       |
|    learning_rate        | 0.0003      |
|    loss                 | -0.0442     |
|    n_updates            | 6950        |
|    policy_gradient_loss | -0.0402     |
|    std                  | 0.885       |
|    value_loss           | 0.117       |
-----------------------------------------
-----------------------------------------
| rollout/                |             |
|    ep_len_mean          | 369         |
|    ep_rew_mean          | 137         |
| time/                   |             |
|    fps                  | 488         |
|    iterations           | 697         |
|    time_elapsed         | 2919        |
|    total_timesteps      | 1427456     |
| train/                  |             |
|    approx_kl            | 0.025627345 |
|    clip_fraction        | 0.282       |
|    clip_range           | 0.2         |
|    entropy_loss         | -6.46       |
|    explained_variance   | 0.336       |
|    learning_rate        | 0.0003      |
|    loss                 | -0.0382     |
|    n_updates            | 6960        |
|    policy_gradient_loss | -0.0348     |
|    std                  | 0.886       |
|    value_loss           | 0.127       |
-----------------------------------------
-----------------------------------------
| rollout/                |             |
|    ep_len_mean          | 368         |
|    ep_rew_mean          | 136         |
| time/                   |             |
|    fps                  | 489         |
|    iterations           | 698         |
|    time_elapsed         | 2921        |
|    total_timesteps      | 1429504     |
| train/                  |             |
|    approx_kl            | 0.024844391 |
|    clip_fraction        | 0.268       |
|    clip_range           | 0.2         |
|    entropy_loss         | -6.48       |
|    explained_variance   | 0.535       |
|    learning_rate        | 0.0003      |
|    loss                 | -0.101      |
|    n_updates            | 6970        |
|    policy_gradient_loss | -0.0434     |
|    std                  | 0.889       |
|    value_loss           | 0.0288      |
-----------------------------------------
-----------------------------------------
| rollout/                |             |
|    ep_len_mean          | 367         |
|    ep_rew_mean          | 135         |
| time/                   |             |
|    fps                  | 489         |
|    iterations           | 699         |
|    time_elapsed         | 2924        |
|    total_timesteps      | 1431552     |
| train/                  |             |
|    approx_kl            | 0.028895255 |
|    clip_fraction        | 0.265       |
|    clip_range           | 0.2         |
|    entropy_loss         | -6.49       |
|    explained_variance   | 0.326       |
|    learning_rate        | 0.0003      |
|    loss                 | -0.0657     |
|    n_updates            | 6980        |
|    policy_gradient_loss | -0.0414     |
|    std                  | 0.888       |
|    value_loss           | 0.0678      |
-----------------------------------------
-----------------------------------------
| rollout/                |             |
|    ep_len_mean          | 368         |
|    ep_rew_mean          | 135         |
| time/                   |             |
|    fps                  | 489         |
|    iterations           | 700         |
|    time_elapsed         | 2926        |
|    total_timesteps      | 1433600     |
| train/                  |             |
|    approx_kl            | 0.027773522 |
|    clip_fraction        | 0.28        |
|    clip_range           | 0.2         |
|    entropy_loss         | -6.47       |
|    explained_variance   | 0.254       |
|    learning_rate        | 0.0003      |
|    loss                 | -0.0633     |
|    n_updates            | 6990        |
|    policy_gradient_loss | -0.0441     |
|    std                  | 0.882       |
|    value_loss           | 0.0838      |
-----------------------------------------
-----------------------------------------
| rollout/                |             |
|    ep_len_mean          | 367         |
|    ep_rew_mean          | 135         |
| time/                   |             |
|    fps                  | 490         |
|    iterations           | 701         |
|    time_elapsed         | 2928        |
|    total_timesteps      | 1435648     |
| train/                  |             |
|    approx_kl            | 0.030744722 |
|    clip_fraction        | 0.286       |
|    clip_range           | 0.2         |
|    entropy_loss         | -6.43       |
|    explained_variance   | 0.323       |
|    learning_rate        | 0.0003      |
|    loss                 | -0.00582    |
|    n_updates            | 7000        |
|    policy_gradient_loss | -0.0436     |
|    std                  | 0.878       |
|    value_loss           | 0.173       |
-----------------------------------------
-----------------------------------------
| rollout/                |             |
|    ep_len_mean          | 367         |
|    ep_rew_mean          | 134         |
| time/                   |             |
|    fps                  | 490         |
|    iterations           | 702         |
|    time_elapsed         | 2931        |
|    total_timesteps      | 1437696     |
| train/                  |             |
|    approx_kl            | 0.025034964 |
|    clip_fraction        | 0.274       |
|    clip_range           | 0.2         |
|    entropy_loss         | -6.42       |
|    explained_variance   | 0.54        |
|    learning_rate        | 0.0003      |
|    loss                 | -0.0602     |
|    n_updates            | 7010        |
|    policy_gradient_loss | -0.0386     |
|    std                  | 0.875       |
|    value_loss           | 0.0883      |
-----------------------------------------
-----------------------------------------
| rollout/                |             |
|    ep_len_mean          | 364         |
|    ep_rew_mean          | 133         |
| time/                   |             |
|    fps                  | 490         |
|    iterations           | 703         |
|    time_elapsed         | 2933        |
|    total_timesteps      | 1439744     |
| train/                  |             |
|    approx_kl            | 0.024990473 |
|    clip_fraction        | 0.295       |
|    clip_range           | 0.2         |
|    entropy_loss         | -6.4        |
|    explained_variance   | 0.399       |
|    learning_rate        | 0.0003      |
|    loss                 | -0.0488     |
|    n_updates            | 7020        |
|    policy_gradient_loss | -0.0381     |
|    std                  | 0.874       |
|    value_loss           | 0.0915      |
-----------------------------------------
-----------------------------------------
| rollout/                |             |
|    ep_len_mean          | 366         |
|    ep_rew_mean          | 134         |
| time/                   |             |
|    fps                  | 491         |
|    iterations           | 704         |
|    time_elapsed         | 2935        |
|    total_timesteps      | 1441792     |
| train/                  |             |
|    approx_kl            | 0.027741583 |
|    clip_fraction        | 0.272       |
|    clip_range           | 0.2         |
|    entropy_loss         | -6.39       |
|    explained_variance   | 0.398       |
|    learning_rate        | 0.0003      |
|    loss                 | -0.0893     |
|    n_updates            | 7030        |
|    policy_gradient_loss | -0.0455     |
|    std                  | 0.87        |
|    value_loss           | 0.0712      |
-----------------------------------------
----------------------------------------
| rollout/                |            |
|    ep_len_mean          | 366        |
|    ep_rew_mean          | 134        |
| time/                   |            |
|    fps                  | 491        |
|    iterations           | 705        |
|    time_elapsed         | 2938       |
|    total_timesteps      | 1443840    |
| train/                  |            |
|    approx_kl            | 0.02638861 |
|    clip_fraction        | 0.268      |
|    clip_range           | 0.2        |
|    entropy_loss         | -6.38      |
|    explained_variance   | 0.458      |
|    learning_rate        | 0.0003     |
|    loss                 | -0.0629    |
|    n_updates            | 7040       |
|    policy_gradient_loss | -0.0422    |
|    std                  | 0.871      |
|    value_loss           | 0.0509     |
----------------------------------------
----------------------------------------
| rollout/                |            |
|    ep_len_mean          | 366        |
|    ep_rew_mean          | 134        |
| time/                   |            |
|    fps                  | 491        |
|    iterations           | 706        |
|    time_elapsed         | 2940       |
|    total_timesteps      | 1445888    |
| train/                  |            |
|    approx_kl            | 0.03167157 |
|    clip_fraction        | 0.285      |
|    clip_range           | 0.2        |
|    entropy_loss         | -6.37      |
|    explained_variance   | 0.256      |
|    learning_rate        | 0.0003     |
|    loss                 | -0.081     |
|    n_updates            | 7050       |
|    policy_gradient_loss | -0.0428    |
|    std                  | 0.868      |
|    value_loss           | 0.0459     |
----------------------------------------
-----------------------------------------
| rollout/                |             |
|    ep_len_mean          | 366         |
|    ep_rew_mean          | 134         |
| time/                   |             |
|    fps                  | 492         |
|    iterations           | 707         |
|    time_elapsed         | 2942        |
|    total_timesteps      | 1447936     |
| train/                  |             |
|    approx_kl            | 0.026301615 |
|    clip_fraction        | 0.288       |
|    clip_range           | 0.2         |
|    entropy_loss         | -6.36       |
|    explained_variance   | 0.123       |
|    learning_rate        | 0.0003      |
|    loss                 | -0.012      |
|    n_updates            | 7060        |
|    policy_gradient_loss | -0.0389     |
|    std                  | 0.866       |
|    value_loss           | 0.221       |
-----------------------------------------
-----------------------------------------
| rollout/                |             |
|    ep_len_mean          | 366         |
|    ep_rew_mean          | 134         |
| time/                   |             |
|    fps                  | 492         |
|    iterations           | 708         |
|    time_elapsed         | 2944        |
|    total_timesteps      | 1449984     |
| train/                  |             |
|    approx_kl            | 0.033518866 |
|    clip_fraction        | 0.288       |
|    clip_range           | 0.2         |
|    entropy_loss         | -6.35       |
|    explained_variance   | 0.336       |
|    learning_rate        | 0.0003      |
|    loss                 | -0.0432     |
|    n_updates            | 7070        |
|    policy_gradient_loss | -0.0431     |
|    std                  | 0.866       |
|    value_loss           | 0.116       |
-----------------------------------------
-----------------------------------------
| rollout/                |             |
|    ep_len_mean          | 366         |
|    ep_rew_mean          | 134         |
| time/                   |             |
|    fps                  | 492         |
|    iterations           | 709         |
|    time_elapsed         | 2947        |
|    total_timesteps      | 1452032     |
| train/                  |             |
|    approx_kl            | 0.028751986 |
|    clip_fraction        | 0.281       |
|    clip_range           | 0.2         |
|    entropy_loss         | -6.35       |
|    explained_variance   | 0.0614      |
|    learning_rate        | 0.0003      |
|    loss                 | -0.0582     |
|    n_updates            | 7080        |
|    policy_gradient_loss | -0.0395     |
|    std                  | 0.865       |
|    value_loss           | 0.0853      |
-----------------------------------------
-----------------------------------------
| rollout/                |             |
|    ep_len_mean          | 366         |
|    ep_rew_mean          | 134         |
| time/                   |             |
|    fps                  | 492         |
|    iterations           | 710         |
|    time_elapsed         | 2949        |
|    total_timesteps      | 1454080     |
| train/                  |             |
|    approx_kl            | 0.029573232 |
|    clip_fraction        | 0.298       |
|    clip_range           | 0.2         |
|    entropy_loss         | -6.34       |
|    explained_variance   | 0.272       |
|    learning_rate        | 0.0003      |
|    loss                 | -0.0627     |
|    n_updates            | 7090        |
|    policy_gradient_loss | -0.0423     |
|    std                  | 0.863       |
|    value_loss           | 0.0813      |
-----------------------------------------
-----------------------------------------
| rollout/                |             |
|    ep_len_mean          | 367         |
|    ep_rew_mean          | 133         |
| time/                   |             |
|    fps                  | 493         |
|    iterations           | 711         |
|    time_elapsed         | 2952        |
|    total_timesteps      | 1456128     |
| train/                  |             |
|    approx_kl            | 0.030081945 |
|    clip_fraction        | 0.31        |
|    clip_range           | 0.2         |
|    entropy_loss         | -6.32       |
|    explained_variance   | 0.273       |
|    learning_rate        | 0.0003      |
|    loss                 | -0.074      |
|    n_updates            | 7100        |
|    policy_gradient_loss | -0.0375     |
|    std                  | 0.86        |
|    value_loss           | 0.0555      |
-----------------------------------------
-----------------------------------------
| rollout/                |             |
|    ep_len_mean          | 367         |
|    ep_rew_mean          | 134         |
| time/                   |             |
|    fps                  | 493         |
|    iterations           | 712         |
|    time_elapsed         | 2954        |
|    total_timesteps      | 1458176     |
| train/                  |             |
|    approx_kl            | 0.028642166 |
|    clip_fraction        | 0.301       |
|    clip_range           | 0.2         |
|    entropy_loss         | -6.31       |
|    explained_variance   | 0.221       |
|    learning_rate        | 0.0003      |
|    loss                 | -0.0342     |
|    n_updates            | 7110        |
|    policy_gradient_loss | -0.0416     |
|    std                  | 0.859       |
|    value_loss           | 0.151       |
-----------------------------------------
-----------------------------------------
| rollout/                |             |
|    ep_len_mean          | 367         |
|    ep_rew_mean          | 134         |
| time/                   |             |
|    fps                  | 493         |
|    iterations           | 713         |
|    time_elapsed         | 2956        |
|    total_timesteps      | 1460224     |
| train/                  |             |
|    approx_kl            | 0.026507355 |
|    clip_fraction        | 0.273       |
|    clip_range           | 0.2         |
|    entropy_loss         | -6.31       |
|    explained_variance   | 0.301       |
|    learning_rate        | 0.0003      |
|    loss                 | -0.0169     |
|    n_updates            | 7120        |
|    policy_gradient_loss | -0.037      |
|    std                  | 0.859       |
|    value_loss           | 0.14        |
-----------------------------------------
----------------------------------------
| rollout/                |            |
|    ep_len_mean          | 367        |
|    ep_rew_mean          | 134        |
| time/                   |            |
|    fps                  | 494        |
|    iterations           | 714        |
|    time_elapsed         | 2958       |
|    total_timesteps      | 1462272    |
| train/                  |            |
|    approx_kl            | 0.03150922 |
|    clip_fraction        | 0.294      |
|    clip_range           | 0.2        |
|    entropy_loss         | -6.3       |
|    explained_variance   | 0.412      |
|    learning_rate        | 0.0003     |
|    loss                 | -0.0561    |
|    n_updates            | 7130       |
|    policy_gradient_loss | -0.0417    |
|    std                  | 0.857      |
|    value_loss           | 0.108      |
----------------------------------------
-----------------------------------------
| rollout/                |             |
|    ep_len_mean          | 367         |
|    ep_rew_mean          | 134         |
| time/                   |             |
|    fps                  | 494         |
|    iterations           | 715         |
|    time_elapsed         | 2961        |
|    total_timesteps      | 1464320     |
| train/                  |             |
|    approx_kl            | 0.031296007 |
|    clip_fraction        | 0.312       |
|    clip_range           | 0.2         |
|    entropy_loss         | -6.29       |
|    explained_variance   | 0.513       |
|    learning_rate        | 0.0003      |
|    loss                 | -0.0592     |
|    n_updates            | 7140        |
|    policy_gradient_loss | -0.0373     |
|    std                  | 0.857       |
|    value_loss           | 0.0673      |
-----------------------------------------
-----------------------------------------
| rollout/                |             |
|    ep_len_mean          | 366         |
|    ep_rew_mean          | 134         |
| time/                   |             |
|    fps                  | 494         |
|    iterations           | 716         |
|    time_elapsed         | 2963        |
|    total_timesteps      | 1466368     |
| train/                  |             |
|    approx_kl            | 0.032070808 |
|    clip_fraction        | 0.304       |
|    clip_range           | 0.2         |
|    entropy_loss         | -6.29       |
|    explained_variance   | 0.436       |
|    learning_rate        | 0.0003      |
|    loss                 | -0.0768     |
|    n_updates            | 7150        |
|    policy_gradient_loss | -0.0453     |
|    std                  | 0.858       |
|    value_loss           | 0.081       |
-----------------------------------------
-----------------------------------------
| rollout/                |             |
|    ep_len_mean          | 367         |
|    ep_rew_mean          | 134         |
| time/                   |             |
|    fps                  | 495         |
|    iterations           | 717         |
|    time_elapsed         | 2965        |
|    total_timesteps      | 1468416     |
| train/                  |             |
|    approx_kl            | 0.029037032 |
|    clip_fraction        | 0.326       |
|    clip_range           | 0.2         |
|    entropy_loss         | -6.3        |
|    explained_variance   | 0.477       |
|    learning_rate        | 0.0003      |
|    loss                 | -0.0513     |
|    n_updates            | 7160        |
|    policy_gradient_loss | -0.0399     |
|    std                  | 0.858       |
|    value_loss           | 0.0709      |
-----------------------------------------
-----------------------------------------
| rollout/                |             |
|    ep_len_mean          | 367         |
|    ep_rew_mean          | 131         |
| time/                   |             |
|    fps                  | 495         |
|    iterations           | 718         |
|    time_elapsed         | 2967        |
|    total_timesteps      | 1470464     |
| train/                  |             |
|    approx_kl            | 0.031439647 |
|    clip_fraction        | 0.315       |
|    clip_range           | 0.2         |
|    entropy_loss         | -6.29       |
|    explained_variance   | 0.488       |
|    learning_rate        | 0.0003      |
|    loss                 | -0.0649     |
|    n_updates            | 7170        |
|    policy_gradient_loss | -0.0435     |
|    std                  | 0.857       |
|    value_loss           | 0.113       |
-----------------------------------------
-----------------------------------------
| rollout/                |             |
|    ep_len_mean          | 369         |
|    ep_rew_mean          | 130         |
| time/                   |             |
|    fps                  | 495         |
|    iterations           | 719         |
|    time_elapsed         | 2970        |
|    total_timesteps      | 1472512     |
| train/                  |             |
|    approx_kl            | 0.028399736 |
|    clip_fraction        | 0.314       |
|    clip_range           | 0.2         |
|    entropy_loss         | -6.29       |
|    explained_variance   | 0.481       |
|    learning_rate        | 0.0003      |
|    loss                 | -0.0529     |
|    n_updates            | 7180        |
|    policy_gradient_loss | -0.0412     |
|    std                  | 0.858       |
|    value_loss           | 0.104       |
-----------------------------------------
-----------------------------------------
| rollout/                |             |
|    ep_len_mean          | 369         |
|    ep_rew_mean          | 130         |
| time/                   |             |
|    fps                  | 496         |
|    iterations           | 720         |
|    time_elapsed         | 2972        |
|    total_timesteps      | 1474560     |
| train/                  |             |
|    approx_kl            | 0.034272578 |
|    clip_fraction        | 0.32        |
|    clip_range           | 0.2         |
|    entropy_loss         | -6.3        |
|    explained_variance   | 0.605       |
|    learning_rate        | 0.0003      |
|    loss                 | -0.0739     |
|    n_updates            | 7190        |
|    policy_gradient_loss | -0.0435     |
|    std                  | 0.859       |
|    value_loss           | 0.0852      |
-----------------------------------------
-----------------------------------------
| rollout/                |             |
|    ep_len_mean          | 369         |
|    ep_rew_mean          | 130         |
| time/                   |             |
|    fps                  | 496         |
|    iterations           | 721         |
|    time_elapsed         | 2974        |
|    total_timesteps      | 1476608     |
| train/                  |             |
|    approx_kl            | 0.033016108 |
|    clip_fraction        | 0.319       |
|    clip_range           | 0.2         |
|    entropy_loss         | -6.29       |
|    explained_variance   | 0.511       |
|    learning_rate        | 0.0003      |
|    loss                 | -0.054      |
|    n_updates            | 7200        |
|    policy_gradient_loss | -0.044      |
|    std                  | 0.856       |
|    value_loss           | 0.0729      |
-----------------------------------------
-----------------------------------------
| rollout/                |             |
|    ep_len_mean          | 372         |
|    ep_rew_mean          | 131         |
| time/                   |             |
|    fps                  | 496         |
|    iterations           | 722         |
|    time_elapsed         | 2976        |
|    total_timesteps      | 1478656     |
| train/                  |             |
|    approx_kl            | 0.024484433 |
|    clip_fraction        | 0.292       |
|    clip_range           | 0.2         |
|    entropy_loss         | -6.27       |
|    explained_variance   | 0.632       |
|    learning_rate        | 0.0003      |
|    loss                 | -0.082      |
|    n_updates            | 7210        |
|    policy_gradient_loss | -0.04       |
|    std                  | 0.853       |
|    value_loss           | 0.0693      |
-----------------------------------------
-----------------------------------------
| rollout/                |             |
|    ep_len_mean          | 372         |
|    ep_rew_mean          | 131         |
| time/                   |             |
|    fps                  | 497         |
|    iterations           | 723         |
|    time_elapsed         | 2979        |
|    total_timesteps      | 1480704     |
| train/                  |             |
|    approx_kl            | 0.029660137 |
|    clip_fraction        | 0.303       |
|    clip_range           | 0.2         |
|    entropy_loss         | -6.26       |
|    explained_variance   | 0.307       |
|    learning_rate        | 0.0003      |
|    loss                 | -0.0516     |
|    n_updates            | 7220        |
|    policy_gradient_loss | -0.0457     |
|    std                  | 0.851       |
|    value_loss           | 0.103       |
-----------------------------------------
-----------------------------------------
| rollout/                |             |
|    ep_len_mean          | 372         |
|    ep_rew_mean          | 131         |
| time/                   |             |
|    fps                  | 497         |
|    iterations           | 724         |
|    time_elapsed         | 2981        |
|    total_timesteps      | 1482752     |
| train/                  |             |
|    approx_kl            | 0.034776688 |
|    clip_fraction        | 0.346       |
|    clip_range           | 0.2         |
|    entropy_loss         | -6.25       |
|    explained_variance   | 0.3         |
|    learning_rate        | 0.0003      |
|    loss                 | -0.0573     |
|    n_updates            | 7230        |
|    policy_gradient_loss | -0.0442     |
|    std                  | 0.85        |
|    value_loss           | 0.107       |
-----------------------------------------
-----------------------------------------
| rollout/                |             |
|    ep_len_mean          | 372         |
|    ep_rew_mean          | 132         |
| time/                   |             |
|    fps                  | 497         |
|    iterations           | 725         |
|    time_elapsed         | 2983        |
|    total_timesteps      | 1484800     |
| train/                  |             |
|    approx_kl            | 0.028114613 |
|    clip_fraction        | 0.289       |
|    clip_range           | 0.2         |
|    entropy_loss         | -6.24       |
|    explained_variance   | 0.395       |
|    learning_rate        | 0.0003      |
|    loss                 | -0.0402     |
|    n_updates            | 7240        |
|    policy_gradient_loss | -0.0376     |
|    std                  | 0.848       |
|    value_loss           | 0.103       |
-----------------------------------------
----------------------------------------
| rollout/                |            |
|    ep_len_mean          | 372        |
|    ep_rew_mean          | 132        |
| time/                   |            |
|    fps                  | 497        |
|    iterations           | 726        |
|    time_elapsed         | 2986       |
|    total_timesteps      | 1486848    |
| train/                  |            |
|    approx_kl            | 0.03059873 |
|    clip_fraction        | 0.275      |
|    clip_range           | 0.2        |
|    entropy_loss         | -6.23      |
|    explained_variance   | 0.294      |
|    learning_rate        | 0.0003     |
|    loss                 | -0.0205    |
|    n_updates            | 7250       |
|    policy_gradient_loss | -0.0397    |
|    std                  | 0.847      |
|    value_loss           | 0.121      |
----------------------------------------
-----------------------------------------
| rollout/                |             |
|    ep_len_mean          | 372         |
|    ep_rew_mean          | 131         |
| time/                   |             |
|    fps                  | 498         |
|    iterations           | 727         |
|    time_elapsed         | 2988        |
|    total_timesteps      | 1488896     |
| train/                  |             |
|    approx_kl            | 0.026833683 |
|    clip_fraction        | 0.276       |
|    clip_range           | 0.2         |
|    entropy_loss         | -6.22       |
|    explained_variance   | 0.611       |
|    learning_rate        | 0.0003      |
|    loss                 | -0.0769     |
|    n_updates            | 7260        |
|    policy_gradient_loss | -0.043      |
|    std                  | 0.845       |
|    value_loss           | 0.073       |
-----------------------------------------
-----------------------------------------
| rollout/                |             |
|    ep_len_mean          | 374         |
|    ep_rew_mean          | 132         |
| time/                   |             |
|    fps                  | 498         |
|    iterations           | 728         |
|    time_elapsed         | 2990        |
|    total_timesteps      | 1490944     |
| train/                  |             |
|    approx_kl            | 0.033950172 |
|    clip_fraction        | 0.327       |
|    clip_range           | 0.2         |
|    entropy_loss         | -6.22       |
|    explained_variance   | 0.605       |
|    learning_rate        | 0.0003      |
|    loss                 | -0.0735     |
|    n_updates            | 7270        |
|    policy_gradient_loss | -0.0415     |
|    std                  | 0.846       |
|    value_loss           | 0.0779      |
-----------------------------------------
-----------------------------------------
| rollout/                |             |
|    ep_len_mean          | 374         |
|    ep_rew_mean          | 132         |
| time/                   |             |
|    fps                  | 498         |
|    iterations           | 729         |
|    time_elapsed         | 2993        |
|    total_timesteps      | 1492992     |
| train/                  |             |
|    approx_kl            | 0.033606056 |
|    clip_fraction        | 0.342       |
|    clip_range           | 0.2         |
|    entropy_loss         | -6.21       |
|    explained_variance   | 0.4         |
|    learning_rate        | 0.0003      |
|    loss                 | -0.0475     |
|    n_updates            | 7280        |
|    policy_gradient_loss | -0.0472     |
|    std                  | 0.842       |
|    value_loss           | 0.121       |
-----------------------------------------
-----------------------------------------
| rollout/                |             |
|    ep_len_mean          | 374         |
|    ep_rew_mean          | 133         |
| time/                   |             |
|    fps                  | 499         |
|    iterations           | 730         |
|    time_elapsed         | 2995        |
|    total_timesteps      | 1495040     |
| train/                  |             |
|    approx_kl            | 0.028937694 |
|    clip_fraction        | 0.315       |
|    clip_range           | 0.2         |
|    entropy_loss         | -6.19       |
|    explained_variance   | 0.297       |
|    learning_rate        | 0.0003      |
|    loss                 | -0.0658     |
|    n_updates            | 7290        |
|    policy_gradient_loss | -0.0406     |
|    std                  | 0.84        |
|    value_loss           | 0.101       |
-----------------------------------------
-----------------------------------------
| rollout/                |             |
|    ep_len_mean          | 373         |
|    ep_rew_mean          | 132         |
| time/                   |             |
|    fps                  | 499         |
|    iterations           | 731         |
|    time_elapsed         | 2997        |
|    total_timesteps      | 1497088     |
| train/                  |             |
|    approx_kl            | 0.033129815 |
|    clip_fraction        | 0.324       |
|    clip_range           | 0.2         |
|    entropy_loss         | -6.19       |
|    explained_variance   | 0.223       |
|    learning_rate        | 0.0003      |
|    loss                 | -0.0452     |
|    n_updates            | 7300        |
|    policy_gradient_loss | -0.0422     |
|    std                  | 0.84        |
|    value_loss           | 0.129       |
-----------------------------------------
----------------------------------------
| rollout/                |            |
|    ep_len_mean          | 372        |
|    ep_rew_mean          | 132        |
| time/                   |            |
|    fps                  | 499        |
|    iterations           | 732        |
|    time_elapsed         | 2999       |
|    total_timesteps      | 1499136    |
| train/                  |            |
|    approx_kl            | 0.03412701 |
|    clip_fraction        | 0.326      |
|    clip_range           | 0.2        |
|    entropy_loss         | -6.19      |
|    explained_variance   | 0.33       |
|    learning_rate        | 0.0003     |
|    loss                 | -0.0267    |
|    n_updates            | 7310       |
|    policy_gradient_loss | -0.0393    |
|    std                  | 0.841      |
|    value_loss           | 0.123      |
----------------------------------------
-----------------------------------------
| rollout/                |             |
|    ep_len_mean          | 372         |
|    ep_rew_mean          | 132         |
| time/                   |             |
|    fps                  | 500         |
|    iterations           | 733         |
|    time_elapsed         | 3002        |
|    total_timesteps      | 1501184     |
| train/                  |             |
|    approx_kl            | 0.030933179 |
|    clip_fraction        | 0.285       |
|    clip_range           | 0.2         |
|    entropy_loss         | -6.19       |
|    explained_variance   | 0.617       |
|    learning_rate        | 0.0003      |
|    loss                 | -0.0913     |
|    n_updates            | 7320        |
|    policy_gradient_loss | -0.0432     |
|    std                  | 0.839       |
|    value_loss           | 0.0606      |
-----------------------------------------
close message sent
��������� � D:\AIfight\training\runs\gladiator_team_v5
